#hash_448210df69276e85,28508155,#,#,true,,#,#,,#,?0
#hash_7c9ea10bdc0d55e1,22454441,#,#,false,,#,#,,#,?0
#hash_7c9e9e0bdc0d50c8,29254880,#,#,false,,#,#,,#,?0
#hash_72ec7fee89889144,33151723,#,#,false,,#,#,,#,?0
#hash_72ec82ee8988965d,26228275,#,#,false,,#,#,,#,?0
#hash_2f63915e359bde87,22828961,#,#,false,,#,#,,#,?0
#hash_2f63925e359be03a,29344671,#,#,false,,#,#,,#,?0
#hash_1a0bd84a72d2d98,27322600,#,#,false,,#,#,,#,?0
#hash_1a0c084a72d32b1,21899758,#,#,false,,#,#,,#,?0
#hash_3c2ea0af488a3385,19744258,#,#,false,,#,#,,#,?0
#hash_3c2e9daf488a2e6c,25789535,#,#,false,,#,#,,#,?0
#hash_3c2e9eaf488a301f,27240280,#,#,false,,#,#,,#,?0
#hash_3c2e9baf488a2b06,27948874,#,#,false,,#,#,,#,?0
#hash_332536cc7d0cecb4,18462993,#,#,false,,#,#,,#,?0
#hash_332539cc7d0cf1cd,30945992,#,#,false,,#,#,,#,?0
#hash_550452670ceb53a2,18971299,#,#,true,,#,#,,#,?0
#hash_2851ef30ed9b7ea5,25072340,#,#,true,,#,#,,#,?0
#hash_3fc240290081bae,19764948,#,#,true,,#,#,,#,?0
#hash_1ac7f3bca60c8d9a,30248837,#,#,true,,#,#,,#,?0
#hash_11ca7adde0ac1d45,28314192,#,#,true,,#,#,,#,?0
#hash_2a7a9c156e018e20,19138608,#,#,false,,#,#,,#,?0
#hash_14f634cf0f7906a7,24967031,#,#,true,,#,#,,#,?0
#hash_6796cd944ee917c,32830271,#,#,true,,#,#,,#,?0
#hash_47fb5226cd25261c,20314597,#,#,true,,#,#,,#,?0
#hash_6f6bdb45794f17fb,31535973,#,#,true,,#,#,,#,?0
#hash_34d50a1998510554,23538720,#,#,true,,#,#,,#,?0
#hash_46d5cc68d97f1f10,24222086,#,#,true,,#,#,,#,?0
#hash_46d5d168d97f278f,19571842,#,#,true,,#,#,,#,?0
#hash_46dfde68d987922b,17882972,#,#,true,,#,#,,#,?0
#hash_46dfe168d9879744,26525461,#,#,true,,#,#,,#,?0
#hash_4969b5cb4688434c,32688021,#,#,true,,#,#,,#,?0
#hash_26abd8e21fa00e4,22711984,#,#,true,,#,#,,#,?0
#hash_9f609d8acb27623,18881964,#,#,true,,#,#,,#,?0
#hash_627e9acb1c7d8dcf,26897242,#,#,true,,#,#,,#,?0
#hash_121ae091e7830544,31280783,#,#,true,,#,#,,#,?0
#hash_23feeaa79707b45f,29759428,#,#,true,,#,#,,#,?0
#hash_7399fec8a449b443,30499774,#,#,true,,#,#,,#,?0
#hash_4390195fdd9cc88e,23262678,#,#,false,,#,#,,#,?0
#hash_55c9bd116da791f9,27977920,#,#,false,,#,#,,#,?0
#hash_3ebe6b65c8dd92c6,23880715,#,#,false,,#,#,,#,?0
#hash_7366a283462037cd,31576741,#,#,false,,#,#,,#,?0
#hash_6762f1a2c1157bb1,18009552,#,#,false,,#,#,,#,?0
#hash_111664cb810b2a21,24935312,#,#,false,,#,#,,#,?0
#hash_2502b3f2e9bdfd24,22798842,#,#,false,,#,#,,#,?0
#hash_15c2cb0bbc896e78,19441479,#,#,false,,#,#,,#,?0
#hash_18ecbefb038890c3,24031503,#,#,false,,#,#,,#,?0
#hash_32d680d9525736d6,27701149,#,#,false,,#,#,,#,?0
#hash_3ce6891fee76118f,28240003,#,#,false,,#,#,,#,?0
#hash_7512ff73fc991f54,28088480,#,#,false,,#,#,,#,?0
#hash_63b01ed7e6d71d14,22520011,#,#,false,,#,#,,#,?0
#hash_46d6b74fd5777d7b,23218687,#,#,false,,#,#,,#,?0
#hash_277226100725230d,19191606,#,#,false,,#,#,,#,?0
#hash_683b937661c5be29,17964045,#,#,false,,#,#,,#,?0
#hash_1de4bab32949edba,20780365,#,#,false,,#,#,,#,?0
#hash_796e60daa32b366d,23212523,#,#,false,,#,#,,#,?0
#hash_7c7376b816add0ed,24913278,#,#,false,,#,#,,#,?0
#hash_28017894cfb67170,22516845,#,#,false,,#,#,,#,?0
#hash_1ff6da93e59baf5c,21742498,#,#,false,,#,#,,#,?0
#hash_1a341c1e5728af8c,32022100,#,#,false,,#,#,,#,?0
#hash_28733346786442cd,21479333,#,#,true,,#,#,,#,?0
#hash_6548e7b3d6a535a1,26355014,#,#,true,,#,#,,#,?0
#hash_57d8316164dd7c04,30652751,#,#,true,,#,#,,#,?0
#hash_3c0d6bb6c588088,27226908,#,#,true,,#,#,,#,?0
#hash_578ce8de452eff1c,19552684,#,#,true,,#,#,,#,?0
#hash_39104754834df571,29311806,#,#,true,,#,#,,#,?0
#hash_831e4e6fabbe00a,21759315,#,#,true,,#,#,,#,?0
#hash_69f0e6c4ce7ae362,33273078,#,#,true,,#,#,,#,?0
#hash_776259174043dc73,32013600,#,#,true,,#,#,,#,?0
#hash_7eeb1a50ac317ae7,22762175,#,#,true,,#,#,,#,?0
#hash_5f91d1dbe3c5014f,22759118,#,#,true,,#,#,,#,?0
#hash_616e5e8f17644e,27317977,#,#,true,,#,#,,#,?0
#hash_43649b8baa19d73f,19680985,#,#,true,,#,#,,#,?0
#hash_36072d15b760ee67,21413177,#,#,true,,#,#,,#,?0
#hash_5413a998605a5356,31290711,#,#,true,,#,#,,#,?0
#hash_5a6081cc988b10ea,19258938,#,#,true,,#,#,,#,?0
#hash_3b24a133eb9d2b42,30000531,#,#,true,,#,#,,#,?0
#hash_489613865d662453,31782313,#,#,true,,#,#,,#,?0
#hash_e236c8dc7bb8294,19953399,#,#,true,,#,#,,#,?0
#hash_bdcfda6c4edb2e8,24854914,#,#,true,,#,#,,#,?0
#hash_561fe5662ea55e3d,25116908,#,#,true,,#,#,,#,?0
#hash_7d1614d6463f9f49,33209051,#,#,true,,#,#,,#,?0
#hash_41f7630067eaa5dd,19030257,#,#,true,,#,#,,#,?0
#hash_c0d235f44a526d0,22189014,#,#,true,,#,#,,#,?0
#hash_692ab5a379fb4189,27986625,#,#,true,,#,#,,#,?0
#hash_2b25de9acd637e1d,18669455,#,#,true,,#,#,,#,?0
#hash_1eb59efe921af710,28147087,#,#,true,,#,#,,#,?0
#hash_697d6c8d7f19da04,27561955,#,#,true,,#,#,,#,?0
#hash_622116e6c76ea4f8,30586286,#,#,true,,#,#,,#,?0
#hash_191b1d9e7d3be2ad,23019610,#,#,true,,#,#,,#,?0
#hash_6439c7bd2451d956,32001450,#,#,true,,#,#,,#,?0
#hash_3a649b86c89158e,17869741,#,#,true,,#,#,,#,?0
#hash_db62558548d341f,24564718,#,#,true,,#,#,,#,?0
#hash_5b52d2401ced51e3,20661477,#,#,true,,#,#,,#,?0
#hash_365f60cd06d166eb,31641418,#,#,true,,#,#,,#,?0
#hash_7ef5850e381d0c6a,23562609,#,#,true,,#,#,,#,?0
#hash_1f391d395ac084f5,21837766,#,#,false,,#,#,,#,?0
#hash_1f391a395ac07fdc,31261751,#,#,false,,#,#,,#,?0
#hash_1f391b395ac0818f,21175524,#,#,false,,#,#,,#,?0
#hash_1f3918395ac07c76,19413288,#,#,false,,#,#,,#,?0
#hash_1f3919395ac07e29,27121748,#,#,false,,#,#,,#,?0
#hash_1f3916395ac07910,27293684,#,#,false,,#,#,,#,?0
#hash_1f3917395ac07ac3,22362792,#,#,false,,#,#,,#,?0
#hash_1f3924395ac090da,23774301,#,#,false,,#,#,,#,?0
#hash_1f3925395ac0928d,29941161,#,#,false,,#,#,,#,?0
#hash_c06eb9969faaa78,23703918,#,#,false,,#,#,,#,?0
#hash_5d5a6da816933d87,21698187,#,#,false,,#,#,,#,?0
#hash_5d5a6ea816933f3a,31068182,#,#,false,,#,#,,#,?0
#hash_5d5a6fa8169340ed,29953838,#,#,false,,#,#,,#,?0
#hash_5d5a68a816933508,29602690,#,#,false,,#,#,,#,?0
#hash_50b858adda01759e,21077187,#,#,false,,#,#,,#,?0
#hash_2e3ef5ed6eeae881,21608358,#,#,false,,#,#,,#,?0
#firstparty_bundle_5605_wsow_pack,25085671,#,#,false,,#,#,,#,?0
#hash_14b447996aabb171,20944923,#,#,false,,#,#,,#,?0
#hash_7756c348598be3a1,30583720,#,#,false,,#,#,,#,?0
#hash_7756c048598bde88,30123084,#,#,false,,#,#,,#,?0
#hash_7756c148598be03b,27482497,#,#,false,,#,#,,#,?0
#hash_7756c648598be8ba,20014911,#,#,false,,#,#,,#,?0
#hash_7756c748598bea6d,31886257,#,#,false,,#,#,,#,?0
#hash_1a83003df438768e,25067321,#,#,false,,#,#,,#,?0
#hash_55d7813bb63b5b6b,23898647,#,#,false,,#,#,,#,?0
#hash_60836776e7a62d36,26883039,#,#,false,,#,#,,#,?0
#hash_60836676e7a62b83,22224451,#,#,false,,#,#,,#,?0
#hash_482286a0cdc0c63f,24260062,#,#,false,,#,#,,#,?0
#hash_656a2f924b4350db,25868701,#,#,false,,#,#,,#,?0
#hash_26db3e3134f6ff6e,26416633,#,#,false,,#,#,,#,?0
#hash_5e05df241caf1b01,24570431,#,#,false,,#,#,,#,?0
#hash_5e05dc241caf15e8,29888706,#,#,false,,#,#,,#,?0
#hash_14a7ae997ae63122,29751180,#,#,false,,#,#,,#,?0
#hash_760e6d653c2bbabd,18101870,#,#,false,,#,#,,#,?0
#hash_4b28a68c5276f19c,24999406,#,#,false,,#,#,,#,?0
#hash_4b28a98c5276f6b5,30870423,#,#,false,,#,#,,#,?0
#hash_52188de1d9391969,21660782,#,#,false,,#,#,,#,?0
#hash_644644b1c78c1765,27983696,#,#,false,,#,#,,#,?0
#hash_526cc44510290258,32549299,#,#,false,,#,#,,#,?0
#hash_526cc74510290771,28891257,#,#,false,,#,#,,#,?0
#hash_526cc645102905be,23879455,#,#,false,,#,#,,#,?0
#hash_526cc94510290ad7,18072376,#,#,false,,#,#,,#,?0
#hash_526cc84510290924,23083187,#,#,false,,#,#,,#,?0
#hash_526ccb4510290e3d,28990691,#,#,false,,#,#,,#,?0
#hash_526cca4510290c8a,29273733,#,#,false,,#,#,,#,?0
#hash_7b15cd8e053e8b6e,24636220,#,#,false,,#,#,,#,?0
#hash_76b81d070fdf3203,26531902,#,#,true,,#,#,,#,?0
#hash_75871f2f36fcbd98,32603417,#,#,false,,#,#,,#,?0
#hash_4ff8472b952ae0dc,23257428,#,#,false,,#,#,,#,?0
#hash_1a95a6d20b16eddf,24193034,#,#,false,,#,#,,#,?0
#hash_344a6163eb7dc9a3,31777090,#,#,false,,#,#,,#,?0
#hash_344a6263eb7dcb56,28923497,#,#,false,,#,#,,#,?0
#hash_344a6363eb7dcd09,27765606,#,#,false,,#,#,,#,?0
#hash_13f304196878b17,25208282,#,#,false,,#,#,,#,?0
#hash_3bd455d7cb9704ed,33189102,#,#,false,,#,#,,#,?0
#hash_3bd452d7cb96ffd4,26986569,#,#,false,,#,#,,#,?0
#hash_3bd453d7cb970187,18350811,#,#,false,,#,#,,#,?0
#hash_3bd450d7cb96fc6e,28152139,#,#,false,,#,#,,#,?0
#hash_3bd451d7cb96fe21,29291575,#,#,false,,#,#,,#,?0
#hash_3bd44ed7cb96f908,26486320,#,#,false,,#,#,,#,?0
#hash_a4693f68d1f8c31,23794071,#,#,false,,#,#,,#,?0
#hash_a4690f68d1f8718,26303180,#,#,false,,#,#,,#,?0
#hash_a4691f68d1f88cb,18763452,#,#,false,,#,#,,#,?0
#hash_a4696f68d1f914a,27707018,#,#,false,,#,#,,#,?0
#hash_a4697f68d1f92fd,28728839,#,#,false,,#,#,,#,?0
#hash_a4694f68d1f8de4,25859411,#,#,false,,#,#,,#,?0
#hash_55237ce34e00b686,28465354,#,#,false,,#,#,,#,?0
#hash_1a710f9f128bf663,19609531,#,#,false,,#,#,,#,?0
#hash_366f5d682f197197,23089311,#,#,false,,#,#,,#,?0
#hash_5db432339dcc0d54,30691167,#,#,false,,#,#,,#,?0
#hash_408d47e57d0bd30c,31584185,#,#,false,,#,#,,#,?0
#hash_85537372eb63ddb,23439272,#,#,false,,#,#,,#,?0
#hash_6f94e2d4365856f8,24806818,#,#,false,,#,#,,#,?0
#hash_a22eb85266f1f59,27555464,#,#,false,,#,#,,#,?0
#hash_12bf6690ea92894,18488426,#,#,false,,#,#,,#,?0
#hash_2948b0cf9b96639f,32588264,#,#,false,,#,#,,#,?0
#hash_590b06d994289d6a,19775580,#,#,false,,#,#,,#,?0
#hash_590b05d994289bb7,32609052,#,#,false,,#,#,,#,?0
#hash_590b04d994289a04,23881308,#,#,false,,#,#,,#,?0
#hash_590b03d994289851,24885944,#,#,false,,#,#,,#,?0
#hash_590b02d99428969e,20545539,#,#,false,,#,#,,#,?0
#hash_6e4aa9ca2734e386,27608206,#,#,false,,#,#,,#,?0
#hash_5e4e244d22098b63,29958082,#,#,false,,#,#,,#,?0
#hash_6e85fe38bf425e66,32179075,#,#,false,,#,#,,#,?0
#hash_7621a2cc57d4fc7c,18350567,#,#,false,,#,#,,#,?0
#hash_8d8e6d3848ba13f,24787823,#,#,false,,#,#,,#,?0
#hash_732a230799c24061,18382033,#,#,false,,#,#,,#,?0
#hash_5aa8dfe5593e5760,25050266,#,#,false,,#,#,,#,?0
#hash_554413655a74eaab,22433752,#,#,false,,#,#,,#,?0
#hash_39a0e773bc1f2b5a,19736316,#,#,false,,#,#,,#,?0
#hash_3e61aa40ac154737,29216359,#,#,false,,#,#,,#,?0
#hash_671d68e18f4810a2,27013426,#,#,false,,#,#,,#,?0
#hash_541291c2643f27c,31100556,#,#,false,,#,#,,#,?0
#hash_2ba919d5a378d1fd,24794485,#,#,false,,#,#,,#,?0
#hash_17053e97f44f8d10,23956000,#,#,false,,#,#,,#,?0
#hash_21f2251e2639c499,26657016,#,#,false,,#,#,,#,?0
#hash_2a5949c49e7f3bd,25543219,#,#,false,,#,#,,#,?0
#hash_1b7fd6aedec5af4c,27569667,#,#,false,,#,#,,#,?0
#hash_70c2dd9ea33c2f06,29215987,#,#,false,,#,#,,#,?0
#hash_569ba65ddfc5fce6,30196117,#,#,false,,#,#,,#,?0
#hash_50a67cd78b87d489,21135473,#,#,false,,#,#,,#,?0
#hash_3418e9b240eaeecf,22537557,#,#,false,,#,#,,#,?0
#hash_76ccc2c7e6514eed,19009660,#,#,false,,#,#,,#,?0
#hash_76ccbfc7e65149d4,29948672,#,#,false,,#,#,,#,?0
#hash_83230e9461a00af,20825042,#,#,false,,#,#,,#,?0
#hash_4b5a1ce3f1e6ae63,24173215,#,#,false,,#,#,,#,?0
#hash_4bc110857767cb9,18304823,#,#,false,,#,#,,#,?0
#hash_5c4c4294a3a49b2e,27994849,#,#,false,,#,#,,#,?0
#hash_5c5fa773f66005e5,21477295,#,#,true,,#,#,,#,?0
#hash_1e40f2b7a2f583f7,24259850,#,#,false,,#,#,,#,?0
#hash_1e6cf2b7a31abee2,26687524,#,#,false,,#,#,,#,?0
#hash_1e62e8b7a312595f,18481087,#,#,false,,#,#,,#,?0
#hash_474ec48dac8b7308,22098795,#,#,false,,#,#,,#,?0
#hash_51f065aa6043e98e,28561570,#,#,true,,#,#,,#,?0
#hash_9eaa104825a255,23823098,#,#,true,,#,#,,#,?0
#hash_6be84bfecff46a5f,27101009,#,#,true,,#,#,,#,?0
#hash_635fd85787d6b1d5,17851673,#,#,true,,#,#,,#,?0
#hash_54e48a9d090e8660,23717641,#,#,false,,#,#,,#,?0
#hash_54e48d9d090e8b79,18616182,#,#,false,,#,#,,#,?0
#hash_54e48c9d090e89c6,33101544,#,#,false,,#,#,,#,?0
#hash_400a4bac304d3350,18901933,#,#,false,,#,#,,#,?0
#hash_40145dac3055a66b,26890224,#,#,false,,#,#,,#,?0
#hash_4010d7ac30528ce2,18739854,#,#,false,,#,#,,#,?0
#hash_22c404d927d3eaab,25006009,#,#,false,,#,#,,#,?0
#hash_184e93c7ad676650,18324289,#,#,false,,#,#,,#,?0
#hash_184e96c7ad676b69,29453716,#,#,false,,#,#,,#,?0
#hash_184e95c7ad6769b6,22599419,#,#,false,,#,#,,#,?0
#hash_184e98c7ad676ecf,27280284,#,#,false,,#,#,,#,?0
#hash_184e97c7ad676d1c,23003377,#,#,false,,#,#,,#,?0
#hash_184e9ac7ad677235,26822422,#,#,false,,#,#,,#,?0
#hash_184e99c7ad677082,31543028,#,#,false,,#,#,,#,?0
#hash_184e9cc7ad67759b,32785678,#,#,false,,#,#,,#,?0
#hash_184e9bc7ad6773e8,18898952,#,#,false,,#,#,,#,?0
#hash_1b4d13977254f372,18662565,#,#,true,,#,#,,#,?0
#hash_5ffd8386b9e99671,23556098,#,#,true,,#,#,,#,?0
#hash_2e9eb2821cfd26ba,25085774,#,#,true,,#,#,,#,?0
#hash_3ceed3b2d3956e4d,20268665,#,#,false,,#,#,,#,?0
#hash_7b70ad79c132cd07,31039501,#,#,false,,#,#,,#,?0
#hash_4551894902e600df,31273556,#,#,false,,#,#,,#,?0
#hash_41a48e9af159c298,33378742,#,#,false,,#,#,,#,?0
#hash_180925a825791f1e,33295040,#hash_50ddc2c34399c336,#durango,false,33462660,#hash_a246ef1f1cdf2a6,#cdl_team_pack_01_empire,,#,?0
#hash_33c2a095f255c94a,20521617,#hash_1962c15dabe4837e,#durango,false,30361361,#hash_4bdb8b03f8d700a2,#cdl_team_pack_01_faze,,#,?0
#hash_2007de6d6aa026e4,20735343,#hash_d00c25214021e6,#durango,false,23733782,#hash_592d78c75b8f5856,#cdl_team_pack_01_guerrillas,,#,?0
#hash_7311cc55d42f15c8,23132804,#hash_42c2cf6e453dcc4d,#durango,false,27987265,#hash_71c53b81901b960f,#cdl_team_pack_01_legion,,#,?0
#hash_7949a468e6bb58d4,22842164,#hash_1fc253322e4896f2,#durango,false,24938665,#hash_5ec5e43239fdcb07,#cdl_team_pack_01_mutineers,,#,?0
#hash_4ab650a55280f8cb,31654965,#hash_3bbbdc61d9538465,#durango,false,25229374,#hash_7d2e019a81714e12,#cdl_team_pack_01_optic,,#,?0
#hash_3286a01e2a11aa6f,20945801,#hash_7417e89566bde97f,#durango,false,29128881,#hash_30e6965982578564,#cdl_team_pack_01_ravens,,#,?0
#hash_4a176de61d7b82f,24771322,#hash_630ec627687be160,#durango,false,22839968,#hash_289cb39799f31dba,#cdl_team_pack_01_rokkr,,#,?0
#hash_a75074331eca635,21554061,#hash_110c412325da78f4,#durango,false,20798259,#hash_15bddd746a3a1fea,#cdl_team_pack_01_subliners,,#,?0
#hash_623c94de93d1613a,20918373,#hash_cf2776a204f31f1,#durango,false,28895707,#hash_7d3ba4fee17b5a87,#cdl_team_pack_01_surge,,#,?0
#hash_54429da8c22882b8,18605408,#hash_4d3f6841dfab8783,#durango,false,31587997,#hash_2d0bb9e01eeb5d9,#cdl_team_pack_01_thieves,,#,?0
#hash_7e08bd76dd870f4e,24760309,#hash_24f05bdad51c7546,#durango,false,25006984,#hash_78de8b71bd8d35df,#cdl_team_pack_01_ultra,,#,?0
#hash_397bf3f9ce99bef9,22209886,#hash_18f9523ae2a78b1d,#durango,false,21305007,#hash_2f66cea3e2e561a6,#firstparty_bundle_3304_cdl_stage_pack,,#,?0
#hash_5ef1e0d463875bbb,32414650,#hash_60ba6395d2ccfafa,#durango,false,20373818,#hash_4b9162a62f456896,#firstparty_bundle_3306_cdl_team_supporter,,#,?0
#hash_5361effa8ed5a226,25527001,#hash_5684dab28b8aba79,#durango,false,20529411,#hash_4a1fc50de06231c6,#firstparty_bundle_3307_code_medic_pack,,#,?0
#hash_29369f713f5d11ae,21450020,#hash_92e50b53e58c24c,#durango,false,27043159,#hash_729fa5458a8232ac,#firstparty_bundle_4062_portnova_pro_pack,,#,?0
#hash_15d6b7b548224ce1,28666973,#hash_7856ae81e4914d4c,#durango,false,19860410,#hash_4f3d54f5896ce14f,#firstparty_bundle_5101_elite_pro_pack,,#,?0
#hash_3a917a312f579a08,19336304,#hash_54704f44396ec1b7,#durango,false,30947726,#hash_51ffd344385a374b,#firstparty_bundle_5602_cdl_champs,,#,?0
#hash_245976b29142b10b,20237967,#hash_bf6f2e466c299cf,#durango,false,26313837,#hash_709c8469fca9cafd,#firstparty_bundle_5605_wsow_pack,,#,?0
#hash_48a8f92c815fd483,28272565,#hash_201d6ee45337bb8,#durango,false,23959602,#hash_6d7e1a94d1c88327,#firstparty_bundle_6022_breach_pro_pack,,#,?0
#hash_41b816ab723ee54a,27379554,#hash_2d8be3763c724410,#durango,false,32248689,#hash_2fffd909cc68251b,#firstparty_bundle_6501_ultimate_pro_pack,,#,?0
#hash_27e110826f841cea,32505593,#hash_466cd737722135bb,#durango,false,25442129,#hash_71721a5e5bc7d655,#,,#,?0
#hash_3bf2868f2b4e3803,27382050,#hash_59c6bcf26f9e8533,#durango,false,28153244,#hash_7f5c343f338f2042,#,,#,?0
#hash_61a7812b8ae60d73,31057508,#hash_5e2f25a77bfab5d3,#durango,false,17988485,#hash_5b0172bd5134b2f,#cdl_launch_pack,,#,?0
#hash_171a27546e612011,25440523,#hash_796a146562715060,#durango,false,,#,#,,#,?0
#hash_58a41c45c2598fe8,32976733,#hash_3f5c6328df1ada68,#durango,false,,#,#,,#,?0
#hash_2cb71617cdfe5e57,21006345,#hash_24aab4c892a68656,#durango,false,,#,#,,#,?0
#hash_6fcd6179db602a1d,20503246,#hash_5bfd2a0c1607fdf6,#durango,false,,#,#,,#,?0
#hash_17e06c65edf717f2,24721300,#hash_47e0c4033608bd5f,#durango,false,,#,#,,#,?0
#hash_1bb5eeccbe1106e3,22556658,#hash_38379adf5ee851d9,#durango,false,19290436,#hash_20514baa030dae28,#s1_starterpack,,#,?0
#hash_5cc02da19ce55c75,18987408,#hash_2226618e723421b3,#durango,false,,#,#,,#,?0
#hash_3032969fe26c544b,29410927,#hash_36f0affbf8da91c5,#durango,false,,#,#,,#,?0
#hash_7eeb6ae1e17a6c40,31148804,#hash_6aa7dfdca3000750,#durango,false,,#,#,,#,?0
#hash_457b22387f2537ff,21307791,#hash_592a42d179ad0837,#durango,false,,#,#,,#,?0
#hash_10e29df128dfed56,33163528,#hash_237a0c7d797c513d,#durango,false,21740058,#hash_702a65f3c72c09a5,#firstparty_bundle_5007_chem_pro_pack,,#,?0
#hash_900cd4885ffbd5,28580750,#hash_14551240b0c66556,#durango,false,32048487,#hash_a12548c330fc09c,#pro_pack_s02,,#,?0
#hash_57238a61582c9363,20147972,#,#durango,false,,#,#upsell_2021_base,,#,?0
#hash_582c740586d8c84a,23672263,#,#durango,false,,#,#upsell_2021_crossgen,,#,?0
#hash_51701a872220852e,31955144,#hash_3f53335d77fcfa4e,#durango,false,19552277,#hash_12a1620347510e59,#,,#,?0
#hash_331692d237072193,30855416,#hash_6b0a5b872cdff354,#durango,false,24012775,#hash_78aa822db6b4737e,#,,#,?0
#hash_6025f58a002f03,25409488,#hash_2d80629a8fa97149,#durango,false,29735568,#hash_3f4405f9e354e5b5,#,,#,?0
#hash_a49fff3480f5b17,28747477,#hash_6e8994175f95740,#durango,false,25468176,#hash_66367cadff36fd6,#,,#,?0
#hash_1155d264b629b8bd,27344708,#,#durango,false,,#,#upsell_2021_ult_igs,,#,?0
#hash_f2f7040f9a4e223,28813592,#hash_3da8def082f7feda,#durango,true,,#,#upsell_2022_crossgen,,#,?0
#hash_5d9353f2cbedc5d3,31148282,#hash_56a50411818c88c1,#durango,true,,#,#upsell_2022_vault_igs,,#,?0
#hash_13f1ecc1a14a1519,30893857,#hash_51f65b0947e705cf,#durango,true,,#,#,,#,?0
#hash_669e45e64807ce2e,33041793,#hash_7f446519515c65c7,#durango,false,32474456,#hash_49207e216ea8fd52,#codepack,,#,?0
#hash_3c103aa6e3b4de63,20040452,#hash_38591af2d01b0aca,#durango,true,,#,#,,#,?0
#hash_1a0354a6361d444b,23413065,#hash_11a425737a3c5026,#durango,true,,#,#,,#,?0
#hash_390eb3301b7490d9,24300376,#hash_5c982942cf1eb4c6,#durango,true,,#,#,,#,?0
#hash_56a9cbef64c578b0,18763923,#hash_58db1eb06276108e,#durango,true,,#,#,,#,?0
#hash_b310fbebab1c9d7,26441895,#hash_40ec72afe7b1d014,#durango,true,,#,#,,#,?0
#hash_4224ee3020b8f4a4,21111616,#hash_32b0032b3888706f,#durango,true,,#,#,,#,?0
#hash_1db54fc79a47977c,32806735,#hash_255175edbd9be46,#durango,true,,#,#,,#,?0
#hash_74e9e664e36000e7,21458862,#hash_790a6c575bc3e423,#durango,true,,#,#,,#,?0
#hash_186127a825c3985a,26864110,#hash_64de873c0ea166f4,#orbis,false,,#,#cdl_team_pack_01_empire,,#,?0
#hash_33c99295f25bd02e,26968908,#hash_64de853c0ea1638e,#orbis,false,,#,#cdl_team_pack_01_faze,,#,?0
#hash_2052cc6d6adff3c8,18549853,#hash_64de8a3c0ea16c0d,#orbis,false,,#,#cdl_team_pack_01_guerrillas,,#,?0
#hash_7341ca55d4583624,32413273,#hash_64e1883c0ea39e7e,#orbis,false,,#,#cdl_team_pack_01_legion,,#,?0
#hash_79279268e69e53d8,29751189,#hash_64de883c0ea168a7,#orbis,false,,#,#cdl_team_pack_01_mutineers,,#,?0
#hash_4a5146a5522be79b,25515147,#hash_64de863c0ea16541,#orbis,false,,#,#cdl_team_pack_01_optic,,#,?0
#hash_32dea61e2a5c2a77,29438980,#hash_64de893c0ea16a5a,#orbis,false,,#,#cdl_team_pack_01_ravens,,#,?0
#hash_4fa7cde6223eb37,22975174,#hash_64de7b3c0ea15290,#orbis,false,,#,#cdl_team_pack_01_rokkr,,#,?0
#hash_a89114331fd603d,27989195,#hash_64de7c3c0ea15443,#orbis,false,,#,#cdl_team_pack_01_subliners,,#,?0
#hash_61d686de937a963e,19650075,#hash_64e1873c0ea39ccb,#orbis,false,,#,#cdl_team_pack_01_surge,,#,?0
#hash_54059ba8c1f4d134,21701029,#hash_64e1893c0ea3a031,#orbis,false,,#,#cdl_team_pack_01_thieves,,#,?0
#hash_7df3bf76dd74b6aa,28206738,#hash_64e1863c0ea39b18,#orbis,false,,#,#cdl_team_pack_01_ultra,,#,?0
#hash_3974fdf9ce93b149,21476986,#hash_64e18d3c0ea3a6fd,#orbis,false,,#,#firstparty_bundle_3304_cdl_stage_pack,,#,?0
#hash_5ef8d6d4638d696b,23992613,#hash_64e18c3c0ea3a54a,#orbis,false,,#,#firstparty_bundle_3306_cdl_team_supporter,,#,?0
#hash_538401fa8ef2a722,26691145,#hash_1f6d473be741a4a7,#orbis,false,,#,#firstparty_bundle_3307_code_medic_pack,,#,?0
#hash_2922a1713f4c6c0a,26907829,#hash_4d9c49b337c9ba15,#orbis,false,,#,#firstparty_bundle_4062_portnova_pro_pack,,#,?0
#hash_1599b1b547ee9491,26008355,#hash_4d9c42b337c9ae30,#orbis,false,,#,#firstparty_bundle_5101_elite_pro_pack,,#,?0
#hash_3ac078312f7f0764,32115749,#hash_64e18a3c0ea3a1e4,#orbis,false,,#,#firstparty_bundle_5602_cdl_champs,,#,?0
#hash_23f36cb290ebecdb,26348888,#hash_64e1813c0ea39299,#orbis,false,,#,#firstparty_bundle_5605_wsow_pack,,#,?0
#hash_4878ff2c8136baf3,21877702,#hash_4d9c44b337c9b196,#orbis,false,,#,#firstparty_bundle_6022_breach_pro_pack,,#,?0
#hash_41bf08ab7244ec2e,18792569,#hash_4d9c45b337c9b349,#orbis,false,,#,#firstparty_bundle_6501_ultimate_pro_pack,,#,?0
#hash_27e802826f8a23ce,26755139,#hash_76497bacbddaf5df,#orbis,false,,#,#,,#,?0
#hash_3bc28c8f2b251e73,31384911,#hash_763f09acbdd1dfa4,#orbis,false,,#,#,,#,?0
#hash_1097aff128a02072,32950725,#hash_4d9c43b337c9afe3,#orbis,false,,#,#firstparty_bundle_5007_chem_pro_pack,,#,?0
#hash_a416d48870b5dd,28480523,#hash_4d9c48b337c9b862,#orbis,false,,#,#pro_pack_s02,,#,?0
#hash_ca8b01d9270f554,22137963,#hash_1f6d483be741a65a,#orbis,false,27743131,#hash_2632741fa5c42eda,#codepack,,#,?0
#hash_6b86acddbe4b466d,27185532,#hash_3922f8ee147645c6,#orbis,true,,#,#,,#,?0
#hash_2b8cc1b9102112c5,19355708,#hash_4d0cc80203d5bad0,#orbis,true,,#,#,,#,?0
#hash_628acdd16a1094fb,20782781,#hash_1d887de52f9c1456,#orbis,true,,#,#,,#,?0
#hash_1cde41aee6f82862,17930926,#hash_43cc1c5803b33117,#orbis,true,,#,#,,#,?0
#hash_24a9b1d74d706a7d,20889291,#hash_54bd73f6f9507736,#orbis,true,,#,#,,#,?0
#hash_dda14d1829857f2,21809054,#hash_37180ee53df774d7,#orbis,true,,#,#,,#,?0
#hash_21e92200e8dd1ea6,31344684,#hash_414a840f71d907f5,#orbis,true,,#,#,,#,?0
#hash_91e01223411e769,29894508,#hash_46dbc5303d20eb1a,#orbis,true,,#,#,,#,?0
#hash_eae8f932d55106,29575293,#hash_64de843c0ea161db,#orbis,false,,#,#cdl_launch_pack,,#,?0
#hash_6032c0047c8dd9e5,27204149,#hash_59dabf0678cf4cca,#orbis,false,,#,#,,#,?0
#hash_6618ec3a94ea227d,23876792,#hash_59dab90678cf4298,#orbis,false,,#,#,,#,?0
#hash_2156360af4053aa4,24954836,#hash_224ce6cba368b1cd,#orbis,false,,#,#sony_s1_psplus_bundle,,#,?0
#sony_psplus_season_02,24754285,#hash_224ce3cba368acb4,#orbis,false,,#,#sony_psplus_season_02,,#,?0
#sony_psplus_season_03,20783552,#hash_224ce4cba368ae67,#orbis,false,,#,#sony_psplus_season_03,,#,?0
#sony_psplus_season_04,18340020,#hash_224ce1cba368a94e,#orbis,false,,#,#sony_psplus_season_04,,#,?0
#sony_psplus_season_05,19046454,#hash_224ce2cba368ab01,#orbis,false,,#,#sony_psplus_season_05,,#,?0
#sony_psplus_season_06,18926560,#hash_224cdfcba368a5e8,#orbis,false,,#,#sony_psplus_season_06,,#,?0
#hash_f83e7ea529104c,22462888,#hash_4d9c47b337c9b6af,#orbis,false,,#,#s1_starterpack,,#,?0
#hash_56f4906158052cd3,27742075,#,#orbis,false,,#,#upsell_2021_base,,#,?0
#hash_5833660586decf2e,29042378,#,#orbis,false,,#,#upsell_2021_crossgen,,#,?0
#hash_515c1c87220fdf8a,30205735,#hash_40135512d09d5562,#orbis,false,,#,#,,#,?0
#hash_335398d2373ad9e3,20997402,#hash_40134f12d09d4b30,#orbis,false,,#,#,,#,?0
#hash_302bf589d71573,31103869,#hash_40135612d09d5715,#orbis,false,,#,#,,#,?0
#hash_a6bf5f3482c307f,22215929,#hash_40135312d09d51fc,#orbis,false,,#,#,,#,?0
#hash_1133cc64b60cc825,25518844,#,#orbis,false,,#,#upsell_2021_ult_igs,,#,?0
#hash_eff7640f97bc893,27679025,#hash_29e1c1ba5ac0d036,#orbis,true,,#,#upsell_2022_crossgen,,#,?0
#hash_5dd059f2cc217e23,19325471,#hash_29e1cbba5ac0e134,#orbis,true,,#,#upsell_2022_vault_igs,,#,?0
#hash_13ebf6c1a145ba69,24018306,#hash_29e1c2ba5ac0d1e9,#orbis,true,,#,#,,#,?0
#hash_585dbc04b77654a8,23816285,#hash_5faa97f12f76d782,#pc,true,29025537,#hash_5faa98f12f76d935,#cdl_launch_pack,,#,?0
#hash_12d67a2390b37c6c,28772422,#hash_17b56dfca6e9dd86,#pc,true,18519304,#hash_345e54f116f1512e,#codepack,,#,?0
#hash_57cb5dad3583b023,21502652,#hash_45b143e60484b948,#pc,true,,#,#,,#,?0
#hash_1f533b593d14635,33131952,#83682,#pc,true,,#,#,,#,?0
#hash_e100a7ab918fcbd,33413406,#hash_eba46fca1bc636f,#pc,true,,#,#,,#,?0
#hash_5a744c61801016f3,27067150,#hash_eba42fca1bc5ca3,#pc,true,,#,#,,#,?0
#hash_43c426439f28529a,19194537,#hash_3222eac75aab278a,#pc,true,,#,#,,#,?0
#hash_665ab8acaef714c5,20276610,#hash_eba41fca1bc5af0,#pc,true,,#,#,,#,?0
#hash_5c3b3619898104a,23808019,#hash_17b56efca6e9df39,#pc,true,,#,#,,#,?0
#hash_639a48d64a63ff4e,20820903,#hash_eba44fca1bc6009,#pc,true,,#,#,,#,?0
#hash_743c87736b26d741,30641472,#hash_eba43fca1bc5e56,#pc,true,,#,#,,#,?0
#hash_593d7db43c2c2ec5,26551938,#hash_6805e6e617dfe0c1,#pc,false,,#,#,,#,?0
#hash_6a48dc62c33870fe,30838935,#hash_6808e8e617e219fe,#pc,true,,#,#,,#,?0
#hash_576d66f3dc247776,22989347,#hash_3472d3f11702d205,#pc,false,28726044,#hash_5fada2f12f79200a,#s1_starterpack,,#,?0
#hash_78bb13c67e2760e5,30784937,#hash_45b144e60484bafb,#pc,false,,#,#,,#,?0
#hash_1203f5663107b45c,20920345,#hash_6808e3e617e2117f,#pc,true,,#,#,,#,?0
#hash_9775ba6afbd8308,27846000,#hash_45b833e6048abcc6,#pc,false,,#,#,,#,?0
#hash_186435a825c5e5fb,19873800,#hash_1c66f20b1ca95f51,#pc,true,24540329,#hash_1c66f10b1ca95d9e,#cdl_team_pack_01_empire,,#,?0
#hash_33cda095f25fd0cf,18496760,#hash_1c66f60b1ca9661d,#pc,true,23784197,#hash_1c66f30b1ca96104,#cdl_team_pack_01_faze,,#,?0
#hash_2048c66d6ad79511,31098779,#hash_1c6a5d0b1cac4af9,#pc,true,33485042,#hash_1c6a5c0b1cac4946,#cdl_team_pack_01_guerrillas,,#,?0
#hash_7337e455d4500dcd,19575160,#hash_6127370b43728b71,#pc,true,27757808,#hash_6127360b437289be,#cdl_team_pack_01_legion,,#,?0
#hash_791dac68e6962b81,29934320,#hash_1c6a5b0b1cac4793,#pc,true,28617547,#hash_1c66ef0b1ca95a38,#cdl_team_pack_01_mutineers,,#,?0
#hash_4a5b60a55234684e,23839731,#hash_25621f0b21d6e39a,#pc,true,26381189,#hash_1c66f40b1ca962b7,#cdl_team_pack_01_optic,,#,?0
#hash_32e8a01e2a6474ca,26889271,#hash_1c6a5a0b1cac45e0,#pc,true,22920351,#hash_a85210b125fe894,#cdl_team_pack_01_ravens,,#,?0
#hash_50476de622c358a,22266330,#hash_a888b0b1262d289,#pc,true,24844749,#hash_1c6a5f0b1cac4e5f,#cdl_team_pack_01_rokkr,,#,?0
#hash_a85ef4331faf0a0,22923457,#hash_7a12c20b094efb41,#pc,true,17811488,#hash_7a04be0b0942b719,#cdl_team_pack_01_subliners,,#,?0
#hash_61d974de937cad7f,31951427,#hash_5a70fa1414f55a90,#pc,true,20631570,#hash_5a70fb1414f55c43,#cdl_team_pack_01_surge,,#,?0
#hash_53fa95a8c1eabf7d,29651893,#hash_7a2dc20b0965c2f9,#pc,true,19670767,#hash_a888f0b1262d955,#cdl_team_pack_01_thieves,,#,?0
#hash_7df7ad76dd7880eb,22033217,#hash_6335a71419f475e9,#pc,true,25080630,#hash_5a71011414f56675,#cdl_team_pack_01_ultra,,#,?0
#hash_3fab7179de62a4a3,23646229,#hash_23031a1e0ed92033,#pc,false,,#,#,,#,?0
#hash_5efa7eff643ef35,18176696,#hash_1f2eff45ececb6c,#pc,false,,#,#,,#,?0
#hash_39720bf9ce91933c,31977557,#hash_41463c9972ba1c75,#pc,false,26542418,#hash_414cae9972bf49d9,#firstparty_bundle_3304_cdl_stage_pack,,#,?0
#hash_5f02d0d46395b3be,20840911,#hash_41463b9972ba1ac2,#pc,false,17820053,#hash_4142be9972b71084,#firstparty_bundle_3306_cdl_team_supporter,,#,?0
#hash_5386dffa8ef4a333,33444223,#hash_41463e9972ba1fdb,#pc,false,23528313,#hash_41463d9972ba1e28,#firstparty_bundle_3307_code_medic_pack,,#,?0
#hash_29258f713f4e834b,21635790,#hash_72a569a4f6a0212f,#pc,false,31151014,#hash_72a568a4f6a01f7c,#firstparty_bundle_4062_portnova_pro_pack,,#,?0
#hash_1596cfb547ec91b4,28797025,#hash_1d8c09069f42a39b,#pc,false,24552758,#hash_1d8c06069f429e82,#firstparty_bundle_5101_elite_pro_pack,,#,?0
#hash_3ab692312f76df0d,20030121,#hash_1d8508069f3c833a,#pc,false,30880613,#hash_1d8509069f3c84ed,#firstparty_bundle_5602_cdl_champs,,#,?0
#hash_23fd86b290f46d8e,31108212,#hash_32cd87d6ded353eb,#pc,false,21137387,#hash_32cd86d6ded35238,#firstparty_bundle_5605_wsow_pack,,#,?0
#hash_4883092c813f2076,28662259,#hash_37f78a08b79cad0f,#pc,false,19260541,#hash_37f78908b79cab5c,#firstparty_bundle_6022_breach_pro_pack,,#,?0
#hash_41c316ab7248eccf,21853042,#hash_288bd30f3fa48b13,#pc,false,31307903,#hash_6cab360f1df13985,#firstparty_bundle_6501_ultimate_pro_pack,,#,?0
#hash_27eb10826f8c716f,26258416,#hash_20d0ab7b73d2ad86,#pc,false,18854592,#hash_29cbd67b79002e69,#,,#,?0
#hash_3bcc968f2b2d83f6,23956376,#hash_20d0ac7b73d2af39,#pc,false,26307927,#hash_29cbd57b79002cb6,#,,#,?0
#hash_109aadf128a252e3,19786527,#hash_32cd85d6ded35085,#pc,false,25134673,#hash_32cd84d6ded34ed2,#firstparty_bundle_5007_chem_pro_pack,,#,?0
#hash_a0f4d4886e4640,19027551,#hash_7cc53414284fcf9e,#pc,false,18713968,#hash_7cbe2e142849a6be,#pro_pack_s02,,#,?0
#hash_56fe9a61580d9256,19356889,#,#pc,false,,#,#upsell_2021_base,,#,?0
#hash_515f0a872211f6cb,25650999,#hash_1d9278069f47cbe6,#pc,false,30636620,#hash_1d9283069f47de97,#,,#,?0
#hash_335e82d23744bc06,20087682,#hash_5cdda142d88abde,#pc,false,30054331,#hash_1d84fa069f3c6b70,#,,#,?0
#hash_3a35f589df7af6,29843837,#hash_1d9988069f4e05c4,#pc,false,22305456,#hash_1d9282069f47dce4,#,,#,?0
#hash_a76fff348364902,24607561,#hash_5ded7142d9719f8,#pc,false,22700732,#hash_5dedd142d97242a,#,,#,?0
#hash_3ca8930d8eee375f,29735368,#hash_5ca56142d8595bb,#pc,false,18089416,#hash_5ca58142d859921,#,,#,?0
#hash_1130ba64b60a73b8,18116852,#,#pc,false,,#,#upsell_2021_ult_igs,,#,?0
#hash_399f8bd8842cfb31,23933445,#hash_5ca57142d85976e,#pc,false,26482814,#hash_5d4c6142d8ea890,#,,#,?0
#hash_45bf21383065244f,27462383,#,#pc,true,,#,#upsell_2022_standard,,#,?0
#hash_5dda43f2cc29ad46,22700493,#,#pc,true,,#,#upsell_2022_vault_igs,,#,?0
#upsell_2022_vault_igs_pc_upgrade,20536837,#,#pc,false,,#,#upsell_2022_vault_igs_pc_upgrade,,#,?0
#hash_4290ffedf1742dee,21902325,#hash_2511a8186437cfc6,#steam,false,,#,#firstparty_bundle_3307_code_medic_pack,1985810,#,?0
#hash_46c536bc7c9af726,22528109,#hash_2511ad186437d845,#steam,false,,#,#firstparty_bundle_4062_portnova_pro_pack,1985810,#,?0
#hash_242b78e857708b23,21214621,#hash_2511ac186437d692,#steam,false,,#,#firstparty_bundle_5101_elite_pro_pack,1985810,#,?0
#hash_111ae1995bd08701,26546883,#hash_2511aa186437d32c,#steam,false,,#,#firstparty_bundle_6022_breach_pro_pack,1985810,#,?0
#hash_216f75b0475e122a,19370707,#hash_2511b1186437df11,#steam,false,,#,#firstparty_bundle_6501_ultimate_pro_pack,1985810,#,?0
#hash_10b718bf7b7755e,32341424,#hash_2511ab186437d4df,#steam,false,,#,#firstparty_bundle_5007_chem_pro_pack,1985810,#,?0
#hash_7640d875789b0ddf,31621001,#hash_2511a6186437cc60,#steam,false,,#,#pro_pack_s02,1985810,#,?0
#hash_1c8d873b35092f63,22969036,#hash_2511a9186437d179,#steam,false,,#,#codepack,1985810,#,?0
#hash_3213449bf8a19922,19189324,#hash_438bcc04c18db692,#steam,false,,#,#,1985810,#,?0
#hash_3e104681a17668a8,28530884,#,#steam,true,,#,#,1985810,#hash_3e104681a17668a8,?0
#hash_55f7de574242af6a,26812019,#,#steam,true,,#,#,1985810,#hash_55f7de574242af6a,?0
#hash_6fef72add8743510,32380320,#,#steam,true,,#,#,1985810,#hash_6fef72add8743510,?0
#hash_725c71b59f2e0361,29790909,#,#steam,true,,#,#,1985810,#hash_725c71b59f2e0361,?0
#hash_4abaa966e115d34c,23249776,#,#steam,true,,#,#,1985810,#hash_4abaa966e115d34c,?0
#hash_2d6b2fadfb84bf9d,23239060,#,#steam,true,,#,#,1985810,#hash_2d6b2fadfb84bf9d,?0
#hash_31e1b1a26291b2f7,21448370,#,#steam,true,,#,#,1985810,#hash_31e1b1a26291b2f7,?0
#hash_35bfd2c32c67cb3c,33507109,#,#steam,true,,#,#,1985810,#hash_35bfd2c32c67cb3c,?0
#hash_4f41f57c3c600cc3,18636494,#hash_2511a7186437ce13,#steam,false,,#,#s1_starterpack,1985810,#,?0
