#hash_74cf811cb0b52ac6,0,25,25,#,0,false,0,false,#,#,#,false,false,false,#,#,#,#,#,false,false,0,?0,0,false
#hash_5d0eebc01bd87551,0,50,150,#,0,false,0,false,#,#,#,false,false,false,#,#,#,#,#,false,false,0,?0,0,false
#hash_5e249213379dd27d,0,100,250,#,0,false,0,false,#,#,#,false,false,false,#,#,#,#,#,false,false,0,?0,0,false
#revived_teammate_zm,0,25,50,#,0,false,0,false,#hash_667d57ed4023eef1,#,#,false,true,false,#,#,#,#,#,false,false,0,?0,0,false
#boarded_up_entrance_zm,0,0,10,#,0,false,0,false,#hash_589e10cb3190c819,#,#,false,true,false,#,#,#,#,#,false,false,0,?0,0,false
#kill_enemy_injuring_teammate_zm,0,0,50,#,0,false,0,false,#hash_7dc9a2bd4b7325d2,#,#,false,true,true,#,#,#,#,#,false,false,0,?0,0,false
#headshot_killingblow_zm,0,25,35,#,0,false,0,false,#hash_366d3567222117f2,#,#,false,true,true,#,#,#,#,#,false,false,0,?0,0,false
#headshot_killingblow_special_zm,0,50,160,#,0,false,0,false,#hash_366d3567222117f2,#,#,false,true,true,#,#,#,#,#,false,false,0,?0,0,false
#headshot_killingblow_elite_zm,0,100,260,#,0,false,0,false,#hash_366d3567222117f2,#,#,false,true,true,#,#,#,#,#,false,false,0,?0,0,false
#melee_killingblow_zm,0,25,35,#,0,false,0,false,#hash_77b2d1424302a5c6,#,#,false,true,true,#,#,#,#,#,false,false,0,?0,0,false
#melee_killingblow_special_zm,0,50,160,#,0,false,0,false,#hash_77b2d1424302a5c6,#,#,false,true,true,#,#,#,#,#,false,false,0,?0,0,false
#melee_killingblow_elite_zm,0,100,260,#,0,false,0,false,#hash_77b2d1424302a5c6,#,#,false,true,true,#,#,#,#,#,false,false,0,?0,0,false
#destroyed_armor_zm,0,10,10,#,0,false,0,false,#hash_1019e8ff388433a6,#,#,false,true,true,#,#,#,#,#,false,false,0,?0,0,false
#hit_weak_point_zm,0,0,0,#,0,false,0,false,#,#,#,false,true,true,#,#,#,#,#,false,false,0,?0,0,false
#longshot_killingblow_zm,0,10,10,#,0,false,0,false,#hash_6c34b102a3d16f2e,#,#,false,true,true,#,#,#,#,#,false,false,0,?0,0,false
#longshot_killingblow_special_zm,0,10,10,#,0,false,0,false,#hash_6c34b102a3d16f2e,#,#,false,true,true,#,#,#,#,#,false,false,0,?0,0,false
#longshot_killingblow_elite_zm,0,10,10,#,0,false,0,false,#hash_6c34b102a3d16f2e,#,#,false,true,true,#,#,#,#,#,false,false,0,?0,0,false
#crit_finisher_multikill_zm,0,25,0,#,0,false,0,false,#,#hash_17fef7e340332114,#medal_crit_finisher_multikill_zm,true,true,false,#combat_zm,#,#,#,#,false,false,0,?0,0,false
#oneshot_multikill_zm,0,25,0,#,0,false,0,false,#,#hash_5e8b4c7f1e47be33,#medal_oneshot_multikill_zm,true,true,false,#combat_zm,#,#,#,#,false,false,0,?0,0,false
#oneshot_explosive_multikill_zm,0,25,0,#,0,false,0,false,#,#hash_1f488ae03b38b6eb,#medal_oneshot_explosive_multikill_zm,true,true,false,#combat_zm,#,#,#,#,false,false,0,?0,0,false
#melee_weapon_multikill_zm,0,25,0,#,0,false,0,false,#,#hash_2834f989d9bd9f6,#medal_melee_weapon_multikill_zm,true,true,false,#combat_zm,#,#,#,#,false,false,0,?0,0,false
#loose_change_zm,0,0,100,#,0,false,0,false,#hash_40136a99c2e8ca84,#,#,false,true,false,#,#,#,#,#,false,false,0,?0,0,false
#combat_axe_multikill_zm,0,25,0,#,0,false,0,false,#,#hash_531de7d0a461034c,#medal_combat_axe_multikill_zm,true,true,false,#combat_zm,#,#,#,#,false,false,0,?0,0,false
#killstreak_without_getting_hit_zm,0,50,0,#,0,false,0,false,#,#hash_571cea79e8b2833b,#medal_killstreak_without_getting_hit_zm,true,true,false,#combat_zm,#,#,#,#,false,false,0,?0,0,false
#multikillstreak_5_zm,0,25,0,#,0,false,0,false,#,#hash_798c6e3a05cdf8d8,#medal_multikillstreak_5_zm,true,true,false,#combat_zm,#,#,#,#,false,false,0,?0,0,false
#multikillstreak_10_zm,0,50,0,#,0,false,0,false,#,#hash_46966fbb78682d24,#medal_multikillstreak_10_zm,true,true,false,#combat_zm,#,#,#,#,false,false,0,?0,0,false
#multikillstreak_15_zm,0,75,0,#,0,false,0,false,#,#hash_1727d39fbbd4c2cd,#medal_multikillstreak_15_zm,true,true,false,#combat_zm,#,#,#,#,false,false,0,?0,0,false
#multikillstreak_20_zm,0,100,0,#,0,false,0,false,#,#hash_1a378f2459f69119,#medal_multikillstreak_20_zm,true,true,false,#combat_zm,#,#,#,#,false,false,0,?0,0,false
#multikillstreak_25_zm,0,250,0,#,0,false,0,false,#,#hash_3e6a6af966ec8c28,#medal_multikillstreak_25_zm,true,true,false,#combat_zm,#,#,#,#,false,false,0,?0,0,false
#hash_4b83584a6468a68d,0,25,25,#,0,false,0,false,#hash_5626edc9cd330f2c,#hash_4ef1a8ab0124a4d9,#,false,true,true,#,#,#,#,#,false,false,0,?0,0,false
#hash_2a171d94f6a3f44,0,25,25,#,0,false,0,false,#hash_5626edc9cd330f2c,#hash_690242ede350e378,#,false,true,true,#,#,#,#,#,false,false,0,?0,0,false
#hash_154a6442ed71f351,0,25,25,#,0,false,0,false,#hash_5626edc9cd330f2c,#hash_749dcb744f4ce29d,#,false,true,true,#,#,#,#,#,false,false,0,?0,0,false
#hash_60c38e978439cc26,0,50,150,#,0,false,0,false,#hash_5626edc9cd330f2c,#hash_186df82d2a8482b2,#,false,true,true,#,#,#,#,#,false,false,0,?0,0,false
#hash_510058e7b1c77fdb,0,0,0,#,0,false,0,false,#,#,#,false,true,false,#,#,#,#,#,false,false,0,?0,0,false
#avogadro_projectile_destroyed_zm,0,10,10,#,0,false,0,false,#hash_a2edc902663aa72,#,#,false,true,true,#,#,#,#,#,false,false,0,?0,0,false
#avogadro_teleport_kia_zm,0,50,0,#,0,false,0,false,#,#hash_60d897a933e21edc,#medal_avogadro_teleport_kia_zm,true,true,false,#combat_zm,#,#,#,#,false,false,0,?0,0,false
#disciple_kill_with_max_zombies_zm,0,50,0,#,0,false,0,false,#,#hash_21a4c7bf07dab2eb,#medal_disciple_kill_with_max_zombies_zm,true,true,false,#combat_zm,#,#,#,#,false,false,0,?0,0,false
#disciple_stun_drain_life_zm,0,10,10,#,0,false,0,false,#hash_37a9da9fa51fe7d5,#,#,false,false,false,#,#,#,#,#,false,false,0,?0,0,false
#disciple_mask_shot_off_zm,0,10,10,#,0,false,0,false,#hash_ddec5acfb3e4c68,#,#,false,false,false,#,#,#,#,#,false,false,0,?0,0,false
#hash_55a5d1935123604e,0,50,150,#,0,false,0,false,#hash_5626edc9cd330f2c,#,#,false,false,false,#,#,#,#,#,false,false,0,?0,0,false
#hash_65d9dd1c47c66083,0,0,0,#,0,false,0,false,#,#,#,false,false,false,#,#,#,#,#,false,false,0,?0,0,false
#mangler_cannon_destroyed_zm,0,25,25,#,0,false,0,false,#hash_141e24824e28fe85,#,#,false,true,true,#,#,#,#,#,false,false,0,?0,0,false
#hash_114c5bf4a30f8529,0,50,150,#,0,false,0,false,#hash_5626edc9cd330f2c,#hash_7acad282df481b4d,#,false,true,true,#combat_zm,#,#,#,#,false,false,0,?0,0,false
#hash_18a73bb912cac418,0,0,0,#,0,false,0,false,#,#,#,false,true,false,#,#,#,#,#,false,false,0,?0,0,false
#mangler_arm_cannon_kill_zm,0,50,0,#,0,false,0,false,#,#hash_2bd7ea2aeec51431,#medal_mangler_arm_cannon_kill_zm,true,true,false,#combat_zm,#,#,#,#,false,false,0,?0,0,false
#hash_d241bda09ae83a,0,100,250,#,0,false,0,false,#hash_5626edc9cd330f2c,#hash_6099223c62d03376,#,false,true,true,#,#,#,#,#,false,false,0,?0,0,false
#hash_1a4b4be2356231a7,0,0,0,#,0,false,0,false,#,#,#,false,false,false,#,#,#,#,#,false,false,0,?0,0,false
#mimic_killed_without_getting_hit_zm,0,50,0,#,0,false,0,false,#,#hash_4a36eb44cec2bd14,#medal_mimic_killed_without_getting_hit_zm,true,true,false,#combat_zm,#,#,#,#,false,false,0,?0,0,false
#mechz_jetpack_destroyed_zm,0,25,25,#,0,false,0,false,#hash_470a071f1d17498f,#,#,false,true,true,#,#,#,#,#,false,false,0,?0,0,false
#mechz_power_core_destroyed_zm,0,25,25,#,0,false,0,false,#hash_6ee84784267952ec,#,#,false,true,true,#,#,#,#,#,false,false,0,?0,0,false
#mechz_jetpack_multikill_zm,0,50,0,#,0,false,0,false,#,#hash_5fd2600d7d44b293,#medal_mechz_jetpack_multikill_zm,true,true,false,#combat_zm,#,#,#,#,false,false,0,?0,0,false
#hash_4cfac83b203d343e,0,100,250,#,0,false,0,false,#hash_5626edc9cd330f2c,#hash_7660d304fd91efaa,#medal_mechz_kia_zm,true,true,true,#combat_zm,#,#,#,#,false,false,0,?0,0,false
#hash_1c0f48a8b7afea53,0,0,0,#,0,false,0,false,#,#,#,false,true,false,#,#,#,#,#,false,false,0,?0,0,false
#hash_373da49a35c234ce,0,50,100,#,0,false,0,false,#hash_45780216b9d4ae18,#,#,false,true,true,#,#,#,#,#,false,false,0,?0,0,false
#hash_734468d6023ba07c,0,50,100,#,0,false,0,false,#hash_444ccb5a357c6756,#,#,false,true,true,#,#,#,#,#,false,false,0,?0,0,false
#steiner_kia_zm,0,100,250,#,0,false,0,false,#hash_5626edc9cd330f2c,#hash_675ef8818802bb0f,#medal_steiner_kia_zm,true,true,true,#combat_zm,#,#,#,#,false,false,0,?0,0,false
#hash_2d0b7233ba664ee6,0,0,0,#,0,false,0,false,#,#,#,false,true,false,#,#,#,#,#,false,false,0,?0,0,false
#steiner_split_zm,0,100,100,#,0,false,0,false,#hash_36d84e1b4d8ddc54,#,#,false,true,false,#,#,#,#,#,false,false,0,?0,0,false
#kill_both_steiner_halves_rapidly_zm,0,50,0,#,0,false,0,false,#,#hash_4d2a981a2583461e,#medal_kill_both_steiner_halves_rapidly_zm,true,true,false,#combat_zm,#,#,#,#,false,false,0,?0,0,false
#kill_steiner_caught_with_ieu_zm,0,50,0,#,0,false,0,false,#,#hash_ef6105e1ae756e0,#medal_kill_steiner_caught_with_ieu_zm,true,true,false,#combat_zm,#,#,#,#,false,false,0,?0,0,false
#hash_6eea6a837453553e,0,100,250,#,0,false,0,false,#hash_353a1721e4d1783c,#hash_28e512c6ed6d36da,#medal_abomination_kia_zm,true,true,true,#combat_zm,#,#,#,#,false,false,0,?0,0,false
#hash_7819a33cc3142b53,0,0,0,#,0,false,0,false,#,#,#,false,false,false,#,#,#,#,#,false,false,0,?0,0,false
#hash_2ed5577ce1dd250f,0,25,25,#,0,false,0,false,#hash_3db8f687e178577d,#,#,false,true,false,#,#,#,#,#,false,false,0,?0,0,false
#abomination_kill_while_stunned_from_charge_zm,0,0,0,#,0,false,0,false,#,#hash_46fd738f777b1ed1,#,true,true,false,#,#,#,#,#,false,false,0,?0,0,false
#hulking_summoner_kia_zm,0,50,350,#,0,false,0,false,#hash_5626edc9cd330f2c,#hash_1980318fd2865f5a,#medal_hulking_summoner_kia_zm,false,true,true,#combat_zm,#,#,#,#,false,false,0,?0,0,false
#hash_483590874f436fc3,0,0,0,#,0,false,0,false,#,#,#,false,true,false,#,#,#,#,#,false,false,0,?0,0,false
#hatchet_killingblow_zm,0,25,25,#,0,false,0,false,#hash_2d6b84df4d795b03,#,#,false,true,false,#,#,#,#,#,false,false,0,?0,0,false
#hatchet_killingblow_special_zm,0,50,150,#,0,false,0,false,#hash_2d6b84df4d795b03,#,#,false,true,false,#,#,#,#,#,false,false,0,?0,0,false
#hatchet_killingblow_elite_zm,0,100,250,#,0,false,0,false,#hash_2d6b84df4d795b03,#,#,false,true,false,#,#,#,#,#,false,false,0,?0,0,false
#hash_3e0778e8e6697eea,0,50,0,#,0,false,0,false,#,#hash_6930a4c285c10cee,#medal_hatchet_multikill_zm,true,true,false,#combat_zm,#,#,#,#,false,false,0,?0,0,false
#concussion_grenade_concussed_enemy_zm,0,0,5,#,0,false,0,false,#hash_259b3616cdf26cb7,#,#,false,true,false,#,#,#,#,#,false,false,0,?0,0,false
#concussion_grenade_assist_zm,0,10,5,#,0,false,0,false,#hash_24974c49651dcc78,#,#,false,true,false,#,#,#,#,#,false,false,0,?0,0,false
#concussion_grenade_killingblow_zm,0,10,10,#,0,false,0,false,#hash_63aa63dd766696df,#,#,false,true,false,#,#,#,#,#,false,false,0,?0,0,false
#hash_212efa8a51066a5d,0,10,10,#,0,false,0,false,#,#,#,false,true,false,#,#,#,#,#,false,false,0,?0,0,false
#hash_7f3344dac0e5bb9,0,10,10,#,0,false,0,false,#,#,#,false,true,false,#,#,#,#,#,false,false,0,?0,0,false
#concussion_grenade_multikill_zm,0,50,0,#,0,false,0,false,#,#hash_1ae84a930b571902,#medal_concussion_grenade_multikill_zm,true,true,false,#combat_zm,#,#,#,#,false,false,0,?0,0,false
#frag_killingblow_zm,0,25,25,#,0,false,0,false,#hash_153745571cd2e8a0,#,#,false,true,false,#,#,#,#,#,false,false,0,?0,0,false
#frag_killingblow_special_zm,0,50,150,#,0,false,0,false,#hash_153745571cd2e8a0,#,#,false,true,false,#,#,#,#,#,false,false,0,?0,0,false
#frag_killingblow_elite_zm,0,100,250,#,0,false,0,false,#hash_153745571cd2e8a0,#,#,false,true,false,#,#,#,#,#,false,false,0,?0,0,false
#frag_multikill_zm,0,50,0,#,0,false,0,false,#,#hash_381d3c36ba671865,#medal_frag_multikill_zm,true,true,false,#combat_zm,#,#,#,#,false,false,0,?0,0,false
#lt53_kazimir_multikill_zm,0,50,0,#,0,false,0,false,#,#hash_429e3354c9a7450d,#medal_lt53_kazimir_multikill_zm,true,true,false,#combat_zm,#,#,#,#,false,false,0,?0,0,false
#lt53_kazimir_assist_zm,0,10,10,#,0,false,0,false,#hash_3fd5252af4cb8f8d,#,#,false,false,false,#,#,#,#,#,false,false,0,?0,0,false
#lt53_kazimir_grav_pull_kill_zm,0,10,10,#,0,false,0,false,#hash_1078c7f9c877d4f7,#,#,false,false,false,#,#,#,#,#,false,false,0,?0,0,false
#lt53_kazimir_grav_pull_special_zm,0,10,10,#,0,false,0,false,#hash_1857e7b7c338b427,#,#,false,false,false,#,#,#,#,#,false,false,0,?0,0,false
#lt53_kazimir_grav_pull_elite_zm,0,10,10,#,0,false,0,false,#hash_d6172a3f6d44bc7,#,#,false,false,false,#,#,#,#,#,false,false,0,?0,0,false
#lt53_kazimir_portal_kill_zm,0,25,25,#,0,false,0,false,#hash_9c8ddfe3433f0d9,#,#,false,false,false,#,#,#,#,#,false,false,0,?0,0,false
#lt53_kazimir_portal_kill_special_zm,0,50,150,#,0,false,0,false,#hash_45f2833f130eb19d,#,#,false,false,false,#,#,#,#,#,false,false,0,?0,0,false
#lt53_kazimir_portal_kill_elite_zm,0,100,250,#,0,false,0,false,#hash_135096c8fb50e5bd,#,#,false,false,false,#,#,#,#,#,false,false,0,?0,0,false
#molotov_killingblow_zm,0,25,25,#,0,false,0,false,#hash_28976d5c1ebc897c,#,#,false,true,false,#,#,#,#,#,false,false,0,?0,0,false
#molotov_killingblow_special_zm,0,50,150,#,0,false,0,false,#hash_28976d5c1ebc897c,#,#,false,true,false,#,#,#,#,#,false,false,0,?0,0,false
#molotov_killingblow_elite_zm,0,100,250,#,0,false,0,false,#hash_28976d5c1ebc897c,#,#,false,true,false,#,#,#,#,#,false,false,0,?0,0,false
#molotov_assist_zm,0,10,5,#,0,false,0,false,#hash_7a7d6ac8d09e28b9,#,#,false,true,false,#,#,#,#,#,false,false,0,?0,0,false
#molotov_multikill_zm,0,50,0,#,0,false,0,false,#,#hash_317ce42b59caf89,#medal_molotov_multikill_zm,true,true,false,#combat_zm,#,#,#,#,false,false,0,?0,0,false
#monkey_bomb_killingblow_zm,0,25,25,#,0,false,0,false,#hash_1d9a4300362c63c8,#,#,false,true,false,#,#,#,#,#,false,false,0,?0,0,false
#hash_2b1f39dad89a25ea,0,50,150,#,0,false,0,false,#hash_1d9a4300362c63c8,#,#,false,true,false,#,#,#,#,#,false,false,0,?0,0,false
#hash_69de183202fc2e2e,0,100,250,#,0,false,0,false,#hash_1d9a4300362c63c8,#,#,false,true,false,#,#,#,#,#,false,false,0,?0,0,false
#monkey_bomb_multikill_zm,0,50,0,#,0,false,0,false,#,#hash_7c953169e3ac2bc1,#medal_monkey_bomb_multikill_zm,true,true,false,#combat_zm,#,#,#,#,false,false,0,?0,0,false
#nightengale_kill_zm,0,10,10,#,0,false,0,false,#hash_42149388f4569398,#,#,false,true,false,#,#,#,#,#,false,false,0,?0,0,false
#hash_b7513c439ddc6e6,0,10,10,#,0,false,0,false,#hash_42149388f4569398,#,#,false,true,false,#,#,#,#,#,false,false,0,?0,0,false
#hash_56dfd66551433c8a,0,10,10,#,0,false,0,false,#hash_42149388f4569398,#,#,false,true,false,#,#,#,#,#,false,false,0,?0,0,false
#nightengale_assist_zm,0,10,5,#,0,false,0,false,#hash_3f0863932d6e0b51,#,#,false,true,false,#,#,#,#,#,false,false,0,?0,0,false
#nightengale_multikill_zm,0,50,0,#,0,false,0,false,#,#hash_5816ea22ec181ce9,#medal_nightengale_multikill_zm,true,true,false,#combat_zm,#,#,#,#,false,false,0,?0,0,false
#satchel_charge_killingblow_zm,0,25,25,#,0,false,0,false,#hash_33222f2943499079,#,#,false,true,false,#,#,#,#,#,false,false,0,?0,0,false
#satchel_charge_killingblow_special_zm,0,50,150,#,0,false,0,false,#hash_33222f2943499079,#,#,false,true,false,#,#,#,#,#,false,false,0,?0,0,false
#satchel_charge_killingblow_elite_zm,0,100,250,#,0,false,0,false,#hash_33222f2943499079,#,#,false,true,false,#,#,#,#,#,false,false,0,?0,0,false
#satchel_charge_multikill_zm,0,50,0,#,0,false,0,false,#,#hash_25f24cc0bc429da8,#medal_satchel_charge_multikill_zm,true,true,false,#combat_zm,#,#,#,#,false,false,0,?0,0,false
#semtex_killingblow_zm,0,25,25,#,0,false,0,false,#hash_564da7a38c42bcfc,#,#,false,true,false,#,#,#,#,#,false,false,0,?0,0,false
#semtex_killingblow_special_zm,0,50,150,#,0,false,0,false,#hash_564da7a38c42bcfc,#,#,false,true,false,#,#,#,#,#,false,false,0,?0,0,false
#semtex_killingblow_elite_zm,0,100,250,#,0,false,0,false,#hash_564da7a38c42bcfc,#,#,false,true,false,#,#,#,#,#,false,false,0,?0,0,false
#semtex_multikill_zm,0,50,0,#,0,false,0,false,#,#hash_b3de5780cc890c1,#medal_semtex_multikill_zm,true,true,false,#combat_zm,#,#,#,#,false,false,0,?0,0,false
#stim_shot_multikill_zm,0,50,0,#,0,false,0,false,#,#hash_7b8b9fde65918131,#medal_stim_shot_multikill_zm,true,true,false,#combat_zm,#,#,#,#,false,false,0,?0,0,false
#cryo_freeze_slow_kill_zm,0,10,10,#,0,false,0,false,#hash_35b52350a1a3b8cf,#,#,false,true,false,#,#,#,#,#,false,false,0,?0,0,false
#cryo_freeze_slow_kill_special_zm,0,10,10,#,0,false,0,false,#hash_35b52350a1a3b8cf,#,#,false,true,false,#,#,#,#,#,false,false,0,?0,0,false
#cryo_freeze_slow_kill_elite_zm,0,10,10,#,0,false,0,false,#hash_35b52350a1a3b8cf,#,#,false,true,false,#,#,#,#,#,false,false,0,?0,0,false
#cryo_freeze_slow_assist_zm,0,10,5,#,0,false,0,false,#hash_2aa43da8132d6382,#,#,false,true,false,#,#,#,#,#,false,false,0,?0,0,false
#dead_wire_stun_kill_zm,0,10,10,#,0,false,0,false,#hash_3a807073bee83227,#,#,false,true,false,#,#,#,#,#,false,false,0,?0,0,false
#dead_wire_stun_kill_special_zm,0,10,10,#,0,false,0,false,#hash_3a807073bee83227,#,#,false,true,false,#,#,#,#,#,false,false,0,?0,0,false
#dead_wire_stun_kill_elite_zm,0,10,10,#,0,false,0,false,#hash_3a807073bee83227,#,#,false,true,false,#,#,#,#,#,false,false,0,?0,0,false
#dead_wire_stun_assist_zm,0,10,5,#,0,false,0,false,#hash_62ba499584e81fca,#,#,false,true,false,#,#,#,#,#,false,false,0,?0,0,false
#brain_rot_turned_kill_zm,0,5,10,#,0,false,0,false,#hash_5a00f020cf43716d,#,#,false,true,false,#,#,#,#,#,false,false,0,?0,0,false
#brain_rot_turned_kill_special_zm,0,10,75,#,0,false,0,false,#hash_5a00f020cf43716d,#,#,false,true,false,#,#,#,#,#,false,false,0,?0,0,false
#brain_rot_turned_kill_elite_zm,0,20,125,#,0,false,0,false,#hash_5a00f020cf43716d,#,#,false,true,false,#,#,#,#,#,false,false,0,?0,0,false
#hash_31948056b3f28340,0,25,25,#,0,false,0,false,#hash_167064acd7d33a4e,#,#,false,true,true,#,#,#,#,#,false,false,0,?0,0,false
#hash_6ee08da0a81e5918,0,50,150,#,0,false,0,false,#hash_167064acd7d33a4e,#,#,false,true,true,#,#,#,#,#,false,false,0,?0,0,false
#hash_1855feb7e01614f4,0,100,250,#,0,false,0,false,#hash_167064acd7d33a4e,#,#,false,true,true,#,#,#,#,#,false,false,0,?0,0,false
#hash_60adee21dbecf658,0,25,25,#,0,false,0,false,#hash_76c1a4a49b2b6f3e,#,#,false,true,true,#,#,#,#,#,false,false,0,?0,0,false
#hash_5d4db85c9dd21280,0,50,150,#,0,false,0,false,#hash_76c1a4a49b2b6f3e,#,#,false,true,true,#,#,#,#,#,false,false,0,?0,0,false
#hash_3ef1afc295bb075c,0,100,250,#,0,false,0,false,#hash_76c1a4a49b2b6f3e,#,#,false,true,true,#,#,#,#,#,false,false,0,?0,0,false
#aether_shroud_multikill_zm,0,50,0,#,0,false,0,false,#,#hash_681c2ac0ee27a0b2,#medal_aether_shroud_multikill_zm,true,true,false,#hash_2c64f4121bf660f3,#,#,#,#,false,false,0,?0,0,false
#aether_shroud_revive_zm,0,50,0,#,0,false,0,false,#,#hash_2d0df4c6df1d5c60,#medal_aether_shroud_revive_zm,true,true,false,#hash_2c64f4121bf660f3,#,#,#,#,false,false,0,?0,0,false
#aether_shroud_kill_zm,0,10,10,#,0,false,0,false,#hash_3cea455fd5bce9d,#,#,false,true,false,#,#,#,#,#,false,false,0,?0,0,false
#aether_shroud_kill_special_zm,0,10,10,#,0,false,0,false,#hash_3cea455fd5bce9d,#,#,false,true,false,#,#,#,#,#,false,false,0,?0,0,false
#aether_shroud_kill_elite_zm,0,10,10,#,0,false,0,false,#hash_3cea455fd5bce9d,#,#,false,true,false,#,#,#,#,#,false,false,0,?0,0,false
#energy_mine_multikill_zm,0,50,0,#,0,false,0,false,#,#hash_2e13067f3890aae5,#medal_energy_mine_multikill_zm,true,true,false,#hash_2c64f4121bf660f3,#,#,#,#,false,false,0,?0,0,false
#energy_mine_kill_zm,0,25,25,#,0,false,0,false,#hash_dad40f2eae762d0,#,#,false,true,false,#,#,#,#,#,false,false,0,?0,0,false
#energy_mine_kill_special_zm,0,50,150,#,0,false,0,false,#hash_dad40f2eae762d0,#,#,false,true,false,#,#,#,#,#,false,false,0,?0,0,false
#energy_mine_kill_elite_zm,0,100,250,#,0,false,0,false,#hash_dad40f2eae762d0,#,#,false,true,false,#,#,#,#,#,false,false,0,?0,0,false
#frenzied_guard_kill_zm,0,10,10,#,0,false,0,false,#hash_68908d4773d4e3d,#,#,false,true,false,#,#,#,#,#,false,false,0,?0,0,false
#frenzied_guard_special_kill_zm,0,10,10,#,0,false,0,false,#hash_68908d4773d4e3d,#,#,false,true,false,#,#,#,#,#,false,false,0,?0,0,false
#frenzied_guard_elite_kill_zm,0,10,10,#,0,false,0,false,#hash_68908d4773d4e3d,#,#,false,true,false,#,#,#,#,#,false,false,0,?0,0,false
#frenzied_guard_assist_zm,0,10,5,#,0,false,0,false,#,#,#,false,true,false,#,#,#,#,#,false,false,0,?0,0,false
#frenzied_guard_multikill_zm,0,50,0,#,0,false,0,false,#,#hash_334c8a7a4c41de86,#medal_frenzied_guard_multikill_zm,true,true,false,#hash_2c64f4121bf660f3,#,#,#,#,false,false,0,?0,0,false
#frost_blast_multikill_zm,0,50,0,#,0,false,0,false,#,#hash_2a4f45731a30e13a,#medal_frost_blast_multikill_zm,true,true,false,#hash_2c64f4121bf660f3,#,#,#,#,false,false,0,?0,0,false
#frost_blast_kill_zm,0,25,25,#,0,false,0,false,#hash_2f9c502eebeca6ed,#,#,false,true,false,#,#,#,#,#,false,false,0,?0,0,false
#frost_blast_kill_special_zm,0,50,150,#,0,false,0,false,#hash_2f9c502eebeca6ed,#,#,false,true,false,#,#,#,#,#,false,false,0,?0,0,false
#frost_blast_kill_elite_zm,0,100,250,#,0,false,0,false,#hash_2f9c502eebeca6ed,#,#,false,true,false,#,#,#,#,#,false,false,0,?0,0,false
#frost_blast_frozen_kill_zm,0,10,10,#,0,false,0,false,#hash_2990c3e1d8b1ccc6,#,#,false,true,false,#,#,#,#,#,false,false,0,?0,0,false
#frost_blast_frozen_kill_special_zm,0,10,10,#,0,false,0,false,#hash_2990c3e1d8b1ccc6,#,#,false,true,false,#,#,#,#,#,false,false,0,?0,0,false
#frost_blast_frozen_kill_elite_zm,0,10,10,#,0,false,0,false,#hash_2990c3e1d8b1ccc6,#,#,false,true,false,#,#,#,#,#,false,false,0,?0,0,false
#frost_blast_frozen_assist_zm,0,10,5,#,0,false,0,false,#hash_ae0879ee6a9632f,#,#,false,true,false,#,#,#,#,#,false,false,0,?0,0,false
#healing_aura_multikill_zm,0,50,0,#,0,false,0,false,#,#hash_30eb116ef7af7ff5,#medal_healing_aura_multikill_zm,true,true,false,#hash_2c64f4121bf660f3,#,#,#,#,false,false,0,?0,0,false
#healing_aura_heal_zm,0,25,50,#,0,false,0,false,#hash_5424d924ae98e65e,#,#,false,true,false,#,#,#,#,#,false,false,0,?0,0,false
#hash_13dc82aeb0e75d,0,0,0,#,0,false,0,false,#,#,#,false,true,false,#,#,#,#,#,false,false,0,?0,0,false
#hash_362ebc2c4ed43709,0,0,0,#,0,false,0,false,#,#,#,false,true,false,#,#,#,#,#,false,false,0,?0,0,false
#hash_6df192247a7a80a9,0,0,0,#,0,false,0,false,#,#,#,false,true,false,#,#,#,#,#,false,false,0,?0,0,false
#healing_aura_stun_assist_zm,0,10,5,#,0,false,0,false,#hash_21ef7fd82879c0ba,#,#,false,true,false,#,#,#,#,#,false,false,0,?0,0,false
#healing_aura_revive_zm,0,50,100,#,0,false,0,false,#hash_24669800ab75829f,#,#,false,true,false,#,#,#,#,#,false,false,0,?0,0,false
#ring_of_fire_multikill_zm,0,50,0,#,0,false,0,false,#,#hash_4b3dd1ff72b58844,#medal_ring_of_fire_multikill_zm,true,true,false,#hash_2c64f4121bf660f3,#,#,#,#,false,false,0,?0,0,false
#ring_of_fire_finisher_zm,0,10,10,#,0,false,0,false,#hash_5eaef156e3b35763,#,#,false,true,false,#,#,#,#,#,false,false,0,?0,0,false
#ring_of_fire_finisher_special_zm,0,10,10,#,0,false,0,false,#hash_5eaef156e3b35763,#,#,false,true,false,#,#,#,#,#,false,false,0,?0,0,false
#ring_of_fire_finisher_elite_zm,0,10,10,#,0,false,0,false,#hash_5eaef156e3b35763,#,#,false,true,false,#,#,#,#,#,false,false,0,?0,0,false
#ring_of_fire_assist_zm,0,10,5,#,0,false,0,false,#hash_b0e43d06aab7d02,#,#,false,true,false,#,#,#,#,#,false,false,0,?0,0,false
#hash_56aa82cbbc11009b,0,10,5,#,0,false,0,false,#hash_416df1b68f09aff5,#,#,false,true,false,#,#,#,#,#,false,false,0,?0,0,false
#ring_of_fire_burn_finisher_zm,0,25,25,#,0,false,0,false,#hash_55f8cb6e41604e63,#,#,false,true,false,#,#,#,#,#,false,false,0,?0,0,false
#ring_of_fire_burn_finisher_special_zm,0,50,150,#,0,false,0,false,#hash_55f8cb6e41604e63,#,#,false,true,false,#,#,#,#,#,false,false,0,?0,0,false
#ring_of_fire_burn_finisher_elite_zm,0,100,250,#,0,false,0,false,#hash_55f8cb6e41604e63,#,#,false,true,false,#,#,#,#,#,false,false,0,?0,0,false
#tesla_storm_multikill_zm,0,50,0,#,0,false,0,false,#,#hash_219ef9b2525d760c,#medal_tesla_storm_multikill_zm,true,true,false,#hash_2c64f4121bf660f3,#,#,#,#,false,false,0,?0,0,false
#tesla_storm_stun_zm,0,10,10,#,0,false,0,false,#hash_7de05661d113a9d3,#,#,false,true,false,#,#,#,#,#,false,false,0,?0,0,false
#tesla_storm_finisher_zm,0,25,25,#,0,false,0,false,#hash_d5a61913152b9f,#,#,false,true,false,#,#,#,#,#,false,false,0,?0,0,false
#tesla_storm_finisher_special_zm,0,50,150,#,0,false,0,false,#hash_4c6fbb9233791f3f,#,#,false,true,false,#,#,#,#,#,false,false,0,?0,0,false
#tesla_storm_finisher_elite_zm,0,100,250,#,0,false,0,false,#hash_429c187eea3a8f1f,#,#,false,true,false,#,#,#,#,#,false,false,0,?0,0,false
#tesla_storm_stun_finisher_zm,0,10,10,#,0,false,0,false,#hash_6b2ca61bdf156e9e,#,#,false,true,false,#,#,#,#,#,false,false,0,?0,0,false
#tesla_storm_stun_finisher_special_zm,0,10,10,#,0,false,0,false,#hash_51b9e2d03d9d5b1a,#,#,false,true,false,#,#,#,#,#,false,false,0,?0,0,false
#tesla_storm_stun_finisher_elite_zm,0,10,10,#,0,false,0,false,#hash_3451dec53cc268fe,#,#,false,true,false,#,#,#,#,#,false,false,0,?0,0,false
#tesla_storm_assist_zm,0,10,5,#,0,false,0,false,#hash_1a9b7cc25543800e,#,#,false,true,false,#,#,#,#,#,false,false,0,?0,0,false
#toxic_growth_multikill_zm,0,50,0,#,0,false,0,false,#,#hash_3cafddf0b282008c,#medal_toxic_growth_multikill_zm,true,true,false,#hash_2c64f4121bf660f3,#,#,#,#,false,false,0,?0,0,false
#toxic_growth_finisher_zm,0,10,10,#,0,false,0,false,#hash_401514cb8277acd3,#,#,false,true,false,#,#,#,#,#,false,false,0,?0,0,false
#toxic_growth_finisher_special_zm,0,10,10,#,0,false,0,false,#hash_11d591dda83e664b,#,#,false,true,false,#,#,#,#,#,false,false,0,?0,0,false
#toxic_growth_finisher_elite_zm,0,10,10,#,0,false,0,false,#hash_67f0a270093e772f,#,#,false,true,false,#,#,#,#,#,false,false,0,?0,0,false
#toxic_growth_poison_finisher_zm,0,25,25,#,0,false,0,false,#hash_11a47ec3fb6a7a4a,#,#,false,true,false,#,#,#,#,#,false,false,0,?0,0,false
#toxic_growth_poison_special_finisher_zm,0,50,150,#,0,false,0,false,#hash_50f5b4fd4b612b7a,#,#,false,true,false,#,#,#,#,#,false,false,0,?0,0,false
#toxic_growth_poison_elite_finisher_zm,0,100,250,#,0,false,0,false,#hash_6901057b949c93da,#,#,false,true,false,#,#,#,#,#,false,false,0,?0,0,false
#toxic_growth_assist_zm,0,10,10,#,0,false,0,false,#hash_50f2f0a78506d8b2,#,#,false,true,false,#,#,#,#,#,false,false,0,?0,0,false
#phd_slider_kill_zm,0,25,25,#,0,false,0,false,#hash_2d5e5638e1585d38,#,#,false,true,false,#,#,#,#,#,false,false,0,?0,0,false
#phd_slider_kill_special_zm,0,50,150,#,0,false,0,false,#hash_73b206dd289d820,#,#,false,true,false,#,#,#,#,#,false,false,0,?0,0,false
#phd_slider_kill_elite_zm,0,100,250,#,0,false,0,false,#hash_577c5a4b9e45687c,#,#,false,true,false,#,#,#,#,#,false,false,0,?0,0,false
#arcxd_multikill_zm,0,0,0,#,0,false,0,false,#,#hash_7ef956ebe4f8295b,#,true,true,false,#,#,#,#,#,false,false,0,?0,0,false
#arcxd_kill_zm,0,25,25,#,0,false,0,false,#hash_3837159db96340fe,#,#,false,true,false,#,#,#,#,#,false,false,0,?0,0,false
#arcxd_special_kill_zm,0,50,150,#,0,false,0,false,#hash_3837159db96340fe,#,#,false,true,false,#,#,#,#,#,false,false,0,?0,0,false
#arcxd_elite_kill_zm,0,100,250,#,0,false,0,false,#hash_3837159db96340fe,#,#,false,true,false,#,#,#,#,#,false,false,0,?0,0,false
#artillery_strike_multikill_zm,0,25,0,#,0,false,0,false,#,#hash_7194d6070704fc2e,#medal_artillery_strike_multikill_zm,true,true,false,#hash_6fabcef60fbac3ba,#,#,#,#,false,false,0,?0,0,false
#artillery_strike_kill_zm,0,5,10,#,0,false,0,false,#hash_59674b90afcb7c71,#,#,false,true,false,#,#,#,#,#,false,false,0,?0,0,false
#artillery_strike_kill_special_zm,0,10,50,#,0,false,0,false,#hash_59674b90afcb7c71,#,#,false,true,false,#,#,#,#,#,false,false,0,?0,0,false
#artillery_strike_kill_elite_zm,0,20,150,#,0,false,0,false,#hash_59674b90afcb7c71,#,#,false,true,false,#,#,#,#,#,false,false,0,?0,0,false
#napalm_strike_multikill_zm,0,25,0,#,0,false,0,false,#,#hash_590388fa68a69753,#medal_napalm_strike_multikill_zm,true,true,false,#hash_6fabcef60fbac3ba,#,#,#,#,false,false,0,?0,0,false
#napalm_strike_kill_zm,0,5,10,#,0,false,0,false,#hash_600c68df12cea52a,#,#,false,true,false,#,#,#,#,#,false,false,0,?0,0,false
#napalm_strike_kill_special_zm,0,10,50,#,0,false,0,false,#hash_600c68df12cea52a,#,#,false,true,false,#,#,#,#,#,false,false,0,?0,0,false
#napalm_strike_kill_elite_zm,0,20,150,#,0,false,0,false,#hash_600c68df12cea52a,#,#,false,true,false,#,#,#,#,#,false,false,0,?0,0,false
#chopper_gunner_multikill_zm,0,25,0,#,0,false,0,false,#,#hash_789a1be1f68c2a24,#medal_chopper_gunner_multikill_zm,true,true,false,#hash_6fabcef60fbac3ba,#,#,#,#,false,false,0,?0,0,false
#chopper_gunner_kill_zm,0,5,10,#,0,false,0,false,#hash_4c154b53bba73723,#,#,false,true,false,#,#,#,#,#,false,false,0,?0,0,false
#chopper_gunner_kill_special_zm,0,10,50,#,0,false,0,false,#hash_4c154b53bba73723,#,#,false,true,false,#,#,#,#,#,false,false,0,?0,0,false
#chopper_gunner_kill_elite_zm,0,20,150,#,0,false,0,false,#hash_4c154b53bba73723,#,#,false,true,false,#,#,#,#,#,false,false,0,?0,0,false
#crbrs_multikill_zm,0,25,0,#,0,false,0,false,#,#hash_694301c8ee631a5,#medal_crbrs_multikill_zm,true,true,false,#hash_6fabcef60fbac3ba,#,#,#,#,false,false,0,?0,0,false
#crbrs_variants_multikill_zm,0,25,0,#,0,false,0,false,#,#hash_3d103095b8d51932,#medal_crbrs_variants_multikill_zm,true,true,false,#hash_6fabcef60fbac3ba,#,#,#,#,false,false,0,?0,0,false
#cruise_missile_multikill_zm,0,25,0,#,0,false,0,false,#,#hash_1d42ebe10bc79f19,#medal_cruise_missile_multikill_zm,true,true,false,#hash_6fabcef60fbac3ba,#,#,#,#,false,false,0,?0,0,false
#cruise_missile_kill_zm,0,5,10,#,0,false,0,false,#hash_38459048e94a8614,#,#,false,true,false,#,#,#,#,#,false,false,0,?0,0,false
#cruise_missile_kill_special_zm,0,10,50,#,0,false,0,false,#hash_38459048e94a8614,#,#,false,true,false,#,#,#,#,#,false,false,0,?0,0,false
#cruise_missile_kill_elite_zm,0,20,150,#,0,false,0,false,#hash_38459048e94a8614,#,#,false,true,false,#,#,#,#,#,false,false,0,?0,0,false
#crystal_axe_blade_multikill_zm,0,0,0,#,0,false,0,false,#,#hash_26af314c2ada744f,#,true,true,false,#,#,#,#,#,false,false,0,?0,0,false
#crystal_axe_shardshooter_multikill_zm,0,0,0,#,0,false,0,false,#,#hash_2079511ab3c945bf,#,true,true,false,#,#,#,#,#,false,false,0,?0,0,false
#death_machine_kill_zm,0,25,25,#,0,false,0,false,#hash_6c13232cef8094d2,#,#,false,true,false,#,#,#,#,#,false,false,0,?0,0,false
#death_machine_special_kill_zm,0,50,150,#,0,false,0,false,#hash_6c13232cef8094d2,#,#,false,true,false,#,#,#,#,#,false,false,0,?0,0,false
#death_machine_elite_kill_zm,0,100,250,#,0,false,0,false,#hash_6c13232cef8094d2,#,#,false,true,false,#,#,#,#,#,false,false,0,?0,0,false
#death_machine_multikill_zm,0,25,0,#,0,false,0,false,#,#hash_34ec8cb3373fd6e3,#medal_death_machine_multikill_zm,true,true,false,#hash_6fabcef60fbac3ba,#,#,#,#,false,false,0,?0,0,false
#combat_bow_kill_zm,0,25,25,#,0,false,0,false,#hash_2a7405adbc2b7473,#,#,false,true,false,#,#,#,#,#,false,false,0,?0,0,false
#combat_bow_special_kill_zm,0,50,150,#,0,false,0,false,#hash_2a7405adbc2b7473,#,#,false,true,false,#,#,#,#,#,false,false,0,?0,0,false
#combat_bow_elite_kill_zm,0,100,250,#,0,false,0,false,#hash_2a7405adbc2b7473,#,#,false,true,false,#,#,#,#,#,false,false,0,?0,0,false
#combat_bow_multikill_zm,0,25,0,#,0,false,0,false,#,#hash_392d0a1cbcbec210,#medal_combat_bow_multikill_zm,true,true,false,#hash_6fabcef60fbac3ba,#,#,#,#,false,false,0,?0,0,false
#flamethrower_kill_zm,0,25,25,#,0,false,0,false,#hash_2e62d477c4c45906,#,#,false,true,false,#,#,#,#,#,false,false,0,?0,0,false
#flamethrower_special_kill_zm,0,50,150,#,0,false,0,false,#hash_2e62d477c4c45906,#,#,false,true,false,#,#,#,#,#,false,false,0,?0,0,false
#flamethrower_elite_kill_zm,0,100,250,#,0,false,0,false,#hash_2e62d477c4c45906,#hash_27329bfa569c11d3,#medal_flamethrower_multikill_zm,true,true,false,#,#,#,#,#,false,false,0,?0,0,false
#flamethrower_multikill_zm,0,25,0,#,0,false,0,false,#,#,#,false,true,false,#,#,#,#,#,false,false,0,?0,0,false
#grenade_launcher_kill_zm,0,25,25,#,0,false,0,false,#hash_79368d63d917919f,#,#,false,true,false,#,#,#,#,#,false,false,0,?0,0,false
#grenade_launcher_special_kill_zm,0,50,150,#,0,false,0,false,#hash_79368d63d917919f,#,#,false,true,false,#,#,#,#,#,false,false,0,?0,0,false
#grenade_launcher_elite_kill_zm,0,100,250,#,0,false,0,false,#hash_79368d63d917919f,#,#,false,true,false,#,#,#,#,#,false,false,0,?0,0,false
#grenade_launcher_multikill_zm,0,25,0,#,0,false,0,false,#,#hash_5510c810d2c654,#medal_grenade_launcher_multikill_zm,true,true,false,#hash_6fabcef60fbac3ba,#,#,#,#,false,false,0,?0,0,false
#hand_cannon_kill_zm,0,25,25,#,0,false,0,false,#hash_3bc5f2b3d0da050d,#,#,false,true,false,#,#,#,#,#,false,false,0,?0,0,false
#hand_cannon_special_kill_zm,0,50,150,#,0,false,0,false,#hash_3bc5f2b3d0da050d,#,#,false,true,false,#,#,#,#,#,false,false,0,?0,0,false
#hand_cannon_elite_kill_zm,0,100,250,#,0,false,0,false,#hash_3bc5f2b3d0da050d,#,#,false,true,false,#,#,#,#,#,false,false,0,?0,0,false
#hand_cannon_multikill_zm,0,25,0,#,0,false,0,false,#,#hash_3c5830545dd9407a,#medal_hand_cannon_multikill_zm,true,true,false,#hash_6fabcef60fbac3ba,#,#,#,#,false,false,0,?0,0,false
#ieu_multikill_zm,0,25,0,#,0,false,0,false,#,#hash_3fc221bf84554824,#medal_ieu_multikill_zm,true,true,false,#hash_6fabcef60fbac3ba,#,#,#,#,false,false,0,?0,0,false
#ray_rifle_multikill_zm,0,25,0,#,0,false,0,false,#,#hash_12937ad639a31538,#medal_ray_rifle_multikill_zm,true,true,false,#hash_6fabcef60fbac3ba,#,#,#,#,false,false,0,?0,0,false
#sentry_turret_assist_zm,0,10,5,#,0,false,0,false,#hash_19919763f81ec391,#,#,false,true,false,#,#,#,#,#,false,false,0,?0,0,false
#sentry_turret_kill_zm,0,5,10,#,0,false,0,false,#hash_fd79fbbf69ad2d8,#,#,false,true,false,#,#,#,#,#,false,false,0,?0,0,false
#sentry_turret_special_kill_zm,0,10,15,#,0,false,0,false,#hash_fd79fbbf69ad2d8,#,#,false,true,false,#,#,#,#,#,false,false,0,?0,0,false
#sentry_turret_elite_kill_zm,0,20,20,#,0,false,0,false,#hash_fd79fbbf69ad2d8,#,#,false,true,false,#,#,#,#,#,false,false,0,?0,0,false
#sentry_turret_multikill_zm,0,25,0,#,0,false,0,false,#,#hash_2edde9215d77b0f1,#medal_sentry_turret_multikill_zm,true,true,false,#hash_6fabcef60fbac3ba,#,#,#,#,false,false,0,?0,0,false
#objective_complete_capsule_1,0,50,1000,#,0,false,0,false,#hash_735345efff5288dc,#,#,false,true,false,#,#,#,#,#,false,false,0,?0,0,false
#objective_complete_capsule_2,0,50,2500,#,0,false,0,false,#hash_735348efff528df5,#,#,false,true,false,#,#,#,#,#,false,false,0,?0,0,false
#objective_complete_capsule_3,0,50,5000,#,0,false,0,false,#hash_735347efff528c42,#,#,false,true,false,#,#,#,#,#,false,false,0,?0,0,false
#objective_complete_capsule_4,0,50,7500,#,0,false,0,false,#hash_735342efff5283c3,#,#,false,true,false,#,#,#,#,#,false,false,0,?0,0,false
#objective_complete_capsule_5,0,50,10000,#,0,false,0,false,#hash_735341efff528210,#,#,false,true,false,#,#,#,#,#,false,false,0,?0,0,false
#objective_complete_capsule_6,0,50,12500,#,0,false,0,false,#hash_735344efff528729,#,#,false,true,false,#,#,#,#,#,false,false,0,?0,0,false
#objective_complete_capsule_7,0,50,15000,#,0,false,0,false,#hash_735343efff528576,#,#,false,true,false,#,#,#,#,#,false,false,0,?0,0,false
#objective_complete_capsule_8,0,50,15000,#,0,false,0,false,#hash_73534eefff529827,#,#,false,true,false,#,#,#,#,#,false,false,0,?0,0,false
#objective_complete_capsule_9,0,50,15000,#,0,false,0,false,#hash_73534defff529674,#,#,false,true,false,#,#,#,#,#,false,false,0,?0,0,false
#objective_complete_capsule_10,0,50,15000,#,0,false,0,false,#hash_4908c2ced93ea904,#,#,false,true,false,#,#,#,#,#,false,false,0,?0,0,false
#hash_6f36b21d3c8a81fb,0,50,1000,#,0,false,0,false,#hash_519ecb06cb478815,#,#,false,true,false,#,#,#,#,#,false,false,0,?0,0,false
#hash_6f36b31d3c8a83ae,0,50,2000,#,0,false,0,false,#hash_519ecb06cb478815,#,#,false,true,false,#,#,#,#,#,false,false,0,?0,0,false
#hash_6f36b41d3c8a8561,0,50,3000,#,0,false,0,false,#hash_519ecb06cb478815,#,#,false,true,false,#,#,#,#,#,false,false,0,?0,0,false
#hash_6f36b51d3c8a8714,0,50,4000,#,0,false,0,false,#hash_519ecb06cb478815,#,#,false,true,false,#,#,#,#,#,false,false,0,?0,0,false
#hash_6f36b61d3c8a88c7,0,50,5000,#,0,false,0,false,#hash_519ecb06cb478815,#,#,false,true,false,#,#,#,#,#,false,false,0,?0,0,false
#hash_6f36b71d3c8a8a7a,0,50,6000,#,0,false,0,false,#hash_519ecb06cb478815,#,#,false,true,false,#,#,#,#,#,false,false,0,?0,0,false
#hash_6f36b81d3c8a8c2d,0,50,7000,#,0,false,0,false,#hash_519ecb06cb478815,#,#,false,true,false,#,#,#,#,#,false,false,0,?0,0,false
#hash_6f36a91d3c8a72b0,0,50,8000,#,0,false,0,false,#hash_519ecb06cb478815,#,#,false,true,false,#,#,#,#,#,false,false,0,?0,0,false
#hash_6f36aa1d3c8a7463,0,50,9000,#,0,false,0,false,#hash_519ecb06cb478815,#,#,false,true,false,#,#,#,#,#,false,false,0,?0,0,false
#hash_47272addf5a8bf1,0,50,10000,#,0,false,0,false,#hash_519ecb06cb478815,#,#,false,true,false,#,#,#,#,#,false,false,0,?0,0,false
#defend_pristine_zm,0,50,0,#,0,false,0,false,#,#hash_7e96bc9d2f95e49e,#medal_defend_pristine_zm,true,true,false,#combat_zm,#,#,#,#,false,false,0,?0,0,false
#defend_cleanup_zm,0,0,0,#,0,false,0,false,#,#hash_74bdf43cc4c31e72,#,true,true,false,#,#,#,#,#,false,false,0,?0,0,false
#holdout_barricade_finisher_zm,0,10,10,#,0,false,0,false,#hash_9ba1734e38c56b5,#,#,false,false,false,#,#,#,#,#,false,false,0,?0,0,false
#holdout_perfect_defense_zm,0,50,0,#,0,false,0,false,#,#hash_6c7c994f6bae8ecf,#medal_holdout_perfect_defense_zm,false,true,false,#,#,#,#,#,false,false,0,?0,0,false
#secure_transmitter_secured_zm,0,25,25,#,0,false,0,false,#hash_7e8304f857b6cd7e,#,#,false,true,false,#,#,#,#,#,false,false,0,?0,0,false
#secure_pristine_zm,0,50,0,#,0,false,0,false,#,#hash_27ee7de48fe345d3,#medal_secure_pristine_zm,true,true,false,#combat_zm,#,#,#,#,false,false,0,?0,0,false
#retrieve_battery_installed_zm,0,25,25,#,0,false,0,false,#hash_429675066016ab34,#,#,false,true,false,#,#,#,#,#,false,false,0,?0,0,false
#retrieve_battery_guardian_zm,0,10,10,#,0,false,0,false,#hash_5ebdde6f7db7ff63,#,#,false,true,false,#,#,#,#,#,false,false,0,?0,0,false
#escort_payload_progress_zm,0,10,10,#,0,false,0,false,#hash_6522169dc09948c4,#,#,false,true,false,#,#,#,#,#,false,false,0,?0,0,false
#escort_pristine_zm,0,50,0,#,0,false,0,false,#,#hash_65628ce6e317b18a,#medal_escort_pristine_zm,true,true,false,#combat_zm,#,#,#,#,false,false,0,?0,0,false
#retrieve_perfect_delivery_zm,0,50,0,#,0,false,0,false,#,#hash_540dc31c9853dedc,#medal_retrieve_perfect_delivery_zm,true,true,false,#combat_zm,#,#,#,#,false,false,0,?0,0,false
#hvt_quick_kill_zm,0,50,0,#,0,false,0,false,#,#hash_37d246adceb02686,#medal_hvt_quick_kill_zm,true,true,false,#combat_zm,#,#,#,#,false,false,0,?0,0,false
#retrieve_cannister_kill_zm,0,25,25,#,0,false,0,false,#hash_3400f7e5c345a78,#,#,false,true,false,#,#,#,#,#,false,false,0,?0,0,false
#retrieve_cannister_special_kill_zm,0,50,150,#,0,false,0,false,#hash_3400f7e5c345a78,#,#,false,true,false,#,#,#,#,#,false,false,0,?0,0,false
#retrieve_cannister_elite_kill_zm,0,100,250,#,0,false,0,false,#hash_3400f7e5c345a78,#,#,false,true,false,#,#,#,#,#,false,false,0,?0,0,false
#hash_4eba6dc3abdeee5b,0,50,0,#,0,false,0,false,#,#hash_5e20e47c6fcae6d7,#medal_assault_perfect_defense_zm,true,true,false,#combat_zm,#,#,#,#,false,false,0,?0,0,false
#hash_338f0007dcc1d9df,0,50,1000,#,0,false,0,false,#hash_6ce99130697d5901,#,#,false,true,false,#,#,#,#,#,false,false,0,?0,0,false
#hash_578cee6e9f63bcd3,0,50,500,#,0,false,0,false,#hash_6443bc20c46fb1f5,#,#,false,true,false,#,#,#,#,#,false,false,0,?0,0,false
#hash_605e9a8e731c143c,0,50,1000,#,0,false,0,false,#hash_126b77a4e955c81a,#,#,false,true,false,#,#,#,#,#,false,false,0,?0,0,false
#transport_pristine_zm,0,50,0,#,0,false,0,false,#,#hash_6bfa77dd951df445,#medal_transport_pristine_zm,true,true,false,#combat_zm,#,#,#,#,false,false,0,?0,0,false
#transport_rapid_delivery_zm,0,50,0,#,0,false,0,false,#,#hash_649bed5e02596850,#medal_transport_rapid_delivery_zm,true,true,false,#combat_zm,#,#,#,#,false,false,0,?0,0,false
#jump_pads_collect_3_or_more_containers_zm,0,50,0,#,0,false,0,false,#,#hash_6539088c37f11e00,#medal_jump_pads_collect_3_or_more_containers_zm,true,true,false,#combat_zm,#,#,#,#,false,false,0,?0,0,false
#demented_echo_kill_before_shriek_zm,0,50,0,#,0,false,0,false,#,#hash_2c90c444d1523f5d,#medal_demented_echo_kill_before_shriek_zm,true,true,false,#combat_zm,#,#,#,#,false,false,0,?0,0,false
#destroy_aether_orb_zm,0,50,0,#,0,false,0,false,#,#hash_36300c5cd8fa40c3,#medal_destroy_aether_orb_zm,true,true,false,#combat_zm,#,#,#,#,false,false,0,?0,0,false
#driver_kia_zm,0,25,25,#,0,false,0,false,#hash_2991c7d79fdc7ae7,#,#,false,true,false,#,#,#,#,#,false,false,0,?0,0,false
#driver_kia_special_zm,0,50,150,#,0,false,0,false,#hash_2991c7d79fdc7ae7,#,#,false,true,false,#,#,#,#,#,false,false,0,?0,0,false
#driver_kia_elite_zm,0,100,250,#,0,false,0,false,#hash_2991c7d79fdc7ae7,#,#,false,true,false,#,#,#,#,#,false,false,0,?0,0,false
#gunner_kia_zm,0,25,25,#,0,false,0,false,#hash_1ce1f9eb1bd381c4,#,#,false,true,false,#,#,#,#,#,false,false,0,?0,0,false
#gunner_kia_special_zm,0,50,150,#,0,false,0,false,#hash_1ce1f9eb1bd381c4,#,#,false,true,false,#,#,#,#,#,false,false,0,?0,0,false
#gunner_kia_elite_zm,0,100,250,#,0,false,0,false,#hash_1ce1f9eb1bd381c4,#,#,false,true,false,#,#,#,#,#,false,false,0,?0,0,false
#freelance_kia_zm,0,25,25,#,0,false,0,false,#hash_1528a4bb46b546fc,#,#,false,true,true,#,#,#,#,#,false,false,0,?0,0,false
#freelance_kia_special_zm,0,50,150,#,0,false,0,false,#hash_1528a4bb46b546fc,#,#,false,true,true,#,#,#,#,#,false,false,0,?0,0,false
#freelance_kia_elite_zm,0,100,250,#,0,false,0,false,#hash_1528a4bb46b546fc,#,#,false,true,true,#,#,#,#,#,false,false,0,?0,0,false
#hash_40c6d8e8e8a8ac07,0,25,25,#,0,false,0,false,#hash_4af334c3aa5f25b9,#,#,false,true,true,#,#,#,#,#,false,false,0,?0,0,false
#hash_69ecd8f5cfeab17,0,50,150,#,0,false,0,false,#hash_4af334c3aa5f25b9,#,#,false,true,true,#,#,#,#,#,false,false,0,?0,0,false
#hash_243fca5539788817,0,100,250,#,0,false,0,false,#hash_4af334c3aa5f25b9,#,#,false,true,true,#,#,#,#,#,false,false,0,?0,0,false
#hash_7b13bc8a2b7784e5,0,10,5,#,0,false,0,false,#hash_5e2c506be5e7c66f,#,#,false,true,false,#,#,#,#,#,false,false,0,?0,0,false
#vehicle_impact_kill_special_elite_zm,0,50,0,#,0,false,0,false,#,#hash_5a24fb70659e8b75,#medal_vehicle_impact_kill_special_elite_zm,true,true,false,#combat_zm,#,#,#,#,false,false,0,?0,0,false
#vehicle_impact_multikill_zm,0,50,0,#,0,false,0,false,#,#hash_4fd2828ae0a89ef4,#medal_vehicle_impact_multikill_zm,true,true,false,#combat_zm,#,#,#,#,false,false,0,?0,0,false
#vehicle_weapon_multikill_zm,0,50,0,#,0,false,0,false,#,#hash_5faffeb16b584e02,#medal_vehicle_weapon_multikill_zm,true,true,false,#combat_zm,#,#,#,#,false,false,0,?0,0,false
#passenger_gunner_multikill_zm,0,50,0,#,0,false,0,false,#,#hash_5deb9abfdd4f90ab,#medal_passenger_gunner_multikill_zm,true,true,false,#combat_zm,#,#,#,#,false,false,0,?0,0,false
#driver_fav_passenger_multikill_zm,0,50,0,#,0,false,0,false,#,#hash_3036b265137cb0c0,#medal_driver_fav_passenger_multikill_zm,true,true,false,#combat_zm,#,#,#,#,false,false,0,?0,0,false
#essence_pickup_small,0,0,100,#,0,false,0,false,#hash_6490d77abe42ce74,#,#,false,true,false,#,#,#,#,#,false,false,0,?0,0,false
#essence_pickup_medium,0,0,250,#,0,false,0,false,#hash_791daab2aa47930e,#,#,false,true,false,#,#,#,#,#,false,false,0,?0,0,false
#essence_pickup_large,0,0,500,#,0,false,0,false,#hash_495965e38b8cc07c,#,#,false,true,false,#,#,#,#,#,false,false,0,?0,0,false
#bonus_points_powerup_zm,0,0,500,#,0,false,0,false,#hash_62bb45e5bfee9091,#,#,false,true,false,#,#,#,#,#,false,false,0,?0,0,false
#nuke_powerup_zm,0,0,400,#,0,false,0,false,#hash_4c0fc2ecf5d52d3,#,#,false,true,false,#,#,#,#,#,false,false,0,?0,0,false
#carpenter_powerup_zm,0,0,200,#,0,false,0,false,#hash_431ca24ba4a689e6,#,#,false,true,false,#,#,#,#,#,false,false,0,?0,0,false
#hash_5ec113f7e86b7885,0,5,10,#,0,false,0,false,#hash_779953ce32ac4593,#,#,false,true,false,#,#,#,#,#,false,false,0,?0,0,false
#hash_475425196ee93fe1,0,10,15,#,0,false,0,false,#hash_779953ce32ac4593,#,#,false,true,false,#,#,#,#,#,false,false,0,?0,0,false
#hash_65e43702a1d30e81,0,20,20,#,0,false,0,false,#hash_779953ce32ac4593,#,#,false,true,false,#,#,#,#,#,false,false,0,?0,0,false
#hash_3d490eb4bac5dc50,0,5,10,#,0,false,0,false,#hash_594f90eb95998b7e,#,#,false,true,false,#,#,#,#,#,false,false,0,?0,0,false
#hash_39a286b613247f48,0,10,15,#,0,false,0,false,#hash_594f90eb95998b7e,#,#,false,true,false,#,#,#,#,#,false,false,0,?0,0,false
#hash_3c7f67402ac0004,0,20,20,#,0,false,0,false,#hash_594f90eb95998b7e,#,#,false,true,false,#,#,#,#,#,false,false,0,?0,0,false
#secure_barrier_round_limit_zm,0,10,10,#,0,false,0,false,#hash_27c7651214412fbd,#,#,false,false,false,#,#,#,#,#,false,false,0,?0,0,false
#exfil_rbz_round_10,0,1000,0,#,0,false,0,false,#,#hash_6d4975a73053050d,#,true,true,false,#,#,#,#,#,false,false,0,?0,0,true
#exfil_rbz_round_15,0,2000,0,#,0,false,0,false,#,#hash_6d4975a73053050d,#,true,true,false,#,#,#,#,#,false,false,0,?0,0,true
#exfil_rbz_round_20,0,3000,0,#,0,false,0,false,#,#hash_6d4975a73053050d,#,true,true,false,#,#,#,#,#,false,false,0,?0,0,true
#exfil_rbz_round_25,0,4000,0,#,0,false,0,false,#,#hash_6d4975a73053050d,#,true,true,false,#,#,#,#,#,false,false,0,?0,0,true
#exfil_rbz_round_30,0,5000,0,#,0,false,0,false,#,#hash_6d4975a73053050d,#,true,true,false,#,#,#,#,#,false,false,0,?0,0,true
#exfil_rbz_round_35,0,5000,0,#,0,false,0,false,#,#hash_6d4975a73053050d,#,true,true,false,#,#,#,#,#,false,false,0,?0,0,true
#exfil_rbz_round_40,0,5000,0,#,0,false,0,false,#,#hash_6d4975a73053050d,#,true,true,false,#,#,#,#,#,false,false,0,?0,0,true
#exfil_rbz_round_45,0,5000,0,#,0,false,0,false,#,#hash_6d4975a73053050d,#,true,true,false,#,#,#,#,#,false,false,0,?0,0,true
#exfil_rbz_round_50,0,5000,0,#,0,false,0,false,#,#hash_6d4975a73053050d,#,true,true,false,#,#,#,#,#,false,false,0,?0,0,true
#exfil_rbz_round_55,0,5000,0,#,0,false,0,false,#,#hash_6d4975a73053050d,#,true,true,false,#,#,#,#,#,false,false,0,?0,0,true
#exfil_rbz_round_60,0,5000,0,#,0,false,0,false,#,#hash_6d4975a73053050d,#,true,true,false,#,#,#,#,#,false,false,0,?0,0,true
#exfil_rbz_round_65,0,5000,0,#,0,false,0,false,#,#hash_6d4975a73053050d,#,true,true,false,#,#,#,#,#,false,false,0,?0,0,true
#exfil_rbz_round_70,0,5000,0,#,0,false,0,false,#,#hash_6d4975a73053050d,#,true,true,false,#,#,#,#,#,false,false,0,?0,0,true
#exfil_rbz_round_75,0,5000,0,#,0,false,0,false,#,#hash_6d4975a73053050d,#,true,true,false,#,#,#,#,#,false,false,0,?0,0,true
#exfil_rbz_round_80,0,5000,0,#,0,false,0,false,#,#hash_6d4975a73053050d,#,true,true,false,#,#,#,#,#,false,false,0,?0,0,true
#exfil_rbz_round_85,0,5000,0,#,0,false,0,false,#,#hash_6d4975a73053050d,#,true,true,false,#,#,#,#,#,false,false,0,?0,0,true
#exfil_rbz_round_90,0,5000,0,#,0,false,0,false,#,#hash_6d4975a73053050d,#,true,true,false,#,#,#,#,#,false,false,0,?0,0,true
#exfil_rbz_round_95,0,5000,0,#,0,false,0,false,#,#hash_6d4975a73053050d,#,true,true,false,#,#,#,#,#,false,false,0,?0,0,true
#exfil_rbz_round_100,0,5000,0,#,0,false,0,false,#,#hash_6d4975a73053050d,#,true,true,false,#,#,#,#,#,false,false,0,?0,0,true
#exfil_sr_rank_1,0,500,0,#,0,false,0,false,#,#hash_6d4975a73053050d,#,true,true,false,#,#,#,#,#,false,false,0,?0,0,true
#exfil_sr_rank_2,0,1000,0,#,0,false,0,false,#,#hash_6d4975a73053050d,#,true,true,false,#,#,#,#,#,false,false,0,?0,0,true
#exfil_sr_rank_3,0,1500,0,#,0,false,0,false,#,#hash_6d4975a73053050d,#,true,true,false,#,#,#,#,#,false,false,0,?0,0,true
#exfil_sr_rank_4,0,2000,0,#,0,false,0,false,#,#hash_6d4975a73053050d,#,true,true,false,#,#,#,#,#,false,false,0,?0,0,true
#exfil_sr_rank_5,0,2500,0,#,0,false,0,false,#,#hash_6d4975a73053050d,#,true,true,false,#,#,#,#,#,false,false,0,?0,0,true
#exfil_sr_rank_6,0,3000,0,#,0,false,0,false,#,#hash_6d4975a73053050d,#,true,true,false,#,#,#,#,#,false,false,0,?0,0,true
#exfil_sr_rank_7,0,3500,0,#,0,false,0,false,#,#hash_6d4975a73053050d,#,true,true,false,#,#,#,#,#,false,false,0,?0,0,true
#exfil_sr_rank_8,0,4000,0,#,0,false,0,false,#,#hash_6d4975a73053050d,#,true,true,false,#,#,#,#,#,false,false,0,?0,0,true
#exfil_sr_rank_9,0,4500,0,#,0,false,0,false,#,#hash_6d4975a73053050d,#,true,true,false,#,#,#,#,#,false,false,0,?0,0,true
#exfil_sr_rank_10,0,5000,0,#,0,false,0,false,#,#hash_6d4975a73053050d,#,true,true,false,#,#,#,#,#,false,false,0,?0,0,true
#hash_62d538ab42fe8565,0,10,10,#,0,false,0,false,#hash_1b43a3068ac8ae07,#,#,false,true,false,#,#,#,#,#,false,false,0,?0,0,false
#hash_1fb5d644e5408000,0,10,10,#,0,false,0,false,#hash_42d594d7775ea22a,#,#,false,true,false,#,#,#,#,#,false,false,0,?0,0,false
#cranked_start_zm,0,10,10,#,0,false,0,false,#hash_2914b531f31abe10,#,#,false,true,false,#,#,#,#,#,false,false,0,?0,0,false
#hash_16aa9e7d582cff1f,0,50,50,#,0,false,0,false,#hash_2c3f4e404ba7a809,#,#,false,true,false,#,#,#,#,#,false,false,0,?0,0,false
#soa_explosion_multikill_zm,0,50,0,#,0,false,0,false,#,#hash_4f74d3d969ac6be8,#medal_soa_explosion_multikill_zm,true,true,false,#combat_zm,#,#,#,#,false,false,0,?0,0,false
#soa_melee_weapon_multikill_zm,0,50,0,#,0,false,0,false,#,#hash_44178d4eaa5feb2c,#medal_soa_melee_weapon_multikill_zm,true,true,false,#combat_zm,#,#,#,#,false,false,0,?0,0,false
#soa_multikill_without_reloading_auto_zm,0,50,0,#,0,false,0,false,#,#hash_61889584186beb05,#medal_soa_multikill_without_reloading_auto_zm,true,true,false,#combat_zm,#,#,#,#,false,false,0,?0,0,false
#soa_death_machine_multikill_zm,0,50,0,#,0,false,0,false,#,#hash_7eb5a07a2592d261,#medal_soa_death_machine_multikill_zm,true,true,false,#hash_6fabcef60fbac3ba,#,#,#,#,false,false,0,?0,0,false
#soa_hatchet_multikill_zm,0,50,0,#,0,false,0,false,#,#hash_40fcd0b22d2495fc,#medal_soa_hatchet_multikill_zm,true,true,false,#combat_zm,#,#,#,#,false,false,0,?0,0,false
#hash_4c9e05a8baeb9784,0,50,0,#,0,false,0,false,#,#hash_73c67d9995c7a1a8,#medal_soa_first_kill_zm,true,true,false,#combat_zm,#,#,#,#,false,false,0,?0,0,false
#outbreak_mq_aether_bunny_kill_zm,0,25,25,#,0,false,0,false,#hash_17d0a680b4bc87b1,#,#,false,true,false,#,#,#,#,#,false,false,0,?0,0,false
#outbreak_mq_aether_bunny_special_kill_zm,0,50,150,#,0,false,0,false,#hash_17d0a680b4bc87b1,#,#,false,true,false,#,#,#,#,#,false,false,0,?0,0,false
#outbreak_mq_aether_bunny_elite_kill_zm,0,100,250,#,0,false,0,false,#hash_17d0a680b4bc87b1,#,#,false,true,false,#,#,#,#,#,false,false,0,?0,0,false
#hash_748d4479ffd0521e,0,10,10,#,0,false,0,false,#hash_70d4df31dbde529c,#,#,false,true,false,#,#,#,#,#,false,false,0,?0,0,false
#hash_7a2b38dbc394a3e1,0,10,10,#,0,false,0,false,#hash_57a898c8db910783,#,#,false,true,false,#,#,#,#,#,false,false,0,?0,0,false
#hash_93c1524520f5882,0,0,10,#,0,false,0,false,#hash_5aa997bf777153d4,#,#,false,true,false,#,#,#,#,#,false,false,0,?0,0,false
#haunting_destroyed_pumpkin,0,0,10,#,0,false,0,false,#hash_2e396b0e0823c37c,#,#,false,true,false,#,#,#,#,#,false,false,0,?0,0,false
#kill_rbz_zombie,0,0,0,#,0,false,0,false,#,#,#,false,true,true,#,#,#,#,#,false,false,0,?0,13,false
#melee_kill,0,0,0,#,0,false,0,false,#,#,#,false,true,true,#,#,#,#,#,false,false,0,?0,0,false
#headshot,0,0,0,#,0,false,0,false,#,#,#,false,true,true,#,#,#,#,#,false,false,0,?0,19,false
#open_door,0,0,0,#,0,false,0,false,#,#,#,false,true,false,#,#,#,#,#,false,false,0,?0,0,false
#kill_catalyst,0,0,0,#,0,false,0,false,#,#,#,false,true,true,#,#,#,#,#,false,false,0,?0,19,false
#kill_blightfather,0,0,0,#,0,false,0,false,#,#,#,false,true,true,#,#,#,#,#,false,false,0,?0,188,false
#kill_stoker,0,0,0,#,0,false,0,false,#,#,#,false,true,true,#,#,#,#,#,false,false,0,?0,63,false
#kill_tiger,0,0,0,#,0,false,0,false,#,#,#,false,true,true,#,#,#,#,#,false,false,0,?0,19,false
#kill_marauder,0,0,0,#,0,false,0,false,#,#,#,false,true,true,#,#,#,#,#,false,false,0,?0,50,false
#kill_destroyer,0,0,0,#,0,false,0,false,#,#,#,false,true,true,#,#,#,#,#,false,false,0,?0,125,false
#kill_dog,0,0,0,#,0,false,0,false,#,#,#,false,true,true,#,#,#,#,#,false,false,0,?0,13,false
#kill_brutus,0,0,0,#,0,false,0,false,#,#,#,false,true,true,#,#,#,#,#,false,false,0,?0,150,false
#kill_nova_crawler,0,0,0,#,0,false,0,false,#,#,#,false,true,true,#,#,#,#,#,false,false,0,?0,13,false
#kill_bat,0,0,0,#,0,false,0,false,#,#,#,false,true,true,#,#,#,#,#,false,false,0,?0,13,false
#kill_nosferatu,0,0,0,#,0,false,0,false,#,#,#,false,true,true,#,#,#,#,#,false,false,0,?0,25,false
#kill_werewolf,0,0,0,#,0,false,0,false,#,#,#,false,true,true,#,#,#,#,#,false,false,0,?0,125,false
#revive_an_ally,0,0,0,#,0,false,0,false,#,#,#,false,true,false,#,#,#,#,#,false,false,0,?0,0,false
#alive_at_round_end_1,0,0,0,#,0,false,0,false,#,#,#,false,true,false,#,#,#,#,#,false,false,0,?0,0,false
#alive_at_round_end_2,0,0,0,#,0,false,0,false,#,#,#,false,true,false,#,#,#,#,#,false,false,0,?0,0,false
#alive_at_round_end_3,0,0,0,#,0,false,0,false,#,#,#,false,true,false,#,#,#,#,#,false,false,0,?0,0,false
#alive_at_round_end_4,0,0,0,#,0,false,0,false,#,#,#,false,true,false,#,#,#,#,#,false,false,0,?0,0,false
#alive_at_round_end_5,0,0,0,#,0,false,0,false,#,#,#,false,true,false,#,#,#,#,#,false,false,0,?0,0,false
#alive_at_round_end_6,0,0,0,#,0,false,0,false,#,#,#,false,true,false,#,#,#,#,#,false,false,0,?0,0,false
#alive_at_round_end_7,0,0,0,#,0,false,0,false,#,#,#,false,true,false,#,#,#,#,#,false,false,0,?0,0,false
#alive_at_round_end_8,0,0,0,#,0,false,0,false,#,#,#,false,true,false,#,#,#,#,#,false,false,0,?0,0,false
#alive_at_round_end_9,0,0,0,#,0,false,0,false,#,#,#,false,true,false,#,#,#,#,#,false,false,0,?0,0,false
#alive_at_round_end_10,0,0,0,#,0,false,0,false,#,#,#,false,true,false,#,#,#,#,#,false,false,0,?0,0,false
#alive_at_round_end_11,0,0,0,#,0,false,0,false,#,#,#,false,true,false,#,#,#,#,#,false,false,0,?0,0,false
#alive_at_round_end_12,0,0,0,#,0,false,0,false,#,#,#,false,true,false,#,#,#,#,#,false,false,0,?0,0,false
#alive_at_round_end_13,0,0,0,#,0,false,0,false,#,#,#,false,true,false,#,#,#,#,#,false,false,0,?0,0,false
#alive_at_round_end_14,0,0,0,#,0,false,0,false,#,#,#,false,true,false,#,#,#,#,#,false,false,0,?0,0,false
#alive_at_round_end_15,0,0,0,#,0,false,0,false,#,#,#,false,true,false,#,#,#,#,#,false,false,0,?0,0,false
#alive_at_round_end_16,0,0,0,#,0,false,0,false,#,#,#,false,true,false,#,#,#,#,#,false,false,0,?0,0,false
#alive_at_round_end_17,0,0,0,#,0,false,0,false,#,#,#,false,true,false,#,#,#,#,#,false,false,0,?0,0,false
#alive_at_round_end_18,0,0,0,#,0,false,0,false,#,#,#,false,true,false,#,#,#,#,#,false,false,0,?0,0,false
#alive_at_round_end_19,0,0,0,#,0,false,0,false,#,#,#,false,true,false,#,#,#,#,#,false,false,0,?0,0,false
#alive_at_round_end_20,0,0,0,#,0,false,0,false,#,#,#,false,true,false,#,#,#,#,#,false,false,0,?0,0,false
#main_ee,0,0,0,#,0,false,0,false,#,#,#,false,true,false,#,#,#,#,#,false,false,0,?0,0,false
#hash_5e798b50a2ddc12e,0,0,0,#,0,false,0,false,#,#,#,false,true,true,#,#,#,#,#,false,false,0,?0,0,true
#hash_1b7ad9eabc09997f,0,0,0,#,0,false,0,false,#,#,#,false,true,true,#,#,#,#,#,false,false,0,?0,0,true
#hash_20b3941538a2ee2e,0,0,0,#,0,false,0,false,#,#,#,false,true,true,#,#,#,#,#,false,false,0,?0,0,true
#hash_55764e2d966e5139,0,0,0,#,0,false,0,false,#,#,#,false,true,true,#,#,#,#,#,false,false,0,?0,0,true
#hash_5fedff15a5230e99,0,0,0,#,0,false,0,false,#,#,#,false,true,true,#,#,#,#,#,false,false,0,?0,0,true
#hash_5cfd8b1bab0eee6f,0,100,100,#,0,false,0,false,#,#,#,false,true,false,#,#,#,#,#,false,false,0,?0,0,false
#hash_1655db4904ecaf05,0,0,0,#,0,false,0,false,#,#,#,false,true,false,#,#,#,#,#,false,false,0,?0,0,false
