#ekia,0,100,50,#,0,false,0,false,#hash_1207d7f5e1ee574c,#stats_ekia,#,true,true,true,#,#,#,#,#,false,false,50,?0,25,false
#melee_kill,0,100,50,#,0,false,0,false,#hash_69915cb23bd5c9ab,#,#,true,true,true,#combat,#,#,#,#,false,false,0,?0,0,false
#cluster_semtex_kill,0,100,50,#,0,false,0,false,#hash_776f0ea3177db797,#stats_cluster_semtex_kill,#,true,true,false,#,#,#,#,#,false,false,0,?0,0,false
#frag_grenade_kill,0,100,50,#,0,false,0,false,#hash_6e4198125b4433e4,#,#,false,true,false,#,#,#,#,#,false,false,0,?0,0,false
#hatchet_kill,0,100,50,#,0,false,0,false,#hash_340db7e054532a9a,#stats_hatchet_kill,#medal_hatchet_kill,true,true,false,#combat,#,#,#,#,false,false,0,?0,0,false
#molotov_kill,0,100,50,#,0,false,0,false,#hash_75983161b92dad5,#,#,false,true,false,#,#,#,#,#,false,false,0,?0,0,false
#hash_6504afb1698bb9bc,0,100,50,#,0,false,0,false,#hash_68fe4a44175c5bd5,#,#,false,true,false,#,#,#,#,#,false,false,0,?0,0,false
#hash_501e0d61deb6e3f3,0,100,50,#,0,false,0,false,#hash_6bca5ccdc74f7986,#hash_1140aecd70c5e057,#,false,true,false,#,#,#,#,#,false,false,0,?0,0,false
#deployable_cover_kill,0,100,50,#,0,false,0,false,#hash_25f38a82b397511e,#stats_deployable_cover_kill,#,true,true,false,#,#,#,#,#,false,false,0,?0,0,false
#hash_5a02ff4e546b68f1,0,100,50,#,0,false,0,false,#hash_27b6051984b5864c,#hash_3d273263b5e1745d,#medal_gas_trap_kill,true,true,false,#combat,#,#,#,#,false,false,0,?0,0,false
#hash_9cba9191f2fa5d7,0,100,50,#,0,false,0,false,#hash_45b6c4022fc3172c,#hash_73d55c17397447b,#medal_land_mine_kill,true,true,false,#combat,#,#,#,#,false,false,0,?0,0,false
#annihilator_kill,0,100,50,#hero_annihilator,0,false,0,false,#hash_66530765f5e29eae,#stats_annihilator_kill,#,true,true,false,#,#,#,#,#,false,false,0,?0,0,false
#purifier_kill,0,100,50,#hero_flamethrower,0,false,0,false,#hash_6d0622ece174cbf9,#stats_purifier_kill,#,true,true,false,#,#,#,#,#,false,false,0,?0,0,false
#scythe_kill,0,100,50,#sig_lmg,0,false,0,false,#hash_181e8d4369690d07,#,#,false,true,false,#,#,#,#,#,false,false,0,?0,0,false
#sparrow_kill,0,100,50,#sig_bow_flame,0,false,0,false,#hash_93947d6252ca02b,#stats_sparrow_kill,#,true,true,false,#,#,#,#,#,false,false,0,?0,0,false
#war_machine_kill,0,100,50,#hero_pineapplegun,0,false,0,false,#hash_1e336907c5754af,#stats_war_machine_kill,#,true,true,false,#,#,#,#,#,false,false,0,?0,0,false
#killed_attacker,0,100,50,#,0,false,0,true,#hash_29c0e1300a537937,#stats_killed_attacker,#,true,true,true,#,#,#,#,#,false,false,0,?0,0,false
#killed_defender,0,100,50,#,0,false,0,true,#hash_3487bb65b11c038f,#stats_killed_defender,#,true,true,true,#,#,#,#,#,false,false,0,?0,0,false
#war_killed_attacker_in_zone,0,100,50,#,0,false,0,true,#hash_50ff391c7a60db,#,#,false,true,true,#gamemode,#,#,#,#,false,false,0,?0,0,false
#war_killed_defender_in_zone,0,100,50,#,0,false,0,true,#hash_7d708140005a1df7,#,#,false,true,true,#,#,#,#,#,false,false,0,?0,0,false
#kill_enemy_while_capping_dom,0,100,50,#,0,false,0,true,#hash_6b8fb98459bbafe8,#stats_kill_enemy_while_capping,#medal_kill_enemy_while_capping_dom,true,true,true,#gamemode,#,#,#,#,false,false,0,?0,0,false
#hardpoint_kill,0,100,50,#,0,false,0,true,#hash_27e39b3a318f2d58,#,#,false,true,true,#,#,#,#,#,false,false,0,?0,0,false
#killed_bomb_planter,0,100,50,#,0,false,0,true,#hash_64994a65bcaf5739,#stats_killed_bomb_planter,#medal_killed_bomb_planter,true,true,true,#gamemode,#,#,#,#,false,false,0,?0,0,false
#killed_bomb_defuser,0,100,50,#,0,false,0,true,#hash_106122109016c4fb,#stats_killed_bomb_defuser,#medal_killed_bomb_defuser,true,true,true,#gamemode,#,#,#,#,false,false,0,?0,0,false
#hash_5d532825a2d0023,0,100,50,#,0,false,0,true,#hash_5a6af1ac2eb01fe6,#,#,false,true,true,#,#,#,#,#,false,false,0,?0,0,false
#hash_b15e641945148d4,0,100,50,#,0,false,0,true,#hash_7cc2187b8cc3c67b,#,#,false,true,true,#,#,#,#,#,false,false,0,?0,0,false
#hash_2fa5091c22f8e529,0,100,50,#,0,false,0,true,#hash_385ea051d8495ccc,#,#,false,true,true,#,#,#,#,#,false,false,0,?0,0,false
#hash_487edfe4eab89682,0,100,50,#,0,false,0,true,#hash_302409ec8cdb336f,#,#,false,true,true,#,#,#,#,#,false,false,0,?0,0,false
#hash_725686a5570cf00a,0,100,50,#,0,false,0,false,#hash_6a5716996bec73e3,#,#,false,true,false,#,#,#,#,#,false,false,0,?0,0,false
#hash_3ae4d5d2b66fd960,0,100,50,#,0,false,0,false,#hash_273cc3ecf9237807,#,#,false,true,false,#,#,#,#,#,false,false,0,?0,0,false
#hash_5429e1f8389910a9,0,100,50,#,0,false,0,false,#hash_48a1dcb0f43dc080,#,#,false,true,false,#,#,#,#,#,false,false,0,?0,0,false
#hash_5b50fec911597745,0,100,50,#,0,false,0,false,#hash_1d7c52290486224e,#,#,false,true,true,#,#,#,#,#,false,false,0,?0,0,false
#kill,0,0,0,#,0,false,5,false,#,#,#,false,true,false,#,#,#,#,#,false,false,100,?0,25,false
#first_kill,0,50,0,#,0,false,0,false,#,#stats_first_kill,#medal_first_kill,true,true,false,#combat,#,#,#,#,false,false,0,?0,0,false
#headshot,0,50,0,#,0,false,2,false,#,#stats_headshot,#medal_headshot,true,true,false,#combat,#,#,#,#,false,false,0,?0,0,false
#assisted_suicide,0,50,0,#,0,false,0,false,#,#stats_assisted_suicide,#medal_assisted_suicide,true,true,false,#combat,#,#,#,#,false,false,0,?0,0,false
#longshot_kill,0,50,0,#,0,false,2,false,#,#stats_longshot_kill,#medal_longshot_kill,true,true,false,#combat,#,#,#,#,false,false,0,?0,0,false
#kill_enemy_one_bullet,0,50,0,#,0,false,0,false,#,#stats_kill_enemy_one_bullet,#medal_kill_enemy_one_bullet,true,true,false,#combat,#,#,#,#,false,false,0,?0,0,false
#kill_enemies_one_bullet,0,75,0,#,0,false,0,false,#,#stats_kill_enemies_one_bullet,#medal_kill_enemies_one_bullet,true,true,false,#combat,#,#,#,#,false,false,0,?0,0,false
#kill_enemy_who_has_high_score,0,50,0,#,0,false,0,false,#,#stats_kill_enemy_who_has_high_score,#medal_kill_enemy_who_has_high_score,true,true,false,#combat,#,#,#,#,false,false,0,?0,0,false
#uninterrupted_obit_feed_kills,0,100,0,#,0,false,0,false,#,#stats_uninterrupted_obit_feed_kills,#medal_uninterrupted_obit_feed_kills,true,true,false,#combat,#,#,#,#,false,false,0,?0,0,false
#kill_enemy_when_injured,0,50,0,#,0,false,0,false,#,#stats_kill_enemy_when_injured,#medal_kill_enemy_when_injured,true,true,false,#combat,#,#,#,#,false,false,0,?0,0,false
#comeback_from_deathstreak,0,50,0,#,0,false,0,false,#,#stats_comeback_from_deathstreak,#medal_comeback_from_deathstreak,true,true,false,#combat,#,#,#,#,false,false,0,?0,0,false
#revenge_kill,0,50,0,#,0,false,0,false,#,#stats_revenge_kill,#medal_revenge_kill,true,true,false,#combat,#,#,#,#,false,false,0,?0,0,false
#kill_enemy_after_death,0,50,0,#,0,false,0,false,#,#stats_kill_enemy_after_death,#medal_kill_enemy_after_death,true,true,false,#combat,#,#,#,#,false,false,0,?0,0,false
#kill_enemy_with_their_weapon,0,50,0,#,0,false,0,false,#,#stats_kill_enemy_with_their_weapon,#medal_kill_enemy_with_their_weapon,true,true,false,#combat,#,#,#,#,false,false,0,?0,0,false
#stop_enemy_killstreak,0,50,0,#,0,false,0,false,#,#stats_stop_enemy_killstreak,#medal_stop_enemy_killstreak,true,true,false,#combat,#,#,#,#,false,false,0,?0,0,false
#kill_enemy_who_killed_teammate,0,50,0,#,0,false,0,false,#,#stats_kill_enemy_who_killed_teammate,#medal_kill_enemy_who_killed_teammate,true,true,false,#combat,#,#,#,#,false,false,0,?0,0,false
#kill_enemy_injuring_teammate,0,50,0,#,0,false,0,false,#,#stats_kill_enemy_injuring_teammate,#medal_kill_enemy_injuring_teammate,true,true,false,#combat,#,#,#,#,false,false,0,?0,0,false
#backstabber_kill,0,50,0,#,0,false,0,false,#,#stats_backstabber_kill,#medal_backstabber_kill,true,true,false,#combat,#,#,#,#,false,false,0,?0,0,false
#kill_enemy_with_gunbutt,0,50,0,#,0,false,0,false,#,#stats_kill_enemy_with_gunbutt,#medal_kill_enemy_with_gunbutt,true,true,false,#combat,#,#,#,#,false,false,0,?0,0,false
#kill_enemy_with_fists,0,50,0,#,0,false,0,false,#,#stats_kill_enemy_with_fists,#medal_kill_enemy_with_fists,true,true,false,#combat,#,#,#,#,false,false,0,?0,0,false
#hash_7e54fa6e53910c4e,0,50,0,#,0,false,0,false,#,#stats_kill_enemy_while_flashed_slowed_stunned,#medal_kill_enemy_while_flashed_slowed_stunned,true,true,false,#combat,#,#,#,#,false,false,0,?0,0,false
#kill_enemy_after_switching_weapons,0,50,0,#,0,false,0,false,#,#stats_kill_enemy_after_switching_weapons,#medal_kill_enemy_after_switching_weapons,true,true,false,#combat,#,#,#,#,false,false,0,?0,0,false
#kill_enemy_while_sliding,0,50,0,#,0,false,0,false,#,#stats_kill_enemy_while_sliding,#medal_kill_enemy_while_sliding,true,true,false,#combat,#,#,#,#,false,false,0,?0,0,false
#traversal_kill,0,50,0,#,0,false,0,false,#,#stats_traversal_kill,#medal_traversal_kill,true,true,false,#combat,#,#,#,#,false,false,0,?0,0,false
#kill_enemy_with_armor,0,50,0,#,0,false,0,false,#,#stats_kill_enemy_with_armor,#medal_kill_enemy_with_armor,true,true,false,#antiscorestreak,#,#,#,#,false,false,0,?0,0,false
#hash_56ede06b1821a561,0,50,0,#,0,false,0,false,#,#hash_3183bd76e4f93d3d,#medal_point_blank_kill,true,true,false,#combat,#,#,#,#,false,false,0,?0,0,false
#hash_21b62e7a039a069f,0,50,0,#,0,false,3,false,#,#hash_373fd5819588488b,#medal_finishing_move_kill,true,true,false,#combat,#,#,#,#,false,false,0,?0,0,false
#top_scorer,0,50,0,#,0,false,0,false,#,#hash_38e163160277b085,#medal_top_scorer,true,true,false,#combat,#,#,#,#,false,false,0,?0,0,false
#hash_78d8c2b66953e498,0,50,0,#,0,false,0,false,#,#hash_6d5cb8df079ca66c,#medal_kill_with_thrown_back_grenade,true,true,false,#combat,#,#,#,#,false,false,0,?0,0,false
#killstreak_2,0,0,25,#,0,false,0,false,#hash_e47d76f47466055,#stats_killstreak_2,#,true,false,false,#,#,#,#,#,false,false,0,?0,0,false
#killstreak_3,0,0,25,#,0,false,0,false,#hash_e47d66f47465ea2,#stats_killstreak_3,#,true,false,false,#,#,#,#,#,false,false,0,?0,0,false
#killstreak_4,0,0,50,#,0,false,0,false,#hash_e47d16f47465623,#stats_killstreak_4,#,true,false,false,#,#,#,#,#,false,false,0,?0,0,false
#killstreak_5,0,50,500,#,0,false,0,false,#hash_e47d06f47465470,#stats_killstreak_5,#medal_killstreak_5,true,true,false,#combat,#,#,#,#,false,false,0,?0,0,false
#killstreak_6,0,0,300,#,0,false,0,false,#hash_e47d36f47465989,#stats_killstreak_6,#,true,false,false,#,#,#,#,#,false,false,0,?0,0,false
#killstreak_7,0,0,350,#,0,false,0,false,#hash_e47d26f474657d6,#stats_killstreak_7,#,true,false,false,#,#,#,#,#,false,false,0,?0,0,false
#killstreak_8,0,0,400,#,0,false,0,false,#hash_e47dd6f47466a87,#stats_killstreak_8,#,true,false,false,#,#,#,#,#,false,false,0,?0,0,false
#killstreak_9,0,0,450,#,0,false,0,false,#hash_e47dc6f474668d4,#stats_killstreak_9,#,true,false,false,#,#,#,#,#,false,false,0,?0,0,false
#killstreak_10,0,100,2000,#,0,false,0,false,#hash_a6905161c8cb564,#stats_killstreak_10,#medal_killstreak_10,true,true,false,#combat,#,#,#,#,false,false,0,?0,0,false
#killstreak_11,0,0,500,#,0,false,0,false,#hash_a6906161c8cb717,#stats_killstreak_11,#,true,false,false,#,#,#,#,#,false,false,0,?0,0,false
#killstreak_12,0,0,500,#,0,false,0,false,#hash_a6907161c8cb8ca,#stats_killstreak_12,#,true,false,false,#,#,#,#,#,false,false,0,?0,0,false
#killstreak_13,0,0,500,#,0,false,0,false,#hash_a6908161c8cba7d,#stats_killstreak_13,#,true,false,false,#,#,#,#,#,false,false,0,?0,0,false
#killstreak_14,0,0,500,#,0,false,0,false,#hash_a6901161c8cae98,#stats_killstreak_14,#,true,false,false,#,#,#,#,#,false,false,0,?0,0,false
#killstreak_15,0,150,2000,#,0,false,0,false,#hash_a6902161c8cb04b,#stats_killstreak_15,#medal_killstreak_15,true,true,false,#combat,#,#,#,#,false,false,0,?0,0,false
#killstreak_16,0,0,500,#,0,false,0,false,#hash_a6903161c8cb1fe,#stats_killstreak_16,#,true,false,false,#,#,#,#,#,false,false,0,?0,0,false
#killstreak_17,0,0,500,#,0,false,0,false,#hash_a6904161c8cb3b1,#stats_killstreak_17,#,true,false,false,#,#,#,#,#,false,false,0,?0,0,false
#killstreak_18,0,0,500,#,0,false,0,false,#hash_a68fd161c8ca7cc,#stats_killstreak_18,#,true,false,false,#,#,#,#,#,false,false,0,?0,0,false
#killstreak_19,0,0,500,#,0,false,0,false,#hash_a68fe161c8ca97f,#stats_killstreak_19,#,true,false,false,#,#,#,#,#,false,false,0,?0,0,false
#killstreak_20,0,200,2000,#,0,false,0,false,#hash_a7377161c95cb9f,#stats_killstreak_20,#medal_killstreak_20,true,true,false,#combat,#,#,#,#,false,false,0,?0,0,false
#killstreak_21,0,0,500,#,0,false,0,false,#hash_a7376161c95c9ec,#stats_killstreak_21,#,true,false,false,#,#,#,#,#,false,false,0,?0,0,false
#killstreak_22,0,0,500,#,0,false,0,false,#hash_a7379161c95cf05,#stats_killstreak_22,#,true,false,false,#,#,#,#,#,false,false,0,?0,0,false
#killstreak_23,0,0,500,#,0,false,0,false,#hash_a7378161c95cd52,#stats_killstreak_23,#,true,false,false,#,#,#,#,#,false,false,0,?0,0,false
#killstreak_24,0,0,500,#,0,false,0,false,#hash_a7373161c95c4d3,#stats_killstreak_24,#,true,false,false,#,#,#,#,#,false,false,0,?0,0,false
#killstreak_25,0,250,2500,#,0,false,0,false,#hash_a7372161c95c320,#stats_killstreak_25,#medal_killstreak_25,true,true,false,#combat,#,#,#,#,false,false,0,?0,0,false
#killstreak_26,0,0,500,#,0,false,0,false,#hash_a7375161c95c839,#stats_killstreak_26,#,true,false,false,#,#,#,#,#,false,false,0,?0,0,false
#killstreak_27,0,0,500,#,0,false,0,false,#hash_a7374161c95c686,#stats_killstreak_27,#,true,false,false,#,#,#,#,#,false,false,0,?0,0,false
#killstreak_28,0,0,500,#,0,false,0,false,#hash_a737f161c95d937,#stats_killstreak_28,#,true,false,false,#,#,#,#,#,false,false,0,?0,0,false
#killstreak_29,0,0,500,#,0,false,0,false,#hash_a737e161c95d784,#stats_killstreak_29,#,true,false,false,#,#,#,#,#,false,false,0,?0,0,false
#killstreak_30,0,500,3000,#,0,false,0,false,#hash_a6ff1161c92b216,#stats_killstreak_30,#medal_killstreak_30,true,true,false,#combat,#,#,#,#,false,false,0,?0,0,false
#killstreak_more_than_30,0,100,500,#,0,false,0,false,#hash_662db24f78129fe4,#stats_killstreak_more_than_30,#medal_killstreak_more_than_30,true,true,false,#combat,#,#,#,#,false,false,0,?0,0,false
#multikill_2,0,50,0,#,0,false,3,false,#,#stats_multikill_2,#medal_multikill_2,true,true,false,#combat,#,#,#,#,false,false,0,?0,0,false
#multikill_3,0,75,0,#,0,false,3,false,#,#stats_multikill_3,#medal_multikill_3,true,true,false,#combat,#,#,#,#,false,false,0,?0,0,false
#multikill_4,0,150,0,#,0,false,3,false,#,#stats_multikill_4,#medal_multikill_4,true,true,false,#combat,#,#,#,#,false,false,0,?0,0,false
#multikill_5,0,200,0,#,0,false,3,false,#,#stats_multikill_5,#medal_multikill_5,true,true,false,#combat,#,#,#,#,false,false,0,?0,0,false
#multikill_6,0,250,0,#,0,false,3,false,#,#stats_multikill_6,#medal_multikill_6,true,true,false,#combat,#,#,#,#,false,false,0,?0,0,false
#multikill_7,0,500,0,#,0,false,3,false,#,#stats_multikill_7,#medal_multikill_7,true,true,false,#combat,#,#,#,#,false,false,0,?0,0,false
#multikill_more_than_7,0,100,0,#,0,false,3,false,#,#stats_multikill_more_than_7,#medal_multikill_more_than_7,true,true,false,#combat,#,#,#,#,false,false,0,?0,0,false
#team_kill,0,0,0,#,0,false,0,false,#,#,#,false,false,false,#,#,#,#,#,false,false,0,?0,0,false
#death,0,0,0,#,0,false,0,false,#,#,#,false,false,false,#,#,#,#,#,false,false,0,?0,0,false
#suicide,0,0,0,#,0,false,0,false,#,#,#,false,false,false,#,#,#,#,#,false,false,0,?0,0,false
#hash_1904f9ad2174b9be,0,25,50,#,0,false,0,false,#hash_73802c015323e131,#,#,false,true,false,#,#,#,#,#,false,false,0,?0,0,false
#hash_e3d784e50465fd3,0,25,100,#,0,false,0,false,#hash_6eaaa136e47f8608,#,#,false,true,false,#,#,#,#,#,false,false,0,?0,0,false
#hash_e3d774e50465e20,0,25,150,#,0,false,0,false,#hash_6eaaa236e47f87bb,#,#,false,true,false,#,#,#,#,#,false,false,0,?0,0,false
#hash_e3d7e4e50466a05,0,50,200,#,0,false,0,false,#hash_6eaaa736e47f903a,#,#,false,true,false,#,#,#,#,#,false,false,0,?0,0,false
#hash_e3d7d4e50466852,0,50,250,#,0,false,0,false,#hash_6eaaa836e47f91ed,#,#,false,true,false,#,#,#,#,#,false,false,0,?0,0,false
#hash_e3d7c4e5046669f,0,50,300,#,0,false,0,false,#hash_6eaaa536e47f8cd4,#,#,false,true,false,#,#,#,#,#,false,false,0,?0,0,false
#hash_e3d7b4e504664ec,0,50,350,#,0,false,0,false,#hash_6eaaa636e47f8e87,#,#,false,true,false,#,#,#,#,#,false,false,0,?0,0,false
#hash_e3d824e504670d1,0,50,400,#,0,false,0,false,#hash_6eaa9b36e47f7bd6,#,#,false,true,false,#,#,#,#,#,false,false,0,?0,0,false
#hash_e3d814e50466f1e,0,100,450,#,0,false,0,false,#hash_6eaa9c36e47f7d89,#,#,false,true,false,#,#,#,#,#,false,false,0,?0,0,false
#hash_78d6d61267980842,0,100,500,#,0,false,0,false,#hash_b801a4644b94de3,#,#,false,true,false,#,#,#,#,#,false,false,0,?0,0,false
#hash_78d6d712679809f5,0,100,550,#,0,false,0,false,#hash_b80194644b94c30,#,#,false,true,false,#,#,#,#,#,false,false,0,?0,0,false
#hash_78d6d412679804dc,0,100,600,#,0,false,0,false,#hash_b801c4644b95149,#,#,false,true,false,#,#,#,#,#,false,false,0,?0,0,false
#hash_78d6d5126798068f,0,100,650,#,0,false,0,false,#hash_b801b4644b94f96,#,#,false,true,false,#,#,#,#,#,false,false,0,?0,0,false
#hash_78d6d21267980176,0,125,700,#,0,false,0,false,#hash_b801e4644b954af,#,#,false,true,false,#,#,#,#,#,false,false,0,?0,0,false
#hash_78d6d31267980329,0,125,750,#,0,false,0,false,#hash_b801d4644b952fc,#,#,false,true,false,#,#,#,#,#,false,false,0,?0,0,false
#hash_78d6d0126797fe10,0,125,800,#,0,false,0,false,#hash_b80204644b95815,#,#,false,true,false,#,#,#,#,#,false,false,0,?0,0,false
#hash_78d6d1126797ffc3,0,125,850,#,0,false,0,false,#hash_b801f4644b95662,#,#,false,true,false,#,#,#,#,#,false,false,0,?0,0,false
#hash_78d6de12679815da,0,150,900,#,0,false,0,false,#hash_b80224644b95b7b,#,#,false,true,false,#,#,#,#,#,false,false,0,?0,0,false
#hash_78d6df126798178d,0,150,950,#,0,false,0,false,#hash_b80214644b959c8,#,#,false,true,false,#,#,#,#,#,false,false,0,?0,0,false
#hash_78d350126794eeb9,0,100,1000,#,0,false,0,false,#hash_b76284644b11128,#,#,false,true,false,#,#,#,#,#,false,false,0,?0,0,false
#hash_51f891de58ee2281,0,25,100,#,0,false,0,false,#hash_37b7d73e21c69596,#,#,false,true,false,#,#,#,#,#,false,false,0,?0,0,false
#hash_78f6e45d08abe0db,0,25,50,#,0,false,0,false,#hash_6999119da9e51c74,#,#,false,true,false,#,#,#,#,#,false,false,0,?0,0,false
#hash_250eb876852d8525,0,15,25,#,0,false,0,false,#hash_7b60f3de5f20f730,#,#,false,true,false,#,#,#,#,#,false,false,0,?0,0,false
#hash_17a6ff6ceeed9bdc,0,0,20,#,0,false,0,false,#hash_3d7347500c6eb42b,#,#,false,false,false,#,#,#,#,#,false,false,0,?0,0,false
#hash_3a4044777bf1a070,0,0,0,#,0,false,0,false,#,#,#,false,false,false,#,#,#,#,#,false,false,0,?0,0,false
#cluster_semtex_stick,0,50,0,#,0,false,0,false,#,#stats_cluster_semtex_stick,#medal_cluster_semtex_stick,true,true,false,#combat,#,#,#,#,false,false,0,?0,0,false
#hash_4909c0d3cc10545,0,50,0,#,0,false,0,false,#,#stats_cluster_semtex_multikill_x2_summary,#medal_cluster_semtex_multikill_x2_summary,true,true,false,#combat,#,#,#,#,false,false,0,?0,0,false
#hash_7b589b3c0bd1a913,0,10,15,#,0,false,0,false,#hash_619e3d27fd0c8f96,#,#,false,true,false,#,#,#,#,#,false,false,0,?0,0,false
#hash_55c0e2f8f8f4f342,0,15,25,#,0,false,0,false,#hash_143e939772095dd0,#,#,false,true,false,#,#,#,#,#,false,false,0,?0,0,false
#hash_d68266070c54aa7,0,50,0,#,0,false,0,false,#,#stats_concussion_grenade_multikill_x2_summary,#medal_concussion_grenade_multikill_x2_summary,true,true,false,#combat,#,#,#,#,false,false,0,?0,0,false
#hash_2719e22561441ed5,0,15,25,#,0,false,0,false,#hash_6327e920fe786a6b,#,#,false,true,true,#,#,#,#,#,false,false,0,?0,0,false
#hash_603c04e7d92f4583,0,10,15,#,0,false,0,false,#hash_21a815bd0c52c964,#hash_367db24a58b3809f,#,true,true,true,#,#,#,#,#,false,false,0,?0,0,false
#hash_374faf9b296382e8,0,10,15,#,0,false,0,false,#hash_3e34f0d7ba3ff27d,#,#,false,true,false,#,#,#,#,#,false,false,0,?0,0,false
#hash_24b1201b633590c4,0,15,25,#,0,false,0,false,#hash_1a3a5db41d4962bb,#hash_24f4b0625c70f270,#,true,true,false,#,#,#,#,#,false,false,0,?0,0,false
#hash_6cea6ba1de6cff7b,0,50,0,#,0,false,0,false,#,#hash_79b3d91844b4917,#medal_flashbang_flashed_enemy_multikill_2,true,true,false,#combat,#,#,#,#,false,false,0,?0,0,false
#hash_392d85b53bb8733e,0,50,0,#,0,false,0,false,#,#stats_frag_multikill_x2_summary,#medal_frag_multikill_x2_summary,true,true,false,#combat,#,#,#,#,false,false,0,?0,0,false
#bounce_hatchet_kill,0,250,0,#,0,false,0,false,#,#stats_bounce_hatchet_kill,#medal_bounce_hatchet_kill,true,true,false,#combat,#,#,#,#,false,false,0,?0,0,false
#hash_444270ecef7ca44,0,100,0,#,0,false,0,false,#,#hash_3df6e30cbf932e68,#medal_hatchet_longshot_kill,true,true,false,#combat,#,#,#,#,false,false,0,?0,0,false
#hash_7c62ccd07521550f,0,50,0,#,0,false,0,false,#,#stats_molotov_multikill_x2_summary,#medal_molotov_multikill_x2_summary,true,true,false,#combat,#,#,#,#,false,false,0,?0,0,false
#hash_4edb96d5817acc7b,0,0,0,#,0,false,0,false,#,#,#,false,false,false,#,#,#,#,#,false,false,0,?0,0,false
#hash_f114eaf6ee78991,0,15,25,#,0,false,0,false,#hash_128dc5b2cee046d6,#,#,false,true,false,#,#,#,#,#,false,false,0,?0,0,false
#hash_3aa2064cc5fcabce,0,50,0,#,0,false,0,false,#,#hash_58206f6cb3d7fd92,#medal_nightingale_multikill_2,true,true,false,#combat,#,#,#,#,false,false,0,?0,0,false
#hash_5ff350598f207472,0,15,25,#,0,false,0,false,#hash_698f962d33240831,#,#,false,true,true,#,#,#,#,#,false,false,0,?0,0,false
#hash_457dc5b25b0ad509,0,50,0,#,0,false,0,false,#,#hash_20555c0e913428ad,#medal_satchel_charge_multikill_2,true,true,false,#combat,#,#,#,#,false,false,0,?0,0,false
#hash_6adfe69a27bbb2d5,0,50,0,#,0,false,0,false,#,#hash_2f5a58f5816a88a9,#medal_satchel_charge_destroyed_vehicle,true,true,false,#combat,#,#,#,#,false,false,0,?0,0,false
#smoke_kill,0,15,25,#,0,false,0,false,#hash_32c6faf09494f328,#hash_56072d4f6aaf655f,#,true,true,true,#,#,#,#,#,false,false,0,?0,0,false
#hash_67099d575be16721,0,0,0,#,0,false,0,false,#,#hash_447f69a3666203a5,#,true,false,false,#combat,#,#,#,#,false,false,0,?0,0,false
#smoke_assist,0,15,25,#,0,false,0,false,#hash_221bdedb31cf26ff,#hash_22b3691c8306fb2c,#,true,true,false,#,#,#,#,#,false,false,0,?0,0,false
#hash_1782d884df525a0e,0,50,0,#,0,false,0,false,#,#hash_2b1731575362632a,#medal_capture_objective_under_smoke,true,true,false,#combat,#,#,#,#,false,false,0,?0,0,false
#hash_5950ec5208dfe10a,0,50,0,#,0,false,0,false,#,#hash_64ced1c22131123e,#medal_stim_shot_multikill_2,true,true,false,#combat,#,#,#,#,false,false,0,?0,0,false
#deployable_cover_assist,0,15,25,#,0,false,0,false,#hash_12efece39ad28e2d,#stats_deployable_cover_assist,#,true,true,false,#,#,#,#,#,false,false,0,?0,0,false
#hash_7d4d96c3254a72e9,0,0,0,#,0,false,0,false,#,#hash_6c5abcc42d7e277d,#medal_deployable_cover_multikill_2,true,true,false,#combat,#,#,#,#,false,false,0,?0,0,false
#hash_4949476863e32896,0,15,25,#,0,false,0,false,#hash_db54cfc83a9de0b,#,#,false,true,false,#,#,#,#,#,false,false,0,?0,0,false
#hash_52ee14906ac8e713,0,50,0,#,0,false,0,false,#,#hash_3fd3d25ffb7203bf,#medal_gas_trap_multikill_2,true,true,false,#combat,#,#,#,#,false,false,0,?0,0,false
#hash_3f731ac2a7da28fe,0,50,0,#,0,false,0,false,#,#hash_3427f2d4181d570,#medal_golden_ammo_multikill,true,true,false,#combat,#,#,#,#,false,false,0,?0,0,false
#golden_kill_bonus,0,15,25,#,0,false,0,false,#hash_4ec73f7297efe2e3,#stats_golden_kill_bonus,#,true,true,true,#,#,#,#,#,false,false,0,?0,0,false
#hash_7b62ccbe655dc08a,0,15,25,#,0,false,0,false,#hash_4ec73f7297efe2e3,#,#,false,true,false,#,#,#,#,#,false,false,0,?0,0,false
#hash_131b23d720fc82c3,0,0,0,#,0,false,0,false,#hash_466d6254312953b8,#stats_golden_ammo_bonus,#,true,true,false,#,#,#,#,#,false,false,0,?0,0,false
#hash_777f2daa9b7c7bc2,0,15,25,#,0,false,0,false,#hash_50d5e6352f8c9347,#,#,false,true,true,#,#,#,#,#,false,false,0,?0,0,false
#hash_3f995db1490a1721,0,15,25,#,0,false,0,false,#hash_76e9927f12962584,#,#,false,true,false,#,#,#,#,#,false,false,0,?0,0,false
#hash_d3eebe3a5ddc62e,0,15,25,#,0,false,0,false,#hash_31ec91a349dfd9d1,#,#,false,true,false,#,#,#,#,#,false,false,0,?0,0,false
#hash_6e9e8269327648be,0,50,0,#,0,false,0,false,#,#hash_1dd6ef050456461a,#medal_jammer_multikill_2,true,true,false,#combat,#,#,#,#,false,false,0,?0,0,false
#hash_223a81a15609fe14,0,0,0,#,0,false,0,false,#,#,#,false,false,false,#,#,#,#,#,false,false,0,?0,0,false
#hash_1904bf8ad2331d2d,0,50,0,#,0,false,0,false,#,#hash_282b3ba00aaf35a1,#medal_land_mine_multikill_2,true,true,false,#combat,#,#,#,#,false,false,0,?0,0,false
#hash_71cc9343d7c9f929,0,50,50,#,0,false,0,false,#hash_27c6730c21c49ff0,#hash_15427af2783e4a2d,#medal_land_mine_destroyed_vehicle,true,true,false,#combat,#,#,#,#,false,false,0,?0,0,false
#hash_18522e88ad05a3b2,0,15,25,#,0,false,0,false,#hash_4229ed956b788497,#,#,false,true,true,#,#,#,#,#,false,false,0,?0,0,false
#hash_573fdf319bb7b7d1,0,10,15,#,0,false,0,false,#hash_1b37743d36b392d4,#,#,false,true,false,#,#,#,#,#,false,false,0,?0,0,false
#hash_293351f0ab09e08e,0,50,0,#,0,false,0,false,#,#hash_6897cfddaedbe28a,#medal_listening_device_multikill_2,true,true,false,#combat,#,#,#,#,false,false,0,?0,0,false
#hash_4f92a03562f3c8a8,0,15,25,#,0,false,0,false,#hash_7101eca824dc40ed,#,#,false,true,false,#,#,#,#,#,false,false,0,?0,0,false
#hash_71aa47b0ca3ecb46,0,50,0,#,0,false,0,false,#,#hash_1cb57fe399b5519a,#medal_missile_turret_assist_multiple_vehicles_2,true,true,false,#,#,#,#,#,false,false,0,?0,0,false
#hash_69dbfbd660f8c53e,0,10,15,#,0,false,0,false,#hash_10fbfaa2c954a9b1,#,#,false,true,false,#,#,#,#,#,false,false,0,?0,0,false
#trophy_defense,0,15,25,#,0,false,0,false,#hash_24da2389569c2729,#,#,false,true,false,#,#,#,#,#,false,false,0,?0,0,false
#trophy_system_kill,0,0,0,#,0,false,0,false,#,#,#,false,true,false,#,#,#,#,#,false,false,0,?0,0,false
#hash_37f14ae291c32c04,0,50,0,#,0,false,0,false,#,#hash_2faf858929671640,#medal_trophy_system_multiple_interceptions,true,true,false,#combat,#,#,#,#,false,false,0,?0,0,false
#annihilator_multikill_2,0,50,0,#hero_annihilator,0,false,0,false,#,#stats_annihilator_x2_multikill_summary,#medal_annihilator_x2_multikill_summary,true,true,false,#scorestreak,#,#,#,#,false,false,0,?0,0,false
#hash_63d3e067b2237e3f,0,50,50,#planemortar,0,false,0,false,#hash_6f8c098df7666f6c,#stats_lightning_strike_kill,#medal_lightning_strike_kill,true,true,false,#scorestreak,#,#,#,#,false,false,0,?0,0,false
#attack_chopper_kill,0,50,50,#helicopter_comlink,0,false,0,false,#hash_1ae6942fc2b0f77c,#stats_attack_chopper_kill,#medal_attack_chopper_kill,true,true,false,#scorestreak,#,#,#,#,false,false,0,?0,0,false
#automated_turret_kill,0,50,50,#ultimate_turret,0,false,0,false,#hash_39b83ff23d252f69,#stats_automated_turret_kill,#medal_automated_turret_kill,true,true,false,#scorestreak,#,#,#,#,false,false,0,?0,0,false
#hash_4bdbc016764205f3,0,50,0,#weapon_armor,0,false,0,false,#,#hash_ae91a087c51e5e7,#medal_body_armor_survived_damage_multikill_2,true,true,false,#scorestreak,#,#,#,#,false,false,0,?0,0,false
#hash_46adb680b28575ef,0,50,50,#chopper_gunner,0,false,0,false,#hash_d2488abf3947d72,#hash_468600d9dca57133,#medal_chopper_gunner_kill,true,true,false,#scorestreak,#,#,#,#,false,false,0,?0,0,false
#hash_729bc010900de6e1,0,15,25,#counteruav,0,false,0,false,#hash_485b034012efd9a,#,#,false,true,true,#,#,#,#,#,false,false,0,?0,0,false
#hash_313b3158836e5466,0,50,0,#counteruav,0,false,0,false,#,#hash_4e5cf49838f58e32,#medal_cuav_during_active_enemy_spy_plane,true,true,false,#scorestreak,#,#,#,#,false,false,0,?0,0,false
#counter_uav_assist,0,10,10,#counteruav,0,false,0,false,#hash_76a52aa1e43635a9,#hash_6e42517661114fa,#,false,true,false,#,#,#,#,#,false,false,25,?0,0,false
#gunship_kill,0,50,50,#ac130,0,false,0,false,#hash_58d156008586605b,#stats_gunship_kill,#medal_gunship_kill,true,true,false,#scorestreak,#,#,#,#,false,false,0,?0,0,false
#hash_367ebb1feb361823,0,50,0,#recon_plane,0,false,0,false,#,#hash_656ed135421aed97,#medal_harp_multikill_2,true,true,false,#scorestreak,#,#,#,#,false,false,0,?0,0,false
#hellstorm_missile_kill,0,50,50,#remote_missile,0,false,0,false,#hash_6b1c2e52cb53651b,#stats_hellstorm_missile_kill,#medal_hellstorm_missile_kill,true,true,false,#scorestreak,#,#,#,#,false,false,0,?0,0,false
#hash_6448a6e05bffda5e,0,50,25,#helicopter_guard,0,false,0,false,#hash_28b1f3a08accc1a7,#hash_6dea6e2c0ae9dfd2,#medal_heavy_attack_chopper_kill,true,true,false,#scorestreak,#,#,#,#,false,false,0,?0,0,false
#hash_3cafe99b003892c2,0,50,50,#hoverjet,0,false,0,false,#hash_3234d22daccf5c0d,#hash_2a6dbaa528b5f3e,#medal_hover_jet_kill,true,true,false,#scorestreak,#,#,#,#,false,false,0,?0,0,false
#hash_51020e433c666f51,0,0,0,#jetfighter,0,false,0,false,#,#,#,false,false,false,#,#,#,#,#,false,false,0,?0,0,false
#hash_5432fd0f11d1c9c4,0,50,0,#jetfighter,0,false,0,false,#,#hash_34a7d453bd85e800,#medal_jet_sweep_destroyed_vehicle,true,true,false,#scorestreak,#,#,#,#,false,false,0,?0,0,false
#kill_enemy_with_hacked_care_package,0,50,50,#supplydrop_marker,0,false,0,false,#hash_6ecbb31eb12055a6,#stats_kill_enemy_with_hacked_care_package,#medal_kill_enemy_with_hacked_care_package,true,true,false,#scorestreak,#,#,#,#,false,false,0,?0,0,false
#hash_ff76c49677a40,0,50,50,#supplydrop_marker,0,false,0,false,#hash_3ca3f7bd3a2b60cf,#hash_3d8ab0cad09d7ec,#medal_kill_enemy_with_hacked_care_package_teammate,true,true,false,#scorestreak,#,#,#,#,false,false,0,?0,0,false
#kill_enemy_with_care_package_crush,0,250,50,#supplydrop_marker,0,false,0,false,#hash_4ff37785b9254391,#stats_kill_enemy_with_care_package_crush,#medal_kill_enemy_with_care_package_crush,true,true,false,#scorestreak,#,#,#,#,false,false,0,?0,0,false
#hash_30fbe29e8c1237da,0,50,50,#supplydrop_marker,0,false,0,false,#hash_f2b96cdd4dd6835,#,#,false,true,false,#,#,#,#,#,false,false,0,?0,0,false
#hash_2b198eba7b9c3ef8,0,50,50,#napalm_strike,0,false,0,false,#hash_a628d943ef1b463,#hash_3197470cc31930a4,#medal_napalm_strike_kill,true,true,false,#scorestreak,#,#,#,#,false,false,0,?0,0,false
#hash_30c81cbf83c820c2,0,50,0,#hero_flamethrower,0,false,0,false,#,#stats_purifier_x2_multikill_summary,#medal_purifier_x2_multikill_summary,true,true,false,#scorestreak,#,#,#,#,false,false,0,?0,0,false
#rcxd_kill,0,50,50,#recon_car,0,false,0,false,#hash_1d2c146d1b484316,#stats_rcxd_kill,#medal_rcxd_kill,true,true,false,#scorestreak,#,#,#,#,false,false,0,?0,0,false
#hash_181627dbc360aa8e,0,50,0,#sig_lmg,0,false,0,false,#,#hash_5e7d4fbf52e478d2,#medal_scythe_multikill_2,true,true,false,#scorestreak,#,#,#,#,false,false,0,?0,0,false
#scythe_assist,0,10,15,#sig_lmg,0,false,0,false,#hash_345c3a507c613d44,#,#,false,true,false,#,#,#,#,#,false,false,0,?0,0,false
#hash_5ebd6901861f6acc,0,50,0,#sig_bow_flame,0,false,0,false,#,#hash_72717fdf9b734c8,#medal_sparrow_multikill_x2,true,true,false,#scorestreak,#,#,#,#,false,false,0,?0,0,false
#hash_2bca2bdbbd783d4e,0,10,10,#recon_plane,0,false,0,false,#hash_75a1ac1cefc39825,#,#,false,true,false,#,#,#,#,#,false,false,0,?0,0,false
#hash_2ccee6e5e34ad0b9,0,15,25,#recon_plane,0,false,0,false,#hash_28d8d1a4391395be,#,#,false,true,true,#,#,#,#,#,false,false,0,?0,0,false
#hash_2c6f50f863fe41b0,0,15,25,#uav,0,false,0,false,#hash_6a8687b3a4698fd7,#,#,false,true,true,#,#,#,#,#,false,false,0,?0,0,false
#hash_6ec7dae4fb647920,0,50,0,#uav,0,false,0,false,#,#hash_788bac17841d0cac,#medal_uav_multikill_2,true,true,false,#scorestreak,#,#,#,#,false,false,0,?0,0,false
#uav_assist,0,10,10,#uav,0,false,0,false,#score/uav_assist,#,#,false,true,false,#,#,#,#,#,false,false,0,?0,0,false
#hash_259376d640142af8,0,50,0,#hero_pineapplegun,0,false,0,false,#,#stats_war_machine_x2_multikill_summary,#medal_war_machine_x2_multikill_summary,true,true,false,#scorestreak,#,#,#,#,false,false,0,?0,0,false
#warthog_kill,0,50,50,#straferun,0,false,0,false,#hash_67e34e8d8ddcd2b,#stats_warthog_kill,#medal_warthog_kill,true,true,false,#scorestreak,#,#,#,#,false,false,0,?0,0,false
#annihilator_shutdown,0,50,100,#,0,false,0,false,#hash_20db9d30f95ad37c,#stats_annihilator_shutdown,#medal_annihilator_shutdown,true,true,false,#antiscorestreak,#,#,#,#,false,false,0,?0,0,false
#attack_chopper_shutdown,0,100,200,#,0,false,0,false,#hash_6d99ea20b9cb0556,#stats_attack_chopper_killjoy,#medal_attack_chopper_killjoy,true,true,true,#antiscorestreak,#,#,#,#,false,false,500,?0,0,false
#hash_4768b9f8671445b3,0,50,150,#,0,false,0,false,#hash_2f7961351f7f7c,#stats_automated_turret_killjoy,#medal_automated_turret_killjoy,true,true,true,#antiscorestreak,#,#,#,#,false,false,200,?0,0,false
#care_package_shutdown,0,100,150,#,0,false,0,false,#hash_2bada5f93505dfe4,#stats_care_package_killjoy,#medal_care_package_killjoy,true,true,true,#antiscorestreak,#,#,#,#,false,false,0,?0,0,false
#cuav_killjoy,0,100,100,#,0,false,0,false,#hash_44ffcd0ad714dc9d,#stats_cuav_killjoy,#medal_cuav_killjoy,true,true,true,#antiscorestreak,#,#,#,#,false,false,200,?0,0,false
#hash_47c2a64b85e116e5,0,250,400,#,0,false,0,false,#hash_5d7ab1caa1b4bd42,#stats_gunship_killjoy,#medal_gunship_killjoy,true,true,true,#antiscorestreak,#,#,#,#,false,false,0,?0,0,false
#hash_5ce9c3e1b103156b,0,50,200,#,0,false,0,false,#hash_6d99ea20b9cb0556,#hash_14b128576d0f9b17,#medal_attack_chopper_killjoy,true,true,false,#antiscorestreak,#,#,#,#,false,false,0,?0,0,false
#hash_7b5132f56f758d9,0,50,100,#,0,false,0,false,#hash_7ae3708b5f562442,#,#,false,true,false,#,#,#,#,#,false,false,0,?0,0,false
#hash_34fd41e596e146be,0,150,300,#,0,false,0,false,#hash_6b34b9b89291e8e1,#hash_1da85bdad459d5da,#medal_destroyed_chopper_gunner,true,true,true,#antiscorestreak,#,#,#,#,false,false,0,?0,0,false
#hash_4a6ca056723af674,0,100,300,#,0,false,0,false,#hash_890bc2e8e91bd1f,#hash_6e5bfc968b257dc0,#medal_destroyed_harp,true,true,true,#antiscorestreak,#,#,#,#,false,false,0,?0,0,false
#hash_7273d7ac83e45b05,0,50,300,#,0,false,0,false,#hash_437de2c207f9099e,#hash_1495fbfdffa645f1,#medal_destroyed_heavy_attack_chopper,true,true,false,#antiscorestreak,#,#,#,#,false,false,0,?0,0,false
#hash_6156458f54e364b1,0,150,350,#,0,false,0,false,#hash_1a22ce7469247fd0,#hash_2ea1e3bae9652e55,#medal_destroyed_hover_jet,true,true,true,#antiscorestreak,#,#,#,#,false,false,0,?0,0,false
#hash_52373301253712bb,0,100,250,#,0,false,0,false,#hash_5f7d9f3df715e9b6,#hash_2ae5241330ed389f,#medal_destroyed_jet_sweep,true,true,false,#antiscorestreak,#,#,#,#,false,false,0,?0,0,false
#destroyed_remote_missile,0,50,200,#,0,false,0,false,#hash_59682fdbe8ccf5a9,#stats_hellstorm_missile_killjoy,#medal_hellstorm_missile_killjoy,true,true,false,#antiscorestreak,#,#,#,#,false,false,200,?0,0,false
#hash_4ba6372c564ef906,0,25,100,#,0,false,0,false,#hash_cfb2d6373c2da6f,#hash_4bc21297932935d2,#medal_napalm_strike_killjoy,true,true,false,#antiscorestreak,#,#,#,#,false,false,0,?0,0,false
#hash_551d67ca10327522,0,50,100,#,0,false,0,false,#hash_36f3a6a722a06a11,#hash_5604b2cc01137e0e,#medal_quickshot_bow_shutdown,true,true,false,#antiscorestreak,#,#,#,#,false,false,0,?0,0,false
#purifier_shutdown,0,50,100,#,0,false,0,false,#hash_5e7887b24d371af1,#stats_purifier_shutdown,#medal_purifier_shutdown,true,true,false,#antiscorestreak,#,#,#,#,false,false,0,?0,0,false
#rcxd_killjoy,0,50,50,#,0,false,0,false,#hash_4486dbb656ee335d,#stats_rcxd_killjoy,#medal_rcxd_killjoy,true,true,false,#antiscorestreak,#,#,#,#,false,false,200,?0,0,false
#scythe_shutdown,0,50,100,#,0,false,0,false,#hash_f5fcd8f23b955f5,#stats_scythe_shutdown,#medal_scythe_shutdown,true,true,false,#antiscorestreak,#,#,#,#,false,false,0,?0,0,false
#uav_killjoy,0,100,100,#,0,false,0,false,#hash_2dd3e5a260ef3726,#stats_uav_killjoy,#medal_uav_killjoy,true,true,true,#antiscorestreak,#,#,#,#,false,false,200,?0,0,false
#warthog_shutdown,0,150,200,#,0,false,0,false,#hash_3b8d60112af6a672,#stats_warthog_killjoy,#medal_warthog_killjoy,true,true,true,#antiscorestreak,#,#,#,#,false,false,0,?0,0,false
#war_machine_shutdown,0,50,100,#,0,false,0,false,#hash_3b99802c7de37e05,#stats_war_machine_shutdown,#medal_war_machine_shutdown,true,true,false,#antiscorestreak,#,#,#,#,false,false,0,?0,0,false
#hash_7e4bea54bce26c89,0,50,25,#,0,false,0,false,#hash_70c70dca73f7277c,#,#,true,true,false,#,#,#,#,#,false,false,0,?0,0,false
#hash_4ee2c981810e9ea9,0,50,50,#,0,false,0,false,#hash_4112d0e1e8559224,#hash_29c1c8dbf69364a7,#,true,true,false,#,#,#,#,#,false,false,50,?0,0,false
#destroyed_trophy_system,0,50,50,#,0,false,0,false,#hash_11bceddc8c6da0c0,#,#,false,true,false,#,#,#,#,#,false,false,0,?0,0,false
#deployable_cover_shutdown,0,50,50,#,0,false,0,false,#hash_27020e1ae8ec27d9,#stats_deployable_cover_shutdown,#,false,true,false,#,#,#,#,#,false,false,0,?0,0,false
#hash_6913b395f1030cd3,0,50,50,#,0,false,0,false,#hash_5b148fd95f79c336,#hash_1b4787484de869e1,#,false,true,false,#,#,#,#,#,false,false,50,?0,0,false
#hash_69a2a40ed6e84e00,0,50,100,#,0,false,0,false,#hash_3238530bf473d4ed,#hash_6523f5ee7894ca94,#,false,true,false,#,#,#,#,#,false,false,50,?0,0,false
#hash_49d0e3ae9fcfc1fd,0,50,50,#,0,false,0,false,#hash_282e08761e754016,#hash_2bc9c4530b5e2623,#,false,true,false,#,#,#,#,#,false,false,50,?0,0,false
#hash_20263a44bc86ab70,0,50,100,#,0,false,0,false,#hash_5ed05855b86a1fbd,#hash_53be30ddabe56984,#,false,true,false,#,#,#,#,#,false,false,50,?0,0,false
#hash_256e9487dd73cf32,0,50,100,#,0,false,0,false,#hash_59c1a5fddefcc0b5,#hash_7f46653ece7c03be,#,false,true,false,#,#,#,#,#,false,false,0,?0,0,false
#hash_707b29867fba333d,0,50,100,#,0,false,0,false,#hash_617265d2c4d8d9ac,#stats_assault_pack_destroy,#,false,true,false,#,#,#,#,#,false,false,50,?0,0,false
#hash_218ad43ea7de500d,0,150,250,#,0,false,0,false,#hash_7ed3e17fc659962,#hash_1955afb91e917849,#,true,true,true,#,#,#,#,#,false,false,0,?0,0,false
#hash_429ae888806770a4,0,150,0,#,0,false,0,false,#,#hash_24052ca7b1fcd538,#medal_destroyed_weaponized_vehicle,true,true,true,#antiscorestreak,#,#,#,#,false,false,0,?0,0,false
#hash_53c101618247bd46,0,100,0,#,0,false,0,false,#,#hash_45ded1ec7f7d3992,#medal_destroyed_light_transport_vehicle,true,true,true,#antiscorestreak,#,#,#,#,false,false,0,?0,0,false
#clear_2_attackers,0,50,0,#,0,false,0,false,#,#stats_clear_2_attackers,#medal_clear_2_attackers,true,true,false,#gamemode,#,#,#,#,false,false,0,?0,0,false
#completed_match,0,50,0,#,0,false,0,false,#,#stats_completed_match,#medal_completed_match,true,true,false,#gamemode,#,#,#,#,false,false,0,?0,0,false
#won_match,0,100,0,#,0,false,0,false,#,#stats_won_match,#medal_won_match,true,true,false,#gamemode,#,#,#,#,false,false,0,?0,0,false
#eliminated_enemy,0,50,0,#,0,false,0,false,#,#stats_eliminated_enemy,#medal_eliminated_enemy,true,true,false,#gamemode,#,#,#,#,false,false,0,?0,0,false
#kill_enemy_that_is_capping_your_objective,0,50,0,#,0,false,0,false,#,#stats_kill_enemy_that_is_capping_your_objective,#medal_kill_enemy_that_is_capping_your_objective,true,true,false,#gamemode,#,#,#,#,false,false,0,?0,0,false
#hash_44c301a9ab6ae990,0,50,0,#,0,false,0,false,#,#hash_13ea35c63c00066c,#medal_fireteam_enemy_squad_wipe,true,true,false,#gamemode,#,#,#,#,false,false,0,?0,0,false
#revived_teammate,0,15,25,#,0,false,0,false,#hash_7e5ea0847c0fe312,#stats_bounty_hunter_revived_teammate,#,true,true,false,#,#,#,#,#,false,false,0,?0,0,false
#downed_enemy,0,0,25,#,0,false,0,false,#hash_2073499505d9f014,#stats_bounty_hunter_downed_enemy,#,true,true,true,#,#,#,#,#,false,false,0,?0,0,false
#war_capture_progress,0,25,50,#,0,false,0,false,#hash_3515bf1abb92c839,#,#,false,true,false,#,#,#,#,#,false,false,0,?0,0,false
#war_captured_zone,0,50,100,#,0,false,0,false,#hash_14097df93be54ea,#stats_war_captured_zone,#medal_war_captured_zone,true,true,false,#gamemode,#,#,#,#,false,false,0,?0,0,false
#war_killed_enemy_while_capping_control,0,50,0,#,0,false,0,false,#,#stats_war_killed_enemy_while_capping_control,#medal_war_killed_enemy_while_capping_control,true,true,false,#gamemode,#,#,#,#,false,false,0,?0,0,false
#hash_abbc936bf9059a6,0,15,25,#,0,false,0,false,#hash_34fa35ba1681b281,#,#,false,true,false,#,#,#,#,#,false,false,0,?0,0,false
#neutral_b_secured,0,150,200,#,0,false,0,true,#hash_5cb6da36d9d4a4f4,#stats_neutral_b_secured,#medal_neutral_b_secured,true,true,false,#gamemode,#,#,#,#,false,false,0,?0,0,false
#dom_point_neutral_secured,0,50,50,#,0,false,0,true,#hash_4169caaf649733eb,#,#,false,true,false,#,#,#,#,#,false,false,0,?0,0,false
#dom_point_secured,0,50,200,#,0,false,0,true,#hash_547d7bf268c00204,#stats_position_secure,#medal_dom_point_secured,true,true,false,#gamemode,#,#,#,#,false,false,0,?0,0,false
#hash_7edabe01ed05afa3,0,15,25,#,0,false,0,false,#hash_759582c5dfc07fa6,#,#,false,true,false,#,#,#,#,#,false,false,0,?0,0,false
#kill_confirmed,0,25,75,#,0,false,0,true,#hash_1baff43061c59ba8,#,#,false,true,false,#,#,#,#,#,false,false,0,?0,0,false
#kill_confirmed_multi,0,50,0,#,0,false,0,false,#,#stats_kill_confirmed_multi,#medal_kill_confirmed_multi,true,true,false,#gamemode,#,#,#,#,false,false,0,?0,0,false
#teammate_kill_confirmed,0,10,15,#,0,false,0,true,#hash_50ffcbe73c969561,#,#,false,true,false,#,#,#,#,#,false,false,0,?0,0,false
#kill_denied,0,10,15,#,0,false,0,true,#hash_50f2ecc28fddce9c,#,#,false,true,false,#,#,#,#,#,false,false,0,?0,0,false
#retrieve_own_tags,0,50,15,#,0,false,0,true,#hash_50f2ecc28fddce9c,#stats_retrieve_own_tags,#medal_retrieve_own_tags,true,true,false,#gamemode,#,#,#,#,false,false,0,?0,0,false
#koth_secure,0,0,25,#,0,false,0,true,#hash_1f9567e657d2f7bc,#stats_koth_secure,#,true,true,false,#,#,#,#,#,false,false,0,?0,0,false
#quickly_secure_point,0,50,0,#,0,false,0,false,#,#stats_quickly_secure_point,#medal_quickly_secure_point,true,true,false,#gamemode,#,#,#,#,false,false,0,?0,0,false
#hardpoint_owned,0,10,10,#,0,false,0,false,#hash_49dba00c461183f9,#,#,false,true,false,#,#,#,#,#,false,false,0,?0,0,false
#planted_bomb,0,150,100,#,0,false,0,true,#hash_3a10006612ad78ef,#,#,false,true,false,#,#,#,#,#,false,false,0,?0,0,false
#defused_bomb,0,150,100,#,0,false,0,true,#hash_6eb23f983d7ea069,#stats_defused_bomb,#medal_defused_bomb,true,true,false,#gamemode,#,#,#,#,false,false,0,?0,0,false
#defused_bomb_last_man_alive,0,150,0,#,0,false,0,false,#,#stats_defused_bomb_last_man_alive,#medal_defused_bomb_last_man_alive,true,true,false,#gamemode,#,#,#,#,false,false,0,?0,0,false
#bomb_detonated,0,150,100,#,0,false,0,true,#hash_76280c7908d93a15,#stats_bomb_detonated,#medal_bomb_detonated,true,true,false,#gamemode,#,#,#,#,false,false,0,?0,0,false
#final_kill_elimination,0,150,50,#,0,false,3,false,#hash_3182fe20b3bca089,#,#,false,true,false,#,#,#,#,#,false,false,0,?0,0,false
#elimination_and_last_player_alive,0,150,0,#,0,false,0,false,#,#stats_elimination_and_last_player_alive,#medal_elimination_and_last_player_alive,true,true,false,#gamemode,#,#,#,#,false,false,0,?0,0,false
#hash_262e6fe6640db556,0,150,0,#,0,false,0,false,#,#hash_4554fcf61894d082,#medal_elimination_all_enemies_in_round,true,true,false,#gamemode,#,#,#,#,false,false,0,?0,0,false
#hash_4865adbd99d59a08,0,100,150,#,0,false,0,false,#hash_1b9e35e0b8234aa7,#hash_313d36442505f30c,#medal_vip_killed,true,true,false,#gamemode,#,#,#,#,false,false,0,?0,0,false
#hash_4b450c958dfde514,0,100,150,#,0,false,0,false,#hash_2e11c9ba590bf6fb,#hash_32d6e076ee5ccdf8,#,true,true,false,#,#,#,#,#,false,false,0,?0,0,false
#hash_23a7b975b43b2594,0,100,150,#,0,false,0,false,#hash_162742162f6d4d11,#hash_275d8ac4ea32e7c8,#medal_vip_revived,true,true,false,#gamemode,#,#,#,#,false,false,0,?0,0,false
#hash_d188ac13cbd4780,0,100,100,#,0,false,0,false,#hash_38bce129bd55385f,#hash_724d2e5770c9d1b4,#medal_vip_defended,true,true,false,#gamemode,#,#,#,#,false,false,0,?0,0,false
#hash_4c886461e6f6d07,0,100,100,#,0,false,0,true,#hash_2ae6ed7934e8e636,#hash_3ca06b81e4a25e7b,#medal_vip_exfil,true,true,false,#gamemode,#,#,#,#,false,false,0,?0,0,false
#hash_795adf2ed685138f,0,0,25,#,0,false,0,false,#hash_373c83be57aeac00,#,#,false,true,false,#,#,#,#,#,false,false,0,?0,0,false
#hash_3cc76abacdfb40f5,0,50,100,#,0,false,0,false,#hash_a95cd7ec5379c26,#,#,false,true,false,#,#,#,#,#,false,false,0,?0,0,false
#hash_24f0444fc5e083ea,0,15,25,#,0,false,0,false,#hash_6a8f38ac00a9d1d,#,#,true,true,false,#,#,#,#,#,false,false,0,?0,0,false
#hash_4fbb9339305f16f2,0,25,50,#,0,false,0,false,#hash_22b9913f14a4debd,#,#,true,true,false,#,#,#,#,#,false,false,0,?0,0,false
#hash_5a5b9e642747c4ab,0,10,10,#,0,false,0,false,#hash_6365932adc56d4c,#,#,true,true,false,#,#,#,#,#,false,false,0,?0,0,false
#hash_1224a39fd15eccc9,0,15,25,#,0,false,0,false,#hash_12afaea2c4d47150,#,#,true,true,false,#,#,#,#,#,false,false,0,?0,0,false
#hash_3f198e388e56ccf5,0,50,100,#,0,false,0,false,#hash_1a379d63bd97242,#,#,true,true,false,#,#,#,#,#,false,false,0,?0,0,false
#hash_51bbe2b982b22899,0,50,150,#,0,false,0,false,#hash_19e87e47f825c010,#,#,true,true,false,#,#,#,#,#,false,false,0,?0,0,false
#hash_6543ff9d3c6a9dcc,0,50,0,#,0,false,0,false,#,#hash_f45daddf9382418,#medal_war_killed_enemy_capturing_home,true,true,false,#gamemode,#,#,#,#,false,false,0,?0,0,false
#hash_4cd014c5a7bb237d,0,50,0,#,0,false,0,false,#,#hash_6f0ed93d0ba3fa09,#medal_war_captured_objective_total,true,true,false,#gamemode,#,#,#,#,false,false,0,?0,0,false
#hash_7e200352fdeb6fd0,0,100,200,#,0,false,0,false,#hash_74299676be6e98ff,#hash_53a70b3824c43354,#,true,true,false,#,#,#,#,#,false,false,0,?0,0,false
#squad_spawn,0,15,20,#,0,false,0,false,#hash_652b1718285f0248,#,#,false,true,false,#,#,#,#,#,false,false,0,?0,0,false
#hash_1c4cca7457aefbb9,0,10,10,#,0,false,0,false,#hash_2151224143820972,#,#,false,true,false,#,#,#,#,#,false,false,0,?0,0,false
#hash_6d563fdc029e8394,0,10,10,#,0,false,0,false,#hash_686d3c7c9471c98b,#,#,false,true,false,#,#,#,#,#,false,false,0,?0,0,false
#squad_member_saved,0,10,10,#,0,false,0,false,#hash_569c73f22eef029f,#,#,false,true,false,#,#,#,#,#,false,false,0,?0,0,false
#squad_avenged_member,0,0,0,#,0,false,0,false,#,#,#,false,false,false,#,#,#,#,#,false,false,0,?0,0,false
#squad_confirmed_kill_stolen,0,50,100,#,0,false,0,false,#hash_45fa9294463757bb,#,#,false,true,false,#,#,#,#,#,false,false,0,?0,0,false
#hash_405ccdd657f10e0e,0,10,50,#,0,false,0,true,#hash_32d1f201391eb075,#,#,false,false,false,#,#,#,#,#,false,false,0,?0,0,false
#hash_179603173879ec50,0,150,250,#,0,false,0,true,#hash_449e82e77b578897,#hash_5f8a3ee10f5e53dc,#medal_dirty_bomb_armed,true,true,false,#gamemode,#,#,#,#,false,false,0,?0,0,false
#hash_64121166dc49f54a,0,0,25,#,0,false,0,false,#hash_67790ae02f51f1b1,#,#,false,false,false,#,#,#,#,#,false,false,0,?0,0,false
#hash_46967c9fdc27628e,0,25,50,#,0,false,0,false,#hash_62f1b10e40bfef3b,#,#,false,false,false,#,#,#,#,#,false,false,0,?0,0,false
#hash_7b2928ab78bf094c,0,50,0,#,0,false,0,false,#,#hash_7e50fc83d4b305e0,#medal_dirty_bomb_killed_2_bomb_planters,true,true,false,#gamemode,#,#,#,#,false,false,0,?0,0,false
#hash_e9913b29988d98d,0,50,0,#,0,false,0,false,#,#hash_17b0303893ccdd19,#medal_dirty_bomb_killed_enemy_holding_uranium,true,true,false,#gamemode,#,#,#,#,false,false,0,?0,0,false
#hash_54db302236ce9572,0,50,0,#,0,false,0,false,#,#hash_52acdc587dd59266,#medal_dirty_bomb_armed_under_fire,true,true,false,#gamemode,#,#,#,#,false,false,0,?0,0,false
#hash_74e8afe823d11240,0,50,0,#,0,false,0,false,#,#hash_5789abde42504f4c,#medal_gunfight_kill_both_enemies_in_15_seconds,true,true,false,#gamemode,#,#,#,#,false,false,0,?0,0,false
#hash_18a50932842f1689,0,50,100,#,0,false,0,false,#hash_38489afe3cfe976e,#hash_6a0a7bacdb35d08d,#medal_gunfight_capture_point,true,true,false,#gamemode,#,#,#,#,false,false,0,?0,0,false
#hash_3519e5bb7cacb1a7,0,50,0,#,0,false,0,false,#,#hash_700c8d90023497d3,#medal_gunfight_kill_both_enemies_by_yourself,true,true,false,#gamemode,#,#,#,#,false,false,0,?0,0,false
#hash_18b5a81700734b76,0,50,0,#,0,false,0,false,#,#hash_472752551d494882,#medal_dropkick_carry_football_melee_kill,true,true,false,#gamemode,#,#,#,#,false,false,0,?0,0,false
#hash_7a2b068529e599a8,0,50,0,#,0,false,0,false,#,#hash_7defc25e5bddb2c4,#medal_dropkick_hold_football_50_seconds,true,true,false,#gamemode,#,#,#,#,false,false,0,?0,0,false
#hash_6926a7955b525980,0,50,0,#,0,false,0,false,#,#hash_2e55c5e03a8a812c,#medal_dropkick_carry_football_kill_5_enemies,true,true,false,#gamemode,#,#,#,#,false,false,0,?0,0,false
#hash_149ab2bcfb997bbc,0,50,0,#,0,false,0,false,#,#hash_7845f764968426b0,#medal_dropkick_kill_carrier_carry_30_seconds,true,true,false,#gamemode,#,#,#,#,false,false,0,?0,0,false
#hash_5da3cbb3a47375eb,0,10,10,#,0,false,0,false,#hash_33c00f189292189e,#,#,false,true,false,#,#,#,#,#,false,false,0,?0,0,false
#hash_13fa27ec1b3826b5,0,25,25,#,0,false,0,false,#hash_21135638c300ddb4,#,#,false,true,false,#,#,#,#,#,false,false,0,?0,0,false
#hash_576110aaf8aa4c5,0,50,50,#,0,false,0,false,#hash_36917c7c45a8e272,#,#,false,true,false,#,#,#,#,#,false,false,0,?0,0,false
#prop_survived_entire_round,0,50,0,#,0,false,0,false,#,#stats_prop_survived_entire_round,#medal_prop_survived_entire_round,true,true,false,#gamemode,#,#,#,#,false,false,0,?0,0,false
#prop_killed_three_props,0,50,0,#,0,false,0,false,#,#stats_prop_killed_three_props,#medal_prop_killed_three_props,true,true,false,#gamemode,#,#,#,#,false,false,0,?0,0,false
#prop_killed_all_props,0,100,0,#,0,false,0,false,#,#stats_prop_killed_all_props,#medal_prop_killed_all_props,true,true,false,#gamemode,#,#,#,#,false,false,0,?0,0,false
#prop_survived,0,50,0,#,0,false,0,false,#,#stats_prop_survived,#medal_prop_survived,true,true,false,#gamemode,#,#,#,#,false,false,0,?0,0,false
#clone_was_destroyed,0,10,10,#,0,false,0,false,#hash_7556fca3202783ca,#,#,false,true,false,#,#,#,#,#,false,false,0,?0,0,false
#still_alive,0,15,25,#,0,false,0,true,#hash_c1ab9082b483c86,#,#,false,true,false,#,#,#,#,#,false,false,0,?0,0,false
#still_alive_medium_bonus,0,25,50,#,0,false,0,false,#hash_3184402c05ae6ab,#,#,false,true,false,#,#,#,#,#,false,false,0,?0,0,false
#still_alive_large_bonus,0,50,75,#,0,false,0,false,#hash_2432b9edb2b0fd8e,#,#,false,true,false,#,#,#,#,#,false,false,0,?0,0,false
#still_alive_extra_large_bonus,0,75,100,#,0,false,0,false,#hash_8b80762a6fb40cf,#,#,false,true,false,#,#,#,#,#,false,false,0,?0,0,false
#kill_gun,0,100,10,#,0,false,0,true,#hash_1f2910f5534bf583,#,#,false,true,true,#,#,#,#,#,false,false,0,?0,0,false
#humiliation_gun,0,50,0,#,0,false,0,false,#,#stats_humiliation_gun,#medal_gungame_humillation,true,true,false,#gamemode,#,#,#,#,false,false,0,?0,0,false
#melee_leader_gun,0,50,0,#,0,false,0,false,#,#stats_melee_leader_gun,#medal_gungame_regicide,true,true,false,#gamemode,#,#,#,#,false,false,0,?0,0,false
#kill_in_3_seconds_gun,0,75,0,#,0,false,0,false,#,#stats_kill_in_3_seconds_gun,#medal_gungame_gunslinger,true,true,false,#gamemode,#,#,#,#,false,false,0,?0,0,false
#hash_7900f30ace13297b,0,100,100,#,0,false,0,false,#hash_3424c4f3c3fef884,#,#,false,false,false,#,#,#,#,#,false,false,0,?0,0,false
#hash_140b85daf2ec2e07,0,150,200,#,0,false,0,false,#hash_984463663903b4e,#,#,false,false,false,#,#,#,#,#,false,false,0,?0,0,false
#hash_68fbee339244166b,0,150,200,#,0,false,0,false,#hash_14f3f3aa49e98ec2,#,#,false,false,false,#,#,#,#,#,false,false,0,?0,0,false
#hash_17f9aae7d67663bf,0,50,50,#,0,false,0,false,#hash_387aad01f1d82a72,#,#,false,false,false,#,#,#,#,#,false,false,0,?0,0,false
#hash_5138a0ea964f3ad2,0,50,50,#,0,false,0,false,#hash_2289f3aa2b155719,#,#,false,false,false,#,#,#,#,#,false,false,0,?0,0,false
#hash_71a6ffb15c50cf1c,0,25,100,#,0,false,0,false,#hash_6795f69fce89ba65,#,#,false,false,false,#,#,#,#,#,false,false,0,?0,0,false
#hash_b03b4a2681a3c95,0,25,100,#,0,false,0,false,#hash_741ab33f88b0e9cc,#hash_2e71c083194285c9,#medal_spy_defuse_bomb,true,true,false,#gamemode,#,#,#,#,false,false,0,?0,0,false
#hash_1105be5a7d2a2479,0,50,100,#,0,false,0,false,#hash_18b8a620cf02308a,#,#,false,false,false,#,#,#,#,#,false,false,0,?0,0,false
#hash_71166628df9e773e,0,50,100,#,0,false,0,false,#hash_6a3ccd922b8a728b,#,#,false,false,false,#,#,#,#,#,false,false,0,?0,0,false
#hash_199df26cc3714a5b,0,25,50,#,0,false,0,false,#hash_3b856e186e61c990,#,#,false,false,false,#,#,#,#,#,false,false,0,?0,0,false
#hash_2fc60929647a812b,0,50,50,#,0,false,0,false,#hash_693596ccfa5c4bb8,#,#,false,false,false,#,#,#,#,#,false,false,0,?0,0,false
#hash_6df613ae5e0ce3a5,0,50,50,#,0,false,0,false,#hash_6d279675271ae0fc,#,#,false,false,false,#,#,#,#,#,false,false,0,?0,0,false
#hash_76317d58cb5c932b,0,50,50,#,0,false,0,false,#hash_1324e9b93ed4c0c0,#,#,false,false,false,#,#,#,#,#,false,false,0,?0,0,false
#hash_43ada57ff4fe7173,0,50,50,#,0,false,0,false,#hash_28a083d083c13dd6,#,#,false,false,false,#,#,#,#,#,false,false,0,?0,0,false
#hash_774766902a004309,0,100,100,#,0,false,0,false,#hash_77028c2bb53ea86e,#,#,false,false,false,#,#,#,#,#,false,false,0,?0,0,false
#hash_54b8a8460c0e6ba0,0,50,50,#,0,false,0,false,#hash_173f0e109e41868f,#,#,false,false,false,#,#,#,#,#,false,false,0,?0,0,false
#hash_7d0ad10dce7ed467,0,50,50,#,0,false,0,false,#hash_7fcee79b904e90,#,#,false,false,false,#,#,#,#,#,false,false,0,?0,0,false
#hash_4b03c262cdcb2036,0,50,50,#,0,false,0,false,#hash_3870713ac308e1d5,#,#,false,false,false,#,#,#,#,#,false,false,0,?0,0,false
#hash_423c4380222dc23,0,200,200,#,0,false,0,false,#hash_3f6754a7351a211e,#,#,false,false,false,#,#,#,#,#,false,false,0,?0,0,false
#hash_1f6e7a3859eab3e0,0,100,0,#,0,false,0,false,#hash_36b1aea7781bd435,#,#,false,false,false,#,#,#,#,#,false,false,0,?0,0,false
#hash_417efdedd307f6bd,0,100,0,#,0,false,0,false,#hash_5bc33a450cf30f32,#,#,false,false,false,#,#,#,#,#,false,false,0,?0,0,false
#hash_22d015633f4b83b8,0,200,0,#,0,false,0,false,#,#,#,false,false,false,#,#,#,#,#,false,false,0,?0,0,false
#hash_7878b25a87583dd4,0,100,100,#,0,false,0,false,#hash_cd9a3f96ef3e537,#,#,false,false,false,#,#,#,#,#,false,false,0,?0,0,false
#hash_79238f388ae521d0,0,25,50,#,0,false,0,false,#hash_1a77ae29e3aecd87,#,#,false,false,false,#,#,#,#,#,false,false,0,?0,0,false
#hash_17322ce7ea062b45,0,50,50,#,0,false,0,false,#,#hash_76497bde4ff277c1,#medal_spy_investigator_won,true,false,false,#gamemode,#,#,#,#,false,false,0,?0,0,false
#hash_29f5cc0b9054117c,0,50,50,#,0,false,0,false,#,#hash_6d29bd299d3db828,#medal_spy_spy_won,true,false,false,#gamemode,#,#,#,#,false,false,0,?0,0,false
#hash_7c5da395f31d95a9,0,50,50,#,0,false,0,false,#,#hash_61a7e8e7b1999b5,#medal_spy_operative_survive,true,false,false,#gamemode,#,#,#,#,false,false,0,?0,0,false
#hash_5686e3b1c43a8c5d,0,50,50,#,0,false,0,false,#,#hash_1a6b1966beb37b71,#medal_spy_bomb_detonated,true,false,false,#gamemode,#,#,#,#,false,false,0,?0,0,false
#hash_5e89244faccebdb,0,50,50,#,0,false,0,false,#hash_69767ddba6a92bf8,#,#,false,false,false,#,#,#,#,#,false,false,0,?0,0,false
#hash_a226e6225f54a81,0,50,50,#,0,false,0,false,#hash_197fc71c9753b0c8,#,#,false,false,false,#,#,#,#,#,false,false,0,?0,0,false
#hash_57c8d5e82830f545,0,10,10,#,0,false,0,false,#hash_73f87fec2c43b4fa,#,#,false,false,false,#,#,#,#,#,false,false,0,?0,0,false
#hash_27cf9f74aac87c7b,0,50,50,#,0,false,0,false,#hash_5f4de332d595bc4e,#,#,false,false,false,#,#,#,#,#,false,false,0,?0,0,false
#hash_3584bd609b2dec5a,0,25,25,#,0,false,0,false,#hash_4ea3f8cf56171ef1,#,#,false,false,false,#,#,#,#,#,false,false,0,?0,0,false
#hash_7a581317de16befa,0,10,10,#,0,false,0,false,#hash_2bdb1a98ea14e0bb,#,#,false,false,false,#,#,#,#,#,false,false,0,?0,0,false
#hash_6e016b8588c56243,0,15,25,#,0,false,0,false,#hash_5d10481eeb69a130,#,#,false,true,false,#,#,#,#,#,false,false,0,?0,0,false
#hash_32393e7bdd5d6163,0,20,35,#,0,false,0,false,#hash_37219b8ed0f3e2bc,#,#,false,true,false,#,#,#,#,#,false,false,0,?0,0,false
#infil,0,25,50,#,0,false,0,false,#hash_47f6c0e389d7b9c8,#,#,false,true,false,#,#,#,#,#,false,false,0,?0,0,false
#hash_18efe678457ab4e9,0,15,25,#,0,false,0,false,#hash_2a0379f4dc4a439e,#,#,false,true,false,#,#,#,#,#,false,false,0,?0,0,false
#hash_7635c9fb5fb1889,0,50,0,#,0,false,0,false,#,#hash_6e3204181846ddf5,#medal_killed_driver_with_weapon,true,true,false,#combat,#,#,#,#,false,false,0,?0,0,false
#hash_e0ebdc669e8fd7,0,50,0,#,0,false,0,false,#,#hash_6dd113d8d98809c3,#medal_vehicle_impact_kill,true,true,false,#combat,#,#,#,#,false,false,0,?0,0,false
#hash_4f1858c77665aa9f,0,0,0,#,0,false,0,false,#,#,#,false,false,false,#,#,#,#,#,false,false,0,?0,0,false
#hash_5a723893674cd85,0,50,0,#,0,false,0,false,#,#hash_2c411357aa10f4c1,#medal_driver_weapon_kill,true,true,false,#combat,#,#,#,#,false,false,0,?0,0,false
#hash_7f8f6ec19f91d88a,0,50,0,#,0,false,0,false,#,#hash_70a6bc21016d1916,#medal_driver_vehicle_integrated_weapon_kill,true,true,false,#combat,#,#,#,#,false,false,0,?0,0,false
#hash_203460376d5e46e8,0,50,0,#,0,false,0,false,#,#hash_25aca9d0455d0cdc,#medal_passenger_gunner_kill,true,true,false,#combat,#,#,#,#,false,false,0,?0,0,false
#hash_55fdfc040c784853,0,50,0,#,0,false,0,false,#,#hash_191b49ff8bb1c5af,#medal_driver_fav_passenger_kill,true,true,false,#combat,#,#,#,#,false,false,0,?0,0,false
#hash_595de4bb132a8e1,0,50,0,#,0,false,0,false,#,#hash_2cce173f0c4e3ecd,#medal_soa_kill_enemy_with_explosion,true,true,false,#combat,#,#,#,#,false,false,0,?0,0,false
#hash_7036af264dd467b,0,50,0,#,0,false,0,false,#,#hash_655e57c8a95f6ab7,#medal_soa_kill_enemy_with_melee_weapon,true,true,false,#combat,#,#,#,#,false,false,0,?0,0,false
#hash_48033a9247f2c635,0,50,0,#,0,false,0,false,#,#hash_3575d01e5d018761,#medal_soa_kill_enemies_rapidly_without_reloading_auto,true,true,false,#combat,#,#,#,#,false,false,0,?0,0,false
#hash_152f120fead67512,0,50,0,#,0,false,0,false,#,#hash_441a12674d46923e,#medal_soa_kill_enemy_with_death_machine,true,true,false,#scorestreak,#,#,#,#,false,false,0,?0,0,false
#hash_192c42d72858c060,0,100,50,#,0,false,0,false,#hash_340db7e054532a9a,#hash_44d45db438754e8b,#medal_soa_hatchet_kill,true,true,false,#combat,#,#,#,#,false,false,0,?0,0,false
#hash_295bfc462169cc24,0,50,0,#,0,false,0,false,#,#hash_1b4f4f15443e26c0,#medal_soa_first_kill,true,true,false,#combat,#,#,#,#,false,false,0,?0,0,false
#hash_542492b888bd749e,0,50,100,#,0,false,0,false,#hash_76f426dcedad2df9,#,#,false,true,false,#,#,#,#,#,false,false,0,?0,0,false
#hash_4384c59cc8c4e23e,0,150,200,#,0,false,0,false,#hash_19412ac8fcc5969,#,#,false,true,false,#,#,#,#,#,false,false,0,?0,0,false
#hash_1838144bcf5d0580,0,50,100,#,0,false,0,false,#hash_14caae73e56828e5,#,#,false,true,false,#,#,#,#,#,false,false,0,?0,0,false
#hash_3050def6b8813b,0,25,50,#,0,false,0,false,#hash_57858de0c8bf5230,#,#,false,true,false,#,#,#,#,#,false,false,0,?0,0,false
#hash_6024b59ca1d3b641,0,10,25,#,0,false,0,false,#hash_1201440b73b03bf2,#,#,false,true,false,#,#,#,#,#,false,false,0,?0,0,false
#concertina_wire_kill,0,50,50,#,0,false,0,false,#hash_41bbc0d59f8fc673,#stats_concertina_wire_kill,#,true,true,false,#,#,#,#,#,false,false,0,?0,0,false
#concertina_wire_snared_kill,0,100,25,#,0,false,0,false,#hash_2c12f4c7941c1791,#stats_concertina_wire_snared_kill,#,true,true,false,#,#,#,#,#,false,false,0,?0,0,false
#concertina_wire_assist,0,50,50,#,0,false,0,false,#hash_222cadb4facf4048,#stats_concertina_wire_assist,#,true,true,false,#,#,#,#,#,false,false,0,?0,0,false
#hash_40568818ca44b240,0,100,0,#,0,false,0,false,#,#stats_concertina_wire_multikill_x2_summary,#medal_concertina_wire_multikill_x2_summary,true,true,false,#specialist,#,#,#,#,false,false,0,?0,0,false
#disrupted_equipment,0,15,0,#,0,false,0,false,#hash_1726772f54da2fc1,#stats_disrupted_equipment,#,true,true,false,#,#,#,#,#,false,false,0,?0,0,false
#disrupted_enemy,0,15,10,#,0,false,0,false,#hash_36574feec5d84ddd,#stats_disrupted_enemy,#,true,true,false,#,#,#,#,#,false,false,0,?0,0,false
#disruptor_assist,0,15,25,#,0,false,0,false,#hash_2533f55ed324cbcc,#stats_disruptor_assist,#,true,true,false,#,#,#,#,#,false,false,0,?0,0,false
#disruptor_kill,0,25,25,#,0,false,0,false,#hash_1a9d0247414fc3ff,#stats_disruptor_kill,#,true,true,false,#,#,#,#,#,false,false,0,?0,0,false
#disrupted_barricade,0,50,50,#,0,false,0,false,#hash_cd2c82b72489f5e,#stats_disrupted_barricade,#,true,true,false,#,#,#,#,#,false,false,0,?0,0,false
#disrupted_sentry,0,125,125,#,0,false,0,false,#hash_753830c329745428,#stats_disrupted_sentry,#,true,true,false,#,#,#,#,#,false,false,0,?0,0,false
#disrupted_mantis,0,150,150,#,0,false,0,false,#hash_6be349e1da9cadd3,#stats_disrupted_mantis,#,true,true,false,#,#,#,#,#,false,false,0,?0,0,false
#hash_208b61a32a38340e,0,100,0,#,0,false,0,false,#,#hash_6da6f256a59a895a,#medal_disrupted,true,true,false,#specialist,#,#,#,#,false,false,0,?0,0,false
#hpm_suppress,0,25,25,#,0,false,0,false,#hash_6ad01b1b9a6f3b0c,#stats_hpm_suppress,#,true,true,false,#,#,#,#,#,false,false,0,?0,0,false
#microwave_turret_kill,0,100,50,#,0,false,0,false,#hash_25b854aec1d36810,#,#,false,true,false,#,#,#,#,#,false,false,0,?0,0,false
#microwave_turret_assist,0,50,50,#,0,false,0,false,#hash_187f5b25e18e8117,#,#,false,true,false,#,#,#,#,#,false,false,0,?0,0,false
#hash_f25ded8c99c1a91,0,100,100,#,0,false,0,false,#hash_17283557114c8450,#hash_559746d22c5e43fd,#medal_spy_plane_killjoy,true,true,false,#antiscorestreak,#,#,#,#,false,false,0,?0,0,false
#hash_61955db883f8a918,0,0,0,#,0,false,0,false,#,#,#,false,false,false,#,#,#,#,#,false,false,0,?0,0,false
#attack_dog_shutdown,0,0,0,#,0,false,0,false,#hash_fabbbe73a8046a2,#stats_attack_dog_shutdown,#medal_attack_dog_shutdown,false,false,false,#,#,#,#,#,false,false,0,?0,0,false
#hash_4ccb940ea15047ba,0,0,0,#,0,false,0,false,#hash_72b34caee6bce929,#stats_razor_wire_destroy,#,false,false,false,#,#,#,#,#,false,false,0,?0,0,false
#flag_grab,0,250,50,#,0,false,0,false,#hash_23abb863dec06647,#,#,false,true,false,#,#,#,#,#,false,false,0,?0,0,false
#flag_capture,0,500,200,#,0,false,0,true,#hash_23ed5067f54750b9,#stats_flag_capture,#medal_flag_capture,true,true,false,#gamemode,#,#,#,#,false,false,0,?0,0,false
#flag_return,0,250,100,#,0,false,0,true,#hash_67076d434dba3af7,#,#,false,true,false,#,#,#,#,#,false,false,0,?0,0,false
#flag_carrier_kill_return_close,0,250,0,#,0,false,0,false,#,#stats_flag_carrier_kill_return_close,#medal_flag_carrier_kill_return_close,true,true,false,#gamemode,#,#,#,#,false,false,0,?0,0,false
#defend_flag_carrier,0,250,50,#,0,false,0,false,#hash_10b5c48ac18a786a,#,#,false,true,false,#,#,#,#,#,false,false,0,?0,0,false
#killed_enemy_while_carrying_flag,0,500,50,#,0,false,0,false,#hash_3fc29c1a44f647d9,#stats_killed_enemy_while_carrying_flag,#medal_killed_enemy_while_carrying_flag,true,true,false,#gamemode,#,#,#,#,false,false,0,?0,0,false
#rescue_flag_carrier,0,250,50,#,0,false,0,false,#hash_726ce34882655a19,#,#,false,true,false,#,#,#,#,#,false,false,0,?0,0,false
#kill_flag_carrier,0,250,50,#,0,false,0,false,#hash_1adbab93883a7682,#stats_kill_flag_carrier,#medal_kill_flag_carrier,true,true,false,#gamemode,#,#,#,#,false,false,0,?0,0,false
#hash_4c6081a9cebf868a,0,100,0,#,0,false,0,true,#,#hash_45a89ffba23d61de,#medal_setback_sas,true,true,false,#gamemode,#,#,#,#,false,false,0,?0,0,false
#humiliation_sas,0,50,50,#,0,false,0,true,#hash_6751eab989a1a86f,#hash_53a4a6fe65772536,#medal_humiliation_sas,true,true,false,#gamemode,#,#,#,#,false,false,0,?0,0,false
#hash_6c8030eb05b53d5a,0,50,50,#,0,false,0,false,#hash_3344a7a144349125,#,#,false,true,false,#,#,#,#,#,false,false,0,?0,0,false
#hash_614b27b37ccee280,0,100,100,#,0,false,0,false,#hash_4540ff4b12c5f139,#,#,false,true,false,#,#,#,#,#,false,false,0,?0,0,false
#hash_25ec47f9609803a9,0,100,100,#,0,false,0,false,#hash_1a3da1644636a00e,#,#,false,true,false,#,#,#,#,#,false,false,0,?0,0,false
#survivor,0,100,10,#,0,false,0,false,#hash_17fbaa3313bbf240,#stats_survivor,#,false,false,false,#,#,#,#,#,false,false,0,?0,0,false
#clean_enemy_collect,0,50,25,#,0,false,0,false,#hash_b2f30d3fce56d59,#,#,false,true,false,#,#,#,#,#,false,false,0,?0,0,false
#clean_enemy_deposit,0,100,50,#,0,false,0,true,#hash_5f62ddca817ce8d,#,#,false,true,false,#,#,#,#,#,false,false,0,?0,0,false
#clean_friendly_collect,0,50,25,#,0,false,0,true,#hash_c3cf9dc71feade6,#,#,false,true,false,#,#,#,#,#,false,false,0,?0,0,false
#clean_own_collect,0,250,25,#,0,false,0,false,#hash_c3cf9dc71feade6,#,#,false,true,false,#,#,#,#,#,false,false,0,?0,0,false
#clean_assist_collect,0,50,25,#,0,false,0,false,#hash_6a9cc85bf4b5702e,#,#,false,true,false,#,#,#,#,#,false,false,0,?0,0,false
#clean_multi_deposit_normal,0,100,0,#,0,false,0,false,#,#stats_clean_multi_deposit_normal,#medal_clean_multi_deposit_normal,true,true,false,#gamemode,#,#,#,#,false,false,0,?0,0,false
#clean_multi_deposit_big,0,200,0,#,0,false,0,false,#,#stats_clean_multi_deposit_big,#medal_clean_multi_deposit_big,true,true,false,#gamemode,#,#,#,#,false,false,0,?0,0,false
#clean_kill_enemy_carrying_tacos,0,100,0,#,0,false,0,false,#,#stats_clean_kill_enemy_carrying_tacos,#medal_clean_kill_enemy_carrying_tacos,true,true,false,#gamemode,#,#,#,#,false,false,0,?0,0,false
#clean_multi_deny_tacos,0,100,0,#,0,false,0,false,#,#stats_clean_multi_deny_tacos,#medal_clean_multi_deny_tacos,true,true,false,#gamemode,#,#,#,#,false,false,0,?0,0,false
#shamrock_enemy_collect,0,50,25,#,0,false,0,false,#hash_4ecd77858b5ff3c0,#,#,false,true,false,#,#,#,#,#,false,false,0,?0,0,false
#shamrock_enemy_deposit,0,100,50,#,0,false,0,true,#hash_43dd5918238cbae0,#,#,false,true,false,#,#,#,#,#,false,false,0,?0,0,false
#shamrock_friendly_collect,0,50,25,#,0,false,0,true,#hash_288c641d628bcb1d,#,#,false,true,false,#,#,#,#,#,false,false,0,?0,0,false
#shamrock_own_collect,0,250,25,#,0,false,0,false,#hash_288c641d628bcb1d,#,#,false,true,false,#,#,#,#,#,false,false,0,?0,0,false
#shamrock_assist_collect,0,50,25,#,0,false,0,false,#hash_6ed4e5955e318dd,#,#,false,true,false,#,#,#,#,#,false,false,0,?0,0,false
#first_infected,0,0,200,#,0,false,0,false,#hash_4bf208a07733d63d,#,#,false,true,false,#,#,#,#,#,false,false,0,?0,0,false
#infected_survivor,0,100,200,#,0,false,0,false,#hash_3887f79f505d8dcd,#stats_infected_survivor,#medal_infected_survivor,true,true,false,#gamemode,#,#,#,#,false,false,0,?0,0,false
#survivor_still_alive,0,0,50,#,0,false,0,false,#hash_541891e4eb1897e0,#,#,false,true,false,#,#,#,#,#,false,false,0,?0,0,false
#final_survivor,0,250,350,#,0,false,0,false,#hash_43a1a0d614c400e1,#stats_final_survivor,#medal_final_survivor,true,true,false,#gamemode,#,#,#,#,false,false,0,?0,0,false
#infected_infect_3_enemies,0,150,0,#,0,false,0,false,#,#hash_3ac0b25bcb4d86c5,#medal_infect_3_enemies,true,true,false,#gamemode,#,#,#,#,false,false,0,?0,0,false
#infected_survive_30_seconds,0,150,0,#,0,false,0,false,#,#hash_26187deba312d31f,#medal_survive_30_seconds,true,true,false,#gamemode,#,#,#,#,false,false,0,?0,0,false
#kill_enemy_grenade_throwback,0,0,0,#,0,false,0,false,#,#,#,false,false,false,#,#,#,#,#,false,false,0,?0,0,false
#hacked,0,0,0,#,0,false,0,false,#,#,#,false,false,false,#,#,#,#,#,false,false,0,?0,0,false
#hash_404f4ab8edc8e94b,0,0,0,#,0,false,0,false,#,#,#,false,false,false,#,#,#,#,#,false,false,0,?0,0,false
#hash_404f49b8edc8e798,0,0,0,#,0,false,0,false,#,#,#,false,false,false,#,#,#,#,#,false,false,0,?0,0,false
#hash_404f50b8edc8f37d,0,0,0,#,0,false,0,false,#,#,#,false,false,false,#,#,#,#,#,false,false,0,?0,0,false
#hash_404f4fb8edc8f1ca,0,0,0,#,0,false,0,false,#,#,#,false,false,false,#,#,#,#,#,false,false,0,?0,0,false
#hash_404f4eb8edc8f017,0,0,0,#,0,false,0,false,#,#,#,false,false,false,#,#,#,#,#,false,false,0,?0,0,false
#hash_404f4db8edc8ee64,0,0,0,#,0,false,0,false,#,#,#,false,false,false,#,#,#,#,#,false,false,0,?0,0,false
#hash_404f44b8edc8df19,0,0,0,#,0,false,0,false,#,#,#,false,false,false,#,#,#,#,#,false,false,0,?0,0,false
#hash_658629ce68f99fb5,0,0,0,#,0,false,0,false,#,#,#,false,false,false,#,#,#,#,#,false,false,0,?0,0,false
#hash_1343f5418bd52c6c,0,0,0,#,0,false,0,false,#,#,#,false,false,false,#,#,#,#,#,false,false,0,?0,0,false
#hash_606050eba99a3913,0,0,0,#,0,false,0,false,#,#,#,false,false,false,#,#,#,#,#,false,false,0,?0,0,false
#hash_1ed8a05490cfe606,0,0,0,#,0,false,0,false,#,#,#,false,false,false,#,#,#,#,#,false,false,0,?0,0,false
#hash_2f3000a4b38e9235,0,0,0,#,0,false,0,false,#,#,#,false,false,false,#,#,#,#,#,false,false,0,?0,0,false
#hash_1352459d518467e4,0,0,0,#,0,false,0,false,#,#,#,false,false,false,#,#,#,#,#,false,false,0,?0,0,false
#hash_6da3ec0deab3fd5f,0,0,0,#,0,false,0,false,#,#,#,false,false,false,#,#,#,#,#,false,false,0,?0,0,false
#hash_53fda4e867762a91,0,0,0,#,0,false,0,false,#,#,#,false,false,false,#,#,#,#,#,false,false,0,?0,0,false
#hash_62fadae1e80b17b5,0,0,0,#,0,false,0,false,#,#,#,false,false,false,#,#,#,#,#,false,false,0,?0,0,false
#hash_24bc380c60ac77de,0,0,0,#,0,false,0,false,#,#,#,false,false,false,#,#,#,#,#,false,false,0,?0,0,false
#hash_6caca7526c2bce54,0,0,0,#,0,false,0,false,#,#,#,false,false,false,#,#,#,#,#,false,false,0,?0,0,false
#hash_71388b5d1f84fa54,0,0,0,#,0,false,0,false,#,#,#,false,false,false,#,#,#,#,#,false,false,0,?0,0,false
#hash_23ea1436025bb7d5,0,0,0,#,0,false,0,false,#,#,#,false,false,false,#,#,#,#,#,false,false,0,?0,0,false
#hash_615d2e02d1d3769c,0,0,0,#,0,false,0,false,#,#,#,false,false,false,#,#,#,#,#,false,false,0,?0,0,false
#hash_1f661efe5e6707ad,0,0,0,#,0,false,0,false,#,#,#,false,false,false,#,#,#,#,#,false,false,0,?0,0,false
#hash_a9d9b153aef8e1d,0,0,0,#,0,false,0,false,#,#,#,false,false,false,#,#,#,#,#,false,false,0,?0,0,false
#hash_124df03b22097439,0,0,0,#,0,false,0,false,#,#,#,false,false,false,#,#,#,#,#,false,false,0,?0,0,false
#hash_51561cf52234268f,0,0,0,#,0,false,0,false,#,#,#,false,false,false,#,#,#,#,#,false,false,0,?0,0,false
#hash_59733ef5b1577277,0,0,0,#,0,false,0,false,#,#,#,false,false,false,#,#,#,#,#,false,false,0,?0,0,false
#hash_1bf180f8945b240d,0,0,0,#,0,false,0,false,#,#,#,false,false,false,#,#,#,#,#,false,false,0,?0,0,false
#hash_6a0a43aa391f18f,0,0,0,#,0,false,0,false,#,#,#,false,false,false,#,#,#,#,#,false,false,0,?0,0,false
#hash_4f2f85d71af52a0a,0,0,0,#,0,false,0,false,#,#,#,false,false,false,#,#,#,#,#,false,false,0,?0,0,false
#hash_bad79b50f40ce0b,0,0,0,#,0,false,0,false,#,#,#,false,false,false,#,#,#,#,#,false,false,0,?0,0,false
#hash_38ce4ad6f4be82b8,0,0,0,#,0,false,0,false,#,#,#,false,false,false,#,#,#,#,#,false,false,0,?0,0,false
#hash_65740dfcbe404000,0,0,0,#,0,false,0,false,#,#,#,false,false,false,#,#,#,#,#,false,false,0,?0,0,false
#hash_5a0ba26fc228a9aa,0,0,0,#,0,false,0,false,#,#,#,false,false,false,#,#,#,#,#,false,false,0,?0,0,false
#emp_shutdown,0,0,0,#,0,false,0,false,#,#,#,false,false,false,#,#,#,#,#,false,false,0,?0,0,false
#emp_assist,0,0,0,#,0,false,0,false,#,#,#,false,false,false,#,#,#,#,#,false,false,0,?0,0,false
#hash_4359ef4c832c032f,0,0,0,#,0,false,0,false,#,#,#,false,false,false,#,#,#,#,#,false,false,0,?0,0,false
#dirty_bomb_kill,0,0,0,#,0,false,0,false,#,#,#,false,false,false,#,#,#,#,#,false,false,0,?0,0,false
#flare_assist,0,0,0,#,0,false,0,false,#,#,#,false,false,false,#,#,#,#,#,false,false,0,?0,0,false
#swarm_destroyed,0,0,0,#,0,false,0,false,#,#,#,false,false,false,#,#,#,#,#,false,false,0,?0,0,false
#dom_point_secured_neutralizing,0,0,0,#,0,false,0,false,#,#,#,false,false,false,#,#,#,#,#,false,false,0,?0,0,false
#dom_point_neutralized_neutralizing,0,0,0,#,0,false,0,false,#,#,#,false,false,false,#,#,#,#,#,false,false,0,?0,0,false
#kill_enemy_that_is_capping_your_team_dom,0,0,0,#,0,false,0,false,#,#,#,false,false,false,#,#,#,#,#,false,false,0,?0,0,false
#hash_437494fe912ad739,0,0,0,#,0,false,0,false,#,#,#,false,false,false,#,#,#,#,#,false,false,0,?0,0,false
#hash_1a5dd9fb2ffe5e7a,0,0,0,#,0,false,0,false,#,#,#,false,false,false,#,#,#,#,#,false,false,0,?0,0,false
#hash_871db7c54ac4c8,0,0,0,#,0,false,0,false,#,#,#,false,false,false,#,#,#,#,#,false,false,0,?0,0,false
#hash_2cbb2354f066e90,0,0,0,#,0,false,0,false,#,#,#,false,false,false,#,#,#,#,#,false,false,0,?0,0,false
#hash_116d984c5c7c887e,0,0,0,#,0,false,0,false,#,#,#,false,false,false,#,#,#,#,#,false,false,0,?0,0,false
#hash_54a5706bf2b2b41c,0,0,0,#,0,false,0,false,#,#,#,false,false,false,#,#,#,#,#,false,false,0,?0,0,false
#hash_468ad9ee571cf1c6,0,0,0,#,0,false,0,false,#,#,#,false,false,false,#,#,#,#,#,false,false,0,?0,0,false
#hash_15641f43eb61e013,0,0,0,#,0,false,0,false,#,#,#,false,false,false,#,#,#,#,#,false,false,0,?0,0,false
#hash_5026f740111fa462,0,0,0,#,0,false,0,false,#,#,#,false,false,false,#,#,#,#,#,false,false,0,?0,0,false
#hash_6d039d8eb80b2288,0,0,0,#,0,false,0,false,#,#,#,false,false,false,#,#,#,#,#,false,false,0,?0,0,false
