1280,0,10,#global,#hash_7659bc4836c71dee,#hash_628335d063d2f0f5,2500,0,?0,#,#hash_441923b366b62fc3,0,#hash_6652c340e0e088df,?0,0,false,#season1,false,false,false,false,true,#,#,0,0,0,true,#,false,#,0,false,?0
1281,0,25,#global,#hash_31aba70cdac22dab,#hash_19d6f0d6dc986616,2500,0,?0,#,#hash_441923b366b62fc3,0,#hash_1051f9a5096702e6,?0,0,false,#season1,false,false,false,false,true,#,#,0,0,0,true,#,false,#,0,false,?0
1282,0,25,#global,#hash_d9fe863a1e9e4d8,#hash_77f6c3c9f0324543,1000,0,?0,#,#,0,#,?0,0,false,#season1,false,false,false,false,false,#,#,0,0,0,true,#,false,#,0,false,?0
1283,1,50,#global,#hash_d9fe863a1e9e4d8,#hash_77f6c3c9f0324543,2500,0,?0,#,#,0,#,?0,0,false,#season1,false,false,false,false,false,#,#,0,0,0,true,#,false,#,0,false,?0
1284,2,100,#global,#hash_d9fe863a1e9e4d8,#hash_77f6c3c9f0324543,5000,0,?0,#,#hash_441923b366b62fc3,0,#hash_715095652bc52dd5,?0,0,false,#season1,false,false,false,false,true,#,#,0,0,0,true,#,false,#,0,false,?0
1285,0,1,#global,#hash_4c67670e68b1faab,#hash_1b721d3074ac3ae4,1000,0,?0,#,#,0,#,?0,0,false,#season1,false,false,false,false,false,#,#,0,0,0,true,#,false,#,0,false,?0
1286,1,3,#global,#hash_4c67670e68b1faab,#hash_1b721d3074ac3ae4,2500,0,?0,#,#,0,#,?0,0,false,#season1,false,false,false,false,false,#,#,0,0,0,true,#,false,#,0,false,?0
1287,2,5,#global,#hash_4c67670e68b1faab,#hash_1b721d3074ac3ae4,5000,0,?0,#,#hash_441923b366b62fc3,0,#hash_552226a3bb788c4c,?0,0,false,#season1,false,false,false,false,true,#,#,0,0,0,true,#,false,#,0,false,?0
1288,0,100,#global,#hash_d636c7d30f976a4,#hash_4a889dbedfb7e1c3,1000,0,?0,#,#,0,#,?0,0,false,#season1,false,false,false,false,false,#,#,0,0,0,true,#,false,#,0,false,?0
1289,1,250,#global,#hash_d636c7d30f976a4,#hash_4a889dbedfb7e1c3,2000,0,?0,#,#,0,#,?0,0,false,#season1,false,false,false,false,false,#,#,0,0,0,true,#,false,#,0,false,?0
1290,2,500,#global,#hash_d636c7d30f976a4,#hash_4a889dbedfb7e1c3,3000,0,?0,#,#,0,#,?0,0,false,#season1,false,false,false,false,false,#,#,0,0,0,true,#,false,#,0,false,?0
1291,3,750,#global,#hash_d636c7d30f976a4,#hash_4a889dbedfb7e1c3,4000,0,?0,#,#,0,#,?0,0,false,#season1,false,false,false,false,false,#,#,0,0,0,true,#,false,#,0,false,?0
1292,4,1000,#global,#hash_d636c7d30f976a4,#hash_4a889dbedfb7e1c3,5000,0,?0,#,#hash_441923b366b62fc3,0,#hash_44329ef0eabdb355,?0,0,false,#season1,false,false,false,false,true,#,#,0,0,0,true,#,false,#,0,false,?0
1293,0,5,#global,#hash_46d214ee909c2c6a,#hash_45edfd32effa19c6,2500,0,?0,#,#hash_441923b366b62fc3,0,#hash_38afa5d9802f0eb6,?0,0,false,#season1,false,false,false,false,true,#,#,0,0,0,true,#,false,#,0,false,?0
1294,0,25,#global,#hash_15e9f992b5497ad7,#hash_2fe4f9475aee89dd,2500,0,?0,#,#hash_441923b366b62fc3,0,#hash_403a311046825de7,?0,0,false,#season1,false,false,false,false,true,#,#,0,0,0,true,#,false,#,0,false,?0
1295,0,5,#global,#hash_5d841dfc6114d2ae,#hash_12516f7b1eb8f745,1000,0,?0,#,#,0,#,?0,0,false,#season1,false,false,false,false,false,#,#,0,0,0,true,#,false,#,0,false,?0
1296,1,15,#global,#hash_5d841dfc6114d2ae,#hash_12516f7b1eb8f745,2500,0,?0,#,#,0,#,?0,0,false,#season1,false,false,false,false,false,#,#,0,0,0,true,#,false,#,0,false,?0
1297,2,25,#global,#hash_5d841dfc6114d2ae,#hash_12516f7b1eb8f745,5000,0,?0,#,#hash_441923b366b62fc3,0,#hash_70aa03f67940f0f,?0,0,false,#season1,false,false,false,false,true,#,#,0,0,0,true,#,false,#,0,false,?0
1298,0,5,#global,#hash_52b5cb629bbde814,#hash_4bc6b2eef4972113,1000,0,?0,#,#,0,#,?0,0,false,#season1,false,false,false,false,false,#,#,0,0,0,true,#,false,#,0,false,?0
1299,1,10,#global,#hash_52b5cb629bbde814,#hash_4bc6b2eef4972113,2500,0,?0,#,#,0,#,?0,0,false,#season1,false,false,false,false,false,#,#,0,0,0,true,#,false,#,0,false,?0
1300,2,15,#global,#hash_52b5cb629bbde814,#hash_4bc6b2eef4972113,5000,0,?0,#,#hash_441923b366b62fc3,0,#hash_62f0acf57584a9c5,?0,0,false,#season1,false,false,false,false,true,#,#,0,0,0,true,#,false,#,0,false,?0
1301,0,10,#global,#hash_139b997bc49d4b16,#hash_18df9f672982da36,1000,0,?0,#,#,0,#,?0,0,false,#season1,false,false,false,false,false,#,#,0,0,0,true,#,false,#,0,false,?0
1302,1,20,#global,#hash_139b997bc49d4b16,#hash_18df9f672982da36,2000,0,?0,#,#,0,#,?0,0,false,#season1,false,false,false,false,false,#,#,0,0,0,true,#,false,#,0,false,?0
1303,2,30,#global,#hash_139b997bc49d4b16,#hash_18df9f672982da36,3000,0,?0,#,#,0,#,?0,0,false,#season1,false,false,false,false,false,#,#,0,0,0,true,#,false,#,0,false,?0
1304,3,40,#global,#hash_139b997bc49d4b16,#hash_18df9f672982da36,4000,0,?0,#,#,0,#,?0,0,false,#season1,false,false,false,false,false,#,#,0,0,0,true,#,false,#,0,false,?0
1305,4,50,#global,#hash_139b997bc49d4b16,#hash_18df9f672982da36,5000,0,?0,#,#hash_441923b366b62fc3,0,#hash_13f75954fc73f546,?0,0,false,#season1,false,false,false,false,true,#,#,0,0,0,true,#,false,#,0,false,?0
1306,0,3,#global,#hash_3b7d759c8864b5d8,#hash_442c838bce7aaa87,2500,0,?0,#,#hash_441923b366b62fc3,0,#hash_2ee222894986cf19,?0,0,false,#season1,false,false,false,false,true,#,#,0,0,0,true,#,false,#,0,false,?0
1307,0,10,#global,#hash_101aa1c56608b02d,#hash_4cdc06554a05ff72,1000,0,?0,#,#,0,#,?0,0,false,#season1,false,false,false,false,false,#,#,0,0,0,true,#,false,#,0,false,?0
1308,1,20,#global,#hash_101aa1c56608b02d,#hash_4cdc06554a05ff72,2000,0,?0,#,#,0,#,?0,0,false,#season1,false,false,false,false,false,#,#,0,0,0,true,#,false,#,0,false,?0
1309,2,30,#global,#hash_101aa1c56608b02d,#hash_4cdc06554a05ff72,3000,0,?0,#,#hash_441923b366b62fc3,0,#hash_76b89e349871a3e2,?0,0,false,#season1,false,false,false,false,true,#,#,0,0,0,true,#,false,#,0,false,?0
1310,0,10,#global,#hash_1546fa6f8e98bd61,#hash_5dc937ec571a075f,1000,0,?0,#,#,0,#,?0,0,false,#season1,false,false,false,false,false,#,#,0,0,0,true,#,false,#,0,false,?0
1311,1,20,#global,#hash_1546fa6f8e98bd61,#hash_5dc937ec571a075f,2000,0,?0,#,#,0,#,?0,0,false,#season1,false,false,false,false,false,#,#,0,0,0,true,#,false,#,0,false,?0
1312,2,30,#global,#hash_1546fa6f8e98bd61,#hash_5dc937ec571a075f,3000,0,?0,#,#hash_441923b366b62fc3,0,#hash_3096c29660640f1,?0,0,false,#season1,false,false,false,false,true,#,#,0,0,0,true,#,false,#,0,false,?0
1313,0,3,#global,#hash_11840e244dff52d3,#hash_4e9e76472442e7ff,1000,0,?0,#,#,0,#,?0,0,false,#season1,false,false,false,false,false,#,#,0,0,0,true,#,false,#,0,false,?0
1314,1,10,#global,#hash_11840e244dff52d3,#hash_4e9e76472442e7ff,2500,0,?0,#,#,0,#,?0,0,false,#season1,false,false,false,false,false,#,#,0,0,0,true,#,false,#,0,false,?0
1315,2,15,#global,#hash_11840e244dff52d3,#hash_4e9e76472442e7ff,5000,0,?0,#,#hash_441923b366b62fc3,0,#hash_495e9b85ada2d3d1,?0,0,false,#season1,false,false,false,false,true,#,#,0,0,0,true,#,false,#,0,false,?0
1316,0,100,#global,#hash_41393b0369e02954,#hash_786a1a95b782b45d,1000,0,?0,#,#,0,#,?0,0,false,#season1,false,false,false,false,false,#,#,0,0,0,true,#,false,#,0,false,?0
1317,1,250,#global,#hash_41393b0369e02954,#hash_786a1a95b782b45d,2500,0,?0,#,#,0,#,?0,0,false,#season1,false,false,false,false,false,#,#,0,0,0,true,#,false,#,0,false,?0
1318,2,500,#global,#hash_41393b0369e02954,#hash_786a1a95b782b45d,5000,0,?0,#,#hash_441923b366b62fc3,0,#hash_6ae1e82d0ae7cd67,?0,0,false,#season1,false,false,false,false,true,#,#,0,0,0,true,#,false,#,0,false,?0
1319,0,25,#global,#hash_38b93f97da20f2e1,#hash_432f266b2363984,2500,0,?0,#,#hash_441923b366b62fc3,0,#hash_7be12c97cb9e52ac,?0,0,false,#season1,false,false,false,false,true,#,#,0,0,0,true,#,false,#,0,false,?0
1320,0,15,#global,#hash_7dab2161d3681f85,#hash_502a9f40dfc8c50,2500,0,?0,#,#hash_441923b366b62fc3,0,#hash_2460a4b10fbdb278,?0,0,false,#season1,false,false,false,false,true,#,#,0,0,0,true,#,false,#,0,false,?0
1321,0,25,#global,#hash_6c9b07f9cd4f45d6,#hash_4236dc303f5fefde,2500,0,?0,#,#hash_441923b366b62fc3,0,#hash_60ded2c88c0a9cee,?0,0,false,#season1,false,false,false,false,true,#,#,0,0,0,true,#,false,#,0,false,?0
1322,0,5,#global,#hash_5e6403da30069b30,#hash_179e17d4b62ed483,1000,0,?0,#,#,0,#,?0,0,false,#season1,false,false,false,false,false,#,#,0,0,0,true,#,false,#,0,false,?0
1323,1,10,#global,#hash_5e6403da30069b30,#hash_179e17d4b62ed483,2500,0,?0,#,#,0,#,?0,0,false,#season1,false,false,false,false,false,#,#,0,0,0,true,#,false,#,0,false,?0
1324,2,20,#global,#hash_5e6403da30069b30,#hash_179e17d4b62ed483,5000,0,?0,#,#hash_441923b366b62fc3,0,#hash_22ecc802c3e4e415,?0,0,false,#season1,false,false,false,false,true,#,#,0,0,0,true,#,false,#,0,false,?0
1325,0,1,#global,#hash_53c962b66dc62fd1,#hash_10126af28c2756a6,1000,0,?0,#,#,0,#,?0,0,false,#season1,false,false,false,false,false,#,#,0,0,0,true,#,false,#,0,false,?0
1326,1,3,#global,#hash_53c962b66dc62fd1,#hash_10126af28c2756a6,2500,0,?0,#,#,0,#,?0,0,false,#season1,false,false,false,false,false,#,#,0,0,0,true,#,false,#,0,false,?0
1327,2,5,#global,#hash_53c962b66dc62fd1,#hash_10126af28c2756a6,5000,0,?0,#,#hash_441923b366b62fc3,0,#hash_2c7b6e8adf4c15d6,?0,0,false,#season1,false,false,false,false,true,#,#,0,0,0,true,#,false,#,0,false,?0
1328,0,20,#global,#hash_441923b366b62fc3,#hash_37d1d52244ef2365,10000,0,?0,#,#,0,#hash_23ad834fa2d4656f,?0,0,false,#season1,false,true,false,false,true,#,#,0,0,0,true,#,false,#,0,false,?0
1329,0,10,#global,#hash_59b75115ee254217,#hash_273dddad7dbc5ad9,2500,0,?0,#,#hash_441924b366b63176,0,#hash_1e4a9ea3d0508073,?0,0,false,#hash_ffc39cdd777503e,false,false,false,false,true,#,#,0,0,0,true,#,false,#,0,false,?0
1330,0,25,#global,#hash_529c12e133e45b94,#hash_4751f790f6ce6164,2500,0,?0,#,#hash_441924b366b63176,0,#hash_4d30362e941e6fcc,?0,0,false,#hash_ffc39cdd777503e,false,false,false,false,true,#,#,0,0,0,true,#,false,#,0,false,?0
1331,0,25,#global,#hash_1e868415652219af,#hash_2ffed928c57f81da,1000,0,?0,#,#,0,#,?0,0,false,#hash_ffc39cdd777503e,false,false,false,false,false,#,#,0,0,0,true,#,false,#,0,false,?0
1332,1,50,#global,#hash_1e868415652219af,#hash_2ffed928c57f81da,2000,0,?0,#,#,0,#,?0,0,false,#hash_ffc39cdd777503e,false,false,false,false,false,#,#,0,0,0,true,#,false,#,0,false,?0
1333,2,100,#global,#hash_1e868415652219af,#hash_2ffed928c57f81da,3000,0,?0,#,#hash_441924b366b63176,0,#hash_18fe90b09f91176a,?0,0,false,#hash_ffc39cdd777503e,false,false,false,false,true,#,#,0,0,0,true,#,false,#,0,false,?0
1334,0,25,#global,#hash_512dd9eae51dae25,#hash_789fe7dba1e53964,1000,0,?0,#,#,0,#,?0,0,false,#hash_ffc39cdd777503e,false,false,false,false,false,#,#,0,0,0,true,#,false,#,0,false,?0
1335,1,50,#global,#hash_512dd9eae51dae25,#hash_789fe7dba1e53964,2500,0,?0,#,#,0,#,?0,0,false,#hash_ffc39cdd777503e,false,false,false,false,false,#,#,0,0,0,true,#,false,#,0,false,?0
1336,2,100,#global,#hash_512dd9eae51dae25,#hash_789fe7dba1e53964,5000,0,?0,#,#hash_441924b366b63176,0,#hash_63af716adb63f7cc,?0,0,false,#hash_ffc39cdd777503e,false,false,false,false,true,#,#,0,0,0,true,#,false,#,0,false,?0
1337,0,100,#global,#hash_52aa8f35541651b8,#hash_427c8ce7696d19a6,1000,0,?0,#,#,0,#,?0,0,false,#hash_ffc39cdd777503e,false,false,false,false,false,#,#,0,0,0,true,#,false,#,0,false,?0
1338,1,200,#global,#hash_52aa8f35541651b8,#hash_427c8ce7696d19a6,2000,0,?0,#,#,0,#,?0,0,false,#hash_ffc39cdd777503e,false,false,false,false,false,#,#,0,0,0,true,#,false,#,0,false,?0
1339,2,300,#global,#hash_52aa8f35541651b8,#hash_427c8ce7696d19a6,3000,0,?0,#,#,0,#,?0,0,false,#hash_ffc39cdd777503e,false,false,false,false,false,#,#,0,0,0,true,#,false,#,0,false,?0
1340,3,400,#global,#hash_52aa8f35541651b8,#hash_427c8ce7696d19a6,4000,0,?0,#,#,0,#,?0,0,false,#hash_ffc39cdd777503e,false,false,false,false,false,#,#,0,0,0,true,#,false,#,0,false,?0
1341,4,500,#global,#hash_52aa8f35541651b8,#hash_427c8ce7696d19a6,5000,0,?0,#,#hash_441924b366b63176,0,#hash_5b8c4a9981047ed6,?0,0,false,#hash_ffc39cdd777503e,false,false,false,false,true,#,#,0,0,0,true,#,false,#,0,false,?0
1342,0,15,#global,#hash_3ef5b668aaef6551,#hash_51ac428d43340f7,2500,0,?0,#,#hash_441924b366b63176,0,#hash_44a5069d12a1d829,?0,0,false,#hash_ffc39cdd777503e,false,false,false,false,true,#,#,0,0,0,true,#,false,#,0,false,?0
1343,0,1,#global,#hash_1674502cb913305d,#hash_1e4da6505668bd5e,2500,0,?0,#,#hash_441924b366b63176,0,#hash_3b30e5ca0409156e,?0,0,false,#hash_ffc39cdd777503e,false,false,false,false,true,#,#,0,0,0,true,#,false,#,0,false,?0
1344,0,10,#global,#hash_1b44d2efdcfc12b1,#hash_5fece69165206811,1000,0,?0,#,#,0,#,?0,0,false,#hash_ffc39cdd777503e,false,false,false,false,false,#,#,0,0,0,true,#,false,#,0,false,?0
1345,1,25,#global,#hash_1b44d2efdcfc12b1,#hash_5fece69165206811,2000,0,?0,#,#,0,#,?0,0,false,#hash_ffc39cdd777503e,false,false,false,false,false,#,#,0,0,0,true,#,false,#,0,false,?0
1346,2,50,#global,#hash_1b44d2efdcfc12b1,#hash_5fece69165206811,3000,0,?0,#,#hash_441924b366b63176,0,#hash_1e59cc13ba100d2b,?0,0,false,#hash_ffc39cdd777503e,false,false,false,false,true,#,#,0,0,0,true,#,false,#,0,false,?0
1347,0,10,#global,#hash_e46234e26adf731,#hash_53a6bfecde08fff3,1000,0,?0,#,#,0,#,?0,0,false,#hash_ffc39cdd777503e,false,false,false,false,false,#,#,0,0,0,true,#,false,#,0,false,?0
1348,1,25,#global,#hash_e46234e26adf731,#hash_53a6bfecde08fff3,2500,0,?0,#,#,0,#,?0,0,false,#hash_ffc39cdd777503e,false,false,false,false,false,#,#,0,0,0,true,#,false,#,0,false,?0
1349,2,50,#global,#hash_e46234e26adf731,#hash_53a6bfecde08fff3,5000,0,?0,#,#hash_441924b366b63176,0,#hash_718893319a1962e5,?0,0,false,#hash_ffc39cdd777503e,false,false,false,false,true,#,#,0,0,0,true,#,false,#,0,false,?0
1350,0,10,#global,#hash_59b46a27ebbdb7d0,#hash_18d649090c8b2bda,1000,0,?0,#,#,0,#,?0,0,false,#hash_ffc39cdd777503e,false,false,false,false,false,#,#,0,0,0,true,#,false,#,0,false,?0
1351,1,25,#global,#hash_59b46a27ebbdb7d0,#hash_18d649090c8b2bda,2000,0,?0,#,#,0,#,?0,0,false,#hash_ffc39cdd777503e,false,false,false,false,false,#,#,0,0,0,true,#,false,#,0,false,?0
1352,2,50,#global,#hash_59b46a27ebbdb7d0,#hash_18d649090c8b2bda,3000,0,?0,#,#,0,#,?0,0,false,#hash_ffc39cdd777503e,false,false,false,false,false,#,#,0,0,0,true,#,false,#,0,false,?0
1353,3,75,#global,#hash_59b46a27ebbdb7d0,#hash_18d649090c8b2bda,4000,0,?0,#,#,0,#,?0,0,false,#hash_ffc39cdd777503e,false,false,false,false,false,#,#,0,0,0,true,#,false,#,0,false,?0
1354,4,100,#global,#hash_59b46a27ebbdb7d0,#hash_18d649090c8b2bda,5000,0,?0,#,#hash_441924b366b63176,0,#hash_6d3034726377d56a,?0,0,false,#hash_ffc39cdd777503e,false,false,false,false,true,#,#,0,0,0,true,#,false,#,0,false,?0
1355,0,50,#global,#hash_816e30933fc24d9,#hash_2849033aad7628c5,2500,0,?0,#,#hash_441924b366b63176,0,#hash_7cb420fbb7bd338f,?0,0,false,#hash_ffc39cdd777503e,false,false,false,false,true,#,#,0,0,0,true,#,false,#,0,false,?0
1356,0,25,#global,#hash_5ea3238f59bae1e5,#hash_7743bbeb688320c9,2500,0,?0,#,#hash_441924b366b63176,0,#hash_75d4604dbc2ead83,?0,0,false,#hash_ffc39cdd777503e,false,false,false,false,true,#,#,0,0,0,true,#,false,#,0,false,?0
1357,0,10,#global,#hash_68f56bb01d2ea427,#hash_6c940e09657c4e79,2500,0,?0,#,#hash_441924b366b63176,0,#hash_6652f8ac00f3fd53,?0,0,false,#hash_ffc39cdd777503e,false,false,false,false,true,#,#,0,0,0,true,#,false,#,0,false,?0
1358,0,10,#global,#hash_38b93c97da20edc8,#hash_1276d051bfeeea69,1000,0,?0,#,#,0,#,?0,0,false,#hash_ffc39cdd777503e,false,false,false,false,false,#,#,0,0,0,true,#,false,#,0,false,?0
1359,1,25,#global,#hash_38b93c97da20edc8,#hash_1276d051bfeeea69,2000,0,?0,#,#,0,#,?0,0,false,#hash_ffc39cdd777503e,false,false,false,false,false,#,#,0,0,0,true,#,false,#,0,false,?0
1360,2,50,#global,#hash_38b93c97da20edc8,#hash_1276d051bfeeea69,3000,0,?0,#,#hash_441924b366b63176,0,#hash_566b6214ce03963,?0,0,false,#hash_ffc39cdd777503e,false,false,false,false,true,#,#,0,0,0,true,#,false,#,0,false,?0
1361,0,25,#global,#hash_2859c7926269f2a7,#hash_7e3f3bd026cbc8c7,1000,0,?0,#,#,0,#,?0,0,false,#hash_ffc39cdd777503e,false,false,false,false,false,#,#,0,0,0,true,#,false,#,0,false,?0
1362,1,50,#global,#hash_2859c7926269f2a7,#hash_7e3f3bd026cbc8c7,2500,0,?0,#,#,0,#,?0,0,false,#hash_ffc39cdd777503e,false,false,false,false,false,#,#,0,0,0,true,#,false,#,0,false,?0
1363,2,100,#global,#hash_2859c7926269f2a7,#hash_7e3f3bd026cbc8c7,5000,0,?0,#,#hash_441924b366b63176,0,#hash_7372ab6a680ba059,?0,0,false,#hash_ffc39cdd777503e,false,false,false,false,true,#,#,0,0,0,true,#,false,#,0,false,?0
1364,0,250,#global,#hash_2f86e77179c4ba91,#hash_5a5c8899acc4de04,2500,0,?0,#,#hash_441924b366b63176,0,#hash_2a7ed3650464f02c,?0,0,false,#hash_ffc39cdd777503e,false,false,false,false,true,#,#,0,0,0,true,#,false,#,0,false,?0
1365,0,10,#global,#hash_26f18c40643aa0e3,#hash_374ec08543ac96e,2500,0,?0,#,#hash_441924b366b63176,0,#hash_640f7c99c8e2215e,?0,0,false,#hash_ffc39cdd777503e,false,false,false,false,true,#,#,0,0,0,true,#,false,#,0,false,?0
1366,0,25,#global,#hash_71d1142f6d1828c8,#hash_72a9289fa139eb2d,1000,0,?0,#,#,0,#,?0,0,false,#hash_ffc39cdd777503e,false,false,false,false,false,#,#,0,0,0,true,#,false,#,0,false,?0
1367,1,50,#global,#hash_71d1142f6d1828c8,#hash_72a9289fa139eb2d,2500,0,?0,#,#,0,#,?0,0,false,#hash_ffc39cdd777503e,false,false,false,false,false,#,#,0,0,0,true,#,false,#,0,false,?0
1368,2,100,#global,#hash_71d1142f6d1828c8,#hash_72a9289fa139eb2d,5000,0,?0,#,#hash_441924b366b63176,0,#hash_5ce0b2f069c6e597,?0,0,false,#hash_ffc39cdd777503e,false,false,false,false,true,#,#,0,0,0,true,#,false,#,0,false,?0
1369,0,100,#global,#hash_5c41a492b47fc297,#hash_7781d22b2d221acc,1000,0,?0,#,#,0,#,?0,0,false,#hash_ffc39cdd777503e,false,false,false,false,false,#,#,0,0,0,true,#,false,#,0,false,?0
1370,1,200,#global,#hash_5c41a492b47fc297,#hash_7781d22b2d221acc,2500,0,?0,#,#,0,#,?0,0,false,#hash_ffc39cdd777503e,false,false,false,false,false,#,#,0,0,0,true,#,false,#,0,false,?0
1371,2,300,#global,#hash_5c41a492b47fc297,#hash_7781d22b2d221acc,5000,0,?0,#,#hash_441924b366b63176,0,#hash_186df015310ac334,?0,0,false,#hash_ffc39cdd777503e,false,false,false,false,true,#,#,0,0,0,true,#,false,#,0,false,?0
1372,0,25,#global,#hash_160d0dd620800569,#hash_24c80fbb01dd1dcf,1000,0,?0,#,#,0,#,?0,0,false,#hash_ffc39cdd777503e,false,false,false,false,false,#,#,0,0,0,true,#,false,#,0,false,?0
1373,1,50,#global,#hash_160d0dd620800569,#hash_24c80fbb01dd1dcf,2500,0,?0,#,#,0,#,?0,0,false,#hash_ffc39cdd777503e,false,false,false,false,false,#,#,0,0,0,true,#,false,#,0,false,?0
1374,2,75,#global,#hash_160d0dd620800569,#hash_24c80fbb01dd1dcf,5000,0,?0,#,#hash_441924b366b63176,0,#hash_6c7cc98f642bc441,?0,0,false,#hash_ffc39cdd777503e,false,false,false,false,true,#,#,0,0,0,true,#,false,#,0,false,?0
1375,0,20,#global,#hash_441924b366b63176,#hash_6385b6082d8e5473,10000,0,?0,#,#,0,#hash_63b8101623261065,?0,0,false,#hash_ffc39cdd777503e,false,true,false,false,true,#,#,0,0,0,true,#,false,#,0,false,?0
1376,0,5,#global,#hash_63afeb1820e32bc2,#hash_132da6aef9f0d0d2,1000,0,?0,#,#,0,#,?0,0,false,#hash_ffc3acdd77751f1,false,false,false,false,false,#,#,0,0,0,true,#,false,#,0,false,?0
1377,1,15,#global,#hash_63afeb1820e32bc2,#hash_132da6aef9f0d0d2,2500,0,?0,#,#,0,#,?0,0,false,#hash_ffc3acdd77751f1,false,false,false,false,false,#,#,0,0,0,true,#,false,#,0,false,?0
1378,2,25,#global,#hash_63afeb1820e32bc2,#hash_132da6aef9f0d0d2,5000,0,?0,#,#hash_441925b366b63329,0,#hash_6f79b56cc5289a02,?0,0,false,#hash_ffc3acdd77751f1,false,false,false,false,true,#,#,0,0,0,true,#,false,#,0,false,?0
1379,0,25,#global,#hash_7049f63ee0b63090,#hash_55652e068049afb8,1000,0,?0,#,#,0,#,?0,0,false,#hash_ffc3acdd77751f1,false,false,false,false,false,#,#,0,0,0,true,#,false,#,0,false,?0
1380,1,50,#global,#hash_7049f63ee0b63090,#hash_55652e068049afb8,2500,0,?0,#,#,0,#,?0,0,false,#hash_ffc3acdd77751f1,false,false,false,false,false,#,#,0,0,0,true,#,false,#,0,false,?0
1381,2,100,#global,#hash_7049f63ee0b63090,#hash_55652e068049afb8,5000,0,?0,#,#hash_441925b366b63329,0,#hash_1490bb279f7445e0,?0,0,false,#hash_ffc3acdd77751f1,false,false,false,false,true,#,#,0,0,0,true,#,false,#,0,false,?0
1382,0,50,#global,#hash_d6e068459b6a04b,#hash_87a52c3e3467b9f,1000,0,?0,#,#,0,#,?0,0,false,#hash_ffc3acdd77751f1,false,false,false,false,false,#,#,0,0,0,true,#,false,#,0,false,?0
1383,1,100,#global,#hash_d6e068459b6a04b,#hash_87a52c3e3467b9f,2500,0,?0,#,#,0,#,?0,0,false,#hash_ffc3acdd77751f1,false,false,false,false,false,#,#,0,0,0,true,#,false,#,0,false,?0
1384,2,150,#global,#hash_d6e068459b6a04b,#hash_87a52c3e3467b9f,5000,0,?0,#,#hash_441925b366b63329,0,#hash_10567a02560af31,?0,0,false,#hash_ffc3acdd77751f1,false,false,false,false,true,#,#,0,0,0,true,#,false,#,0,false,?0
1385,0,25,#global,#hash_7d215eff481f4f85,#hash_4d7e86cc8d705e43,1000,0,?0,#,#,0,#,?0,0,false,#hash_ffc3acdd77751f1,false,false,false,false,false,#,#,0,0,0,true,#,false,#,0,false,?0
1386,1,50,#global,#hash_7d215eff481f4f85,#hash_4d7e86cc8d705e43,2500,0,?0,#,#,0,#,?0,0,false,#hash_ffc3acdd77751f1,false,false,false,false,false,#,#,0,0,0,true,#,false,#,0,false,?0
1387,2,100,#global,#hash_7d215eff481f4f85,#hash_4d7e86cc8d705e43,5000,0,?0,#,#hash_441925b366b63329,0,#hash_a8106e26822d8d5,?0,0,false,#hash_ffc3acdd77751f1,false,false,false,false,true,#,#,0,0,0,true,#,false,#,0,false,?0
1388,0,50,#global,#hash_282c9a3c92912ce6,#hash_48c9db9d5ccab6e4,1000,0,?0,#,#,0,#,?0,0,false,#hash_ffc3acdd77751f1,false,false,false,false,false,#,#,0,0,0,true,#,false,#,0,false,?0
1389,1,100,#global,#hash_282c9a3c92912ce6,#hash_48c9db9d5ccab6e4,2000,0,?0,#,#,0,#,?0,0,false,#hash_ffc3acdd77751f1,false,false,false,false,false,#,#,0,0,0,true,#,false,#,0,false,?0
1390,2,150,#global,#hash_282c9a3c92912ce6,#hash_48c9db9d5ccab6e4,3000,0,?0,#,#,0,#,?0,0,false,#hash_ffc3acdd77751f1,false,false,false,false,false,#,#,0,0,0,true,#,false,#,0,false,?0
1391,3,200,#global,#hash_282c9a3c92912ce6,#hash_48c9db9d5ccab6e4,4000,0,?0,#,#,0,#,?0,0,false,#hash_ffc3acdd77751f1,false,false,false,false,false,#,#,0,0,0,true,#,false,#,0,false,?0
1392,4,250,#global,#hash_282c9a3c92912ce6,#hash_48c9db9d5ccab6e4,5000,0,?0,#,#hash_441925b366b63329,0,#hash_8d0bed2629a804c,?0,0,false,#hash_ffc3acdd77751f1,false,false,false,false,true,#,#,0,0,0,true,#,false,#,0,false,?0
1393,0,25,#global,#hash_7686cce076b616b,#hash_6cf930edf83ac8b1,2500,0,?0,#,#hash_441925b366b63329,0,#hash_49435d1c0d11200b,?0,0,false,#hash_ffc3acdd77751f1,false,false,false,false,true,#,#,0,0,0,true,#,false,#,0,false,?0
1394,0,25,#global,#hash_54f62feef023cb4f,#hash_7b63a16e05313dfd,1000,0,?0,#,#,0,#,?0,0,false,#hash_ffc3acdd77751f1,false,false,false,false,false,#,#,0,0,0,true,#,false,#,0,false,?0
1395,1,50,#global,#hash_54f62feef023cb4f,#hash_7b63a16e05313dfd,2500,0,?0,#,#,0,#,?0,0,false,#hash_ffc3acdd77751f1,false,false,false,false,false,#,#,0,0,0,true,#,false,#,0,false,?0
1396,2,100,#global,#hash_54f62feef023cb4f,#hash_7b63a16e05313dfd,5000,0,?0,#,#hash_441925b366b63329,0,#hash_51ccc663b8067047,?0,0,false,#hash_ffc3acdd77751f1,false,false,false,false,true,#,#,0,0,0,true,#,false,#,0,false,?0
1397,0,10,#global,#hash_519555d106fdf1e7,#hash_452347ced646c87b,1000,0,?0,#,#,0,#,?0,0,false,#hash_ffc3acdd77751f1,false,false,false,false,false,#,#,0,0,0,true,#,false,#,0,false,?0
1398,1,25,#global,#hash_519555d106fdf1e7,#hash_452347ced646c87b,2500,0,?0,#,#,0,#,?0,0,false,#hash_ffc3acdd77751f1,false,false,false,false,false,#,#,0,0,0,true,#,false,#,0,false,?0
1399,2,50,#global,#hash_519555d106fdf1e7,#hash_452347ced646c87b,5000,0,?0,#,#hash_441925b366b63329,0,#hash_3985c4186d453b6d,?0,0,false,#hash_ffc3acdd77751f1,false,false,false,false,true,#,#,0,0,0,true,#,false,#,0,false,?0
1400,0,3,#global,#hash_5221b0475b9fd5af,#hash_4717e81624d92063,1000,0,?0,#,#,0,#,?0,0,false,#hash_ffc3acdd77751f1,false,false,false,false,false,#,#,0,0,0,true,#,false,#,0,false,?0
1401,1,10,#global,#hash_5221b0475b9fd5af,#hash_4717e81624d92063,2500,0,?0,#,#,0,#,?0,0,false,#hash_ffc3acdd77751f1,false,false,false,false,false,#,#,0,0,0,true,#,false,#,0,false,?0
1402,2,25,#global,#hash_5221b0475b9fd5af,#hash_4717e81624d92063,5000,0,?0,#,#hash_441925b366b63329,0,#hash_60a1b2276d6f7735,?0,0,false,#hash_ffc3acdd77751f1,false,false,false,false,true,#,#,0,0,0,true,#,false,#,0,false,?0
1403,0,100,#global,#hash_2db210a1cfea8647,#hash_eb7e3e10898b32f,1000,0,?0,#,#,0,#,?0,0,false,#hash_ffc3acdd77751f1,false,false,false,false,false,#,#,0,0,0,true,#,false,#,0,false,?0
1404,1,200,#global,#hash_2db210a1cfea8647,#hash_eb7e3e10898b32f,2000,0,?0,#,#,0,#,?0,0,false,#hash_ffc3acdd77751f1,false,false,false,false,false,#,#,0,0,0,true,#,false,#,0,false,?0
1405,2,300,#global,#hash_2db210a1cfea8647,#hash_eb7e3e10898b32f,3000,0,?0,#,#,0,#,?0,0,false,#hash_ffc3acdd77751f1,false,false,false,false,false,#,#,0,0,0,true,#,false,#,0,false,?0
1406,3,400,#global,#hash_2db210a1cfea8647,#hash_eb7e3e10898b32f,4000,0,?0,#,#,0,#,?0,0,false,#hash_ffc3acdd77751f1,false,false,false,false,false,#,#,0,0,0,true,#,false,#,0,false,?0
1407,4,500,#global,#hash_2db210a1cfea8647,#hash_eb7e3e10898b32f,5000,0,?0,#,#hash_441925b366b63329,0,#hash_6021f3c882bd73e1,?0,0,false,#hash_ffc3acdd77751f1,false,false,false,false,true,#,#,0,0,0,true,#,false,#,0,false,?0
1408,0,25,#global,#hash_4d5d6f748ea6e4be,#hash_4fda256a9deb9756,2500,0,?0,#,#hash_441925b366b63329,0,#hash_7452ffa17c972d26,?0,0,false,#hash_ffc3acdd77751f1,false,false,false,false,true,#,#,0,0,0,true,#,false,#,0,false,?0
1409,0,5,#global,#hash_544dc5b57d96f408,#hash_4f65a308f71b8835,1000,0,?0,#,#,0,#,?0,0,false,#hash_ffc3acdd77751f1,false,false,false,false,false,#,#,0,0,0,true,#,false,#,0,false,?0
1410,1,15,#global,#hash_544dc5b57d96f408,#hash_4f65a308f71b8835,2500,0,?0,#,#,0,#,?0,0,false,#hash_ffc3acdd77751f1,false,false,false,false,false,#,#,0,0,0,true,#,false,#,0,false,?0
1411,2,25,#global,#hash_544dc5b57d96f408,#hash_4f65a308f71b8835,5000,0,?0,#,#hash_441925b366b63329,0,#hash_6ec07c46215a191f,?0,0,false,#hash_ffc3acdd77751f1,false,false,false,false,true,#,#,0,0,0,true,#,false,#,0,false,?0
1412,0,10,#global,#hash_18a3416361174e88,#hash_65721437175e1fe,1000,0,?0,#,#,0,#,?0,0,false,#hash_ffc3acdd77751f1,false,false,false,false,false,#,#,0,0,0,true,#,false,#,0,false,?0
1413,1,25,#global,#hash_18a3416361174e88,#hash_65721437175e1fe,2500,0,?0,#,#,0,#,?0,0,false,#hash_ffc3acdd77751f1,false,false,false,false,false,#,#,0,0,0,true,#,false,#,0,false,?0
1414,2,50,#global,#hash_18a3416361174e88,#hash_65721437175e1fe,5000,0,?0,#,#hash_441925b366b63329,0,#hash_2bde43481ded5c4e,?0,0,false,#hash_ffc3acdd77751f1,false,false,false,false,true,#,#,0,0,0,true,#,false,#,0,false,?0
1415,0,100,#global,#hash_17d0d0cb03016ae5,#hash_76b2226f1b47a713,1000,0,?0,#,#,0,#,?0,0,false,#hash_ffc3acdd77751f1,false,false,false,false,false,#,#,0,0,0,true,#,false,#,0,false,?0
1416,1,200,#global,#hash_17d0d0cb03016ae5,#hash_76b2226f1b47a713,2500,0,?0,#,#,0,#,?0,0,false,#hash_ffc3acdd77751f1,false,false,false,false,false,#,#,0,0,0,true,#,false,#,0,false,?0
1417,2,300,#global,#hash_17d0d0cb03016ae5,#hash_76b2226f1b47a713,5000,0,?0,#,#hash_441925b366b63329,0,#hash_675ff970dd447bc5,?0,0,false,#hash_ffc3acdd77751f1,false,false,false,false,true,#,#,0,0,0,true,#,false,#,0,false,?0
1418,0,100,#global,#hash_73961fa132aff2ba,#hash_5d129bb092416654,1000,0,?0,#,#,0,#,?0,0,false,#hash_ffc3acdd77751f1,false,false,false,false,false,#,#,0,0,0,true,#,false,#,0,false,?0
1419,1,200,#global,#hash_73961fa132aff2ba,#hash_5d129bb092416654,2500,0,?0,#,#,0,#,?0,0,false,#hash_ffc3acdd77751f1,false,false,false,false,false,#,#,0,0,0,true,#,false,#,0,false,?0
1420,2,300,#global,#hash_73961fa132aff2ba,#hash_5d129bb092416654,5000,0,?0,#,#hash_441925b366b63329,0,#hash_6423e2d1aeb1681c,?0,0,false,#hash_ffc3acdd77751f1,false,false,false,false,true,#,#,0,0,0,true,#,false,#,0,false,?0
1421,0,10,#global,#hash_193d0738fd876c0f,#hash_577dc3212565cdf9,1000,0,?0,#,#,0,#,?0,0,false,#hash_ffc3acdd77751f1,false,false,false,false,false,#,#,0,0,0,true,#,false,#,0,false,?0
1422,1,25,#global,#hash_193d0738fd876c0f,#hash_577dc3212565cdf9,2500,0,?0,#,#,0,#,?0,0,false,#hash_ffc3acdd77751f1,false,false,false,false,false,#,#,0,0,0,true,#,false,#,0,false,?0
1423,2,50,#global,#hash_193d0738fd876c0f,#hash_577dc3212565cdf9,5000,0,?0,#,#hash_441925b366b63329,0,#hash_30167da1bf8b4bd3,?0,0,false,#hash_ffc3acdd77751f1,false,false,false,false,true,#,#,0,0,0,true,#,false,#,0,false,?0
1424,0,5,#global,#hash_9eb7f104b26e17c,#hash_1ddea226a3b090a0,1000,0,?0,#,#,0,#,?0,0,false,#hash_ffc3acdd77751f1,false,false,false,false,false,#,#,0,0,0,true,#,false,#,0,false,?0
1425,1,15,#global,#hash_9eb7f104b26e17c,#hash_1ddea226a3b090a0,2500,0,?0,#,#,0,#,?0,0,false,#hash_ffc3acdd77751f1,false,false,false,false,false,#,#,0,0,0,true,#,false,#,0,false,?0
1426,2,25,#global,#hash_9eb7f104b26e17c,#hash_1ddea226a3b090a0,5000,0,?0,#,#hash_441925b366b63329,0,#hash_42578cac386d1268,?0,0,false,#hash_ffc3acdd77751f1,false,false,false,false,true,#,#,0,0,0,true,#,false,#,0,false,?0
1427,0,100,#global,#hash_231dd7ca6b97126,#hash_42182b5192add1e4,1000,0,?0,#,#,0,#,?0,0,false,#hash_ffc3acdd77751f1,false,false,false,false,false,#,#,0,0,0,true,#,false,#,0,false,?0
1428,1,200,#global,#hash_231dd7ca6b97126,#hash_42182b5192add1e4,2500,0,?0,#,#,0,#,?0,0,false,#hash_ffc3acdd77751f1,false,false,false,false,false,#,#,0,0,0,true,#,false,#,0,false,?0
1429,2,300,#global,#hash_231dd7ca6b97126,#hash_42182b5192add1e4,5000,0,?0,#,#hash_441925b366b63329,0,#hash_83a2317979bf14c,?0,0,false,#hash_ffc3acdd77751f1,false,false,false,false,true,#,#,0,0,0,true,#,false,#,0,false,?0
1430,0,25,#global,#hash_5eb597b88ee14385,#hash_357f449d2e0245e3,1000,0,?0,#,#,0,#,?0,0,false,#hash_ffc3acdd77751f1,false,false,false,false,false,#,#,0,0,0,true,#,false,#,0,false,?0
1431,1,50,#global,#hash_5eb597b88ee14385,#hash_357f449d2e0245e3,2500,0,?0,#,#,0,#,?0,0,false,#hash_ffc3acdd77751f1,false,false,false,false,false,#,#,0,0,0,true,#,false,#,0,false,?0
1432,2,100,#global,#hash_5eb597b88ee14385,#hash_357f449d2e0245e3,5000,0,?0,#,#hash_441925b366b63329,0,#hash_560ff62d145ff7b5,?0,0,false,#hash_ffc3acdd77751f1,false,false,false,false,true,#,#,0,0,0,true,#,false,#,0,false,?0
1433,0,1,#global,#hash_6ed460230fb70df8,#hash_5e57c118605c7d7a,5000,0,?0,#,#hash_441925b366b63329,0,#hash_72fad3de91bcf94a,?0,0,false,#hash_ffc3acdd77751f1,false,false,false,false,true,#,#,0,0,0,true,#,false,#,0,false,?0
1434,0,20,#global,#hash_441925b366b63329,#hash_508a9798187ccb79,10000,0,?0,#,#,0,#hash_6fb3d2900e65453,?0,0,false,#hash_ffc3acdd77751f1,false,true,false,false,true,#,#,0,0,0,true,#,false,#,0,false,?0
1435,0,100,#global,#hash_365e781f4a2d8599,#hash_10dd286ce890bd67,1000,0,?0,#,#,0,#,?0,0,false,#hash_ffc3bcdd77753a4,false,false,false,false,false,#,#,0,0,0,true,#,false,#,0,false,?0
1436,1,200,#global,#hash_365e781f4a2d8599,#hash_10dd286ce890bd67,2000,0,?0,#,#,0,#,?0,0,false,#hash_ffc3bcdd77753a4,false,false,false,false,false,#,#,0,0,0,true,#,false,#,0,false,?0
1437,2,300,#global,#hash_365e781f4a2d8599,#hash_10dd286ce890bd67,3000,0,?0,#,#,0,#,?0,0,false,#hash_ffc3bcdd77753a4,false,false,false,false,false,#,#,0,0,0,true,#,false,#,0,false,?0
1438,3,400,#global,#hash_365e781f4a2d8599,#hash_10dd286ce890bd67,4000,0,?0,#,#,0,#,?0,0,false,#hash_ffc3bcdd77753a4,false,false,false,false,false,#,#,0,0,0,true,#,false,#,0,false,?0
1439,4,500,#global,#hash_365e781f4a2d8599,#hash_10dd286ce890bd67,5000,0,?0,#,#hash_441926b366b634dc,0,#hash_73f28fd547255739,?0,0,false,#hash_ffc3bcdd77753a4,false,false,false,false,true,#,#,0,0,0,true,#,false,#,0,false,?0
1440,0,3,#global,#hash_4c27fd1e8308d82b,#hash_b1c4dbc2f237dcb,1000,0,?0,#,#,0,#,?0,0,false,#hash_ffc3bcdd77753a4,false,false,false,false,false,#,#,0,0,0,true,#,false,#,0,false,?0
1441,1,6,#global,#hash_4c27fd1e8308d82b,#hash_b1c4dbc2f237dcb,2500,0,?0,#,#,0,#,?0,0,false,#hash_ffc3bcdd77753a4,false,false,false,false,false,#,#,0,0,0,true,#,false,#,0,false,?0
1442,2,9,#global,#hash_4c27fd1e8308d82b,#hash_b1c4dbc2f237dcb,5000,0,?0,#,#hash_441926b366b634dc,0,#hash_79ab9695bea316dd,?0,0,false,#hash_ffc3bcdd77753a4,false,false,false,false,true,#,#,0,0,0,true,#,false,#,0,false,?0
1443,0,5,#global,#hash_64834a65d1e57778,#hash_721bf308dc807e75,1000,0,?0,#,#,0,#,?0,0,false,#hash_ffc3bcdd77753a4,false,false,false,false,false,#,#,0,0,0,true,#,false,#,0,false,?0
1444,1,10,#global,#hash_64834a65d1e57778,#hash_721bf308dc807e75,2500,0,?0,#,#,0,#,?0,0,false,#hash_ffc3bcdd77753a4,false,false,false,false,false,#,#,0,0,0,true,#,false,#,0,false,?0
1445,2,25,#global,#hash_64834a65d1e57778,#hash_721bf308dc807e75,5000,0,?0,#,#hash_441926b366b634dc,0,#hash_20904b59315415f,?0,0,false,#hash_ffc3bcdd77753a4,false,false,false,false,true,#,#,0,0,0,true,#,false,#,0,false,?0
1446,0,5,#global,#hash_7455e919746eba4d,#hash_27e13b26dec33677,1000,0,?0,#,#,0,#,?0,0,false,#hash_ffc3bcdd77753a4,false,false,false,false,false,#,#,0,0,0,true,#,false,#,0,false,?0
1447,1,10,#global,#hash_7455e919746eba4d,#hash_27e13b26dec33677,2000,0,?0,#,#,0,#,?0,0,false,#hash_ffc3bcdd77753a4,false,false,false,false,false,#,#,0,0,0,true,#,false,#,0,false,?0
1448,2,25,#global,#hash_7455e919746eba4d,#hash_27e13b26dec33677,3000,0,?0,#,#hash_441926b366b634dc,0,#hash_67868f870674c8a9,?0,0,false,#hash_ffc3bcdd77753a4,false,false,false,false,true,#,#,0,0,0,true,#,false,#,0,false,?0
1449,0,3,#global,#hash_39e738852f3d1b6e,#hash_66ad3fe658901e57,1000,0,?0,#,#,0,#,?0,0,false,#hash_ffc3bcdd77753a4,false,false,false,false,false,#,#,0,0,0,true,#,false,#,0,false,?0
1450,1,6,#global,#hash_39e738852f3d1b6e,#hash_66ad3fe658901e57,2000,0,?0,#,#,0,#,?0,0,false,#hash_ffc3bcdd77753a4,false,false,false,false,false,#,#,0,0,0,true,#,false,#,0,false,?0
1451,2,9,#global,#hash_39e738852f3d1b6e,#hash_66ad3fe658901e57,3000,0,?0,#,#hash_441926b366b634dc,0,#hash_383582755469bf49,?0,0,false,#hash_ffc3bcdd77753a4,false,false,false,false,true,#,#,0,0,0,true,#,false,#,0,false,?0
1452,0,25,#global,#hash_567d404e2f27433b,#hash_4b8ad5e297e4104,1000,0,?0,#,#,0,#,?0,0,false,#hash_ffc3bcdd77753a4,false,false,false,false,false,#,#,0,0,0,true,#,false,#,0,false,?0
1453,1,50,#global,#hash_567d404e2f27433b,#hash_4b8ad5e297e4104,2500,0,?0,#,#,0,#,?0,0,false,#hash_ffc3bcdd77753a4,false,false,false,false,false,#,#,0,0,0,true,#,false,#,0,false,?0
1454,2,75,#global,#hash_567d404e2f27433b,#hash_4b8ad5e297e4104,5000,0,?0,#,#hash_441926b366b634dc,0,#hash_2016a7929014392c,?0,0,false,#hash_ffc3bcdd77753a4,false,false,false,false,true,#,#,0,0,0,true,#,false,#,0,false,?0
1455,0,25,#global,#hash_421ceddf01cb65c6,#hash_538c2a21f693e522,1000,0,?0,#,#,0,#,?0,0,false,#hash_ffc3bcdd77753a4,false,false,false,false,false,#,#,0,0,0,true,#,false,#,0,false,?0
1456,1,50,#global,#hash_421ceddf01cb65c6,#hash_538c2a21f693e522,2500,0,?0,#,#,0,#,?0,0,false,#hash_ffc3bcdd77753a4,false,false,false,false,false,#,#,0,0,0,true,#,false,#,0,false,?0
1457,2,75,#global,#hash_421ceddf01cb65c6,#hash_538c2a21f693e522,5000,0,?0,#,#hash_441926b366b634dc,0,#hash_3a1f382fabbb68f2,?0,0,false,#hash_ffc3bcdd77753a4,false,false,false,false,true,#,#,0,0,0,true,#,false,#,0,false,?0
1458,0,10,#global,#hash_6c77def2a9dbbb1e,#hash_5d603cd30e12e5df,1000,0,?0,#,#,0,#,?0,0,false,#hash_ffc3bcdd77753a4,false,false,false,false,false,#,#,0,0,0,true,#,false,#,0,false,?0
1459,1,20,#global,#hash_6c77def2a9dbbb1e,#hash_5d603cd30e12e5df,2500,0,?0,#,#,0,#,?0,0,false,#hash_ffc3bcdd77753a4,false,false,false,false,false,#,#,0,0,0,true,#,false,#,0,false,?0
1460,2,30,#global,#hash_6c77def2a9dbbb1e,#hash_5d603cd30e12e5df,5000,0,?0,#,#hash_441926b366b634dc,0,#hash_7a21d5965de54c71,?0,0,false,#hash_ffc3bcdd77753a4,false,false,false,false,true,#,#,0,0,0,true,#,false,#,0,false,?0
1461,0,3,#global,#hash_18ef4c50d0338dbb,#hash_112b412f1263dc5c,1000,0,?0,#,#,0,#,?0,0,false,#hash_ffc3bcdd77753a4,false,false,false,false,false,#,#,0,0,0,true,#,false,#,0,false,?0
1462,1,6,#global,#hash_18ef4c50d0338dbb,#hash_112b412f1263dc5c,2500,0,?0,#,#,0,#,?0,0,false,#hash_ffc3bcdd77753a4,false,false,false,false,false,#,#,0,0,0,true,#,false,#,0,false,?0
1463,2,9,#global,#hash_18ef4c50d0338dbb,#hash_112b412f1263dc5c,5000,0,?0,#,#hash_441926b366b634dc,0,#hash_76b666cd8e30d3a4,?0,0,false,#hash_ffc3bcdd77753a4,false,false,false,false,true,#,#,0,0,0,true,#,false,#,0,false,?0
1464,0,10,#global,#hash_4bdd06fd222df3f4,#hash_322fa70640a43bdb,1000,0,?0,#,#,0,#,?0,0,false,#hash_ffc3bcdd77753a4,false,false,false,false,false,#,#,0,0,0,true,#,false,#,0,false,?0
1465,1,25,#global,#hash_4bdd06fd222df3f4,#hash_322fa70640a43bdb,2500,0,?0,#,#,0,#,?0,0,false,#hash_ffc3bcdd77753a4,false,false,false,false,false,#,#,0,0,0,true,#,false,#,0,false,?0
1466,2,50,#global,#hash_4bdd06fd222df3f4,#hash_322fa70640a43bdb,5000,0,?0,#,#hash_441926b366b634dc,0,#hash_7c48866f3a6938d,?0,0,false,#hash_ffc3bcdd77753a4,false,false,false,false,true,#,#,0,0,0,true,#,false,#,0,false,?0
1467,0,1,#global,#hash_ff6f0ad45e36936,#hash_a4e448389c0dd86,1000,0,?0,#,#,0,#,?0,0,false,#hash_ffc3bcdd77753a4,false,false,false,false,false,#,#,0,0,0,true,#,false,#,0,false,?0
1468,1,3,#global,#hash_ff6f0ad45e36936,#hash_a4e448389c0dd86,2500,0,?0,#,#,0,#,?0,0,false,#hash_ffc3bcdd77753a4,false,false,false,false,false,#,#,0,0,0,true,#,false,#,0,false,?0
1469,2,5,#global,#hash_ff6f0ad45e36936,#hash_a4e448389c0dd86,5000,0,?0,#,#hash_441926b366b634dc,0,#hash_6cd41283bd5f2176,?0,0,false,#hash_ffc3bcdd77753a4,false,false,false,false,true,#,#,0,0,0,true,#,false,#,0,false,?0
1470,0,10,#global,#hash_3cec8f96e8988e85,#hash_1e04efdb78188024,1000,0,?0,#,#,0,#,?0,0,false,#hash_ffc3bcdd77753a4,false,false,false,false,false,#,#,0,0,0,true,#,false,#,0,false,?0
1471,1,25,#global,#hash_3cec8f96e8988e85,#hash_1e04efdb78188024,2500,0,?0,#,#,0,#,?0,0,false,#hash_ffc3bcdd77753a4,false,false,false,false,false,#,#,0,0,0,true,#,false,#,0,false,?0
1472,2,50,#global,#hash_3cec8f96e8988e85,#hash_1e04efdb78188024,5000,0,?0,#,#hash_441926b366b634dc,0,#hash_6d141056b6e5e88c,?0,0,false,#hash_ffc3bcdd77753a4,false,false,false,false,true,#,#,0,0,0,true,#,false,#,0,false,?0
1473,0,50,#global,#hash_b584efad55d38c4,#hash_55b21644b3f3347f,1000,0,?0,#,#,0,#,?0,0,false,#hash_ffc3bcdd77753a4,false,false,false,false,false,#,#,0,0,0,true,#,false,#,0,false,?0
1474,1,125,#global,#hash_b584efad55d38c4,#hash_55b21644b3f3347f,2500,0,?0,#,#,0,#,?0,0,false,#hash_ffc3bcdd77753a4,false,false,false,false,false,#,#,0,0,0,true,#,false,#,0,false,?0
1475,2,250,#global,#hash_b584efad55d38c4,#hash_55b21644b3f3347f,5000,0,?0,#,#hash_441926b366b634dc,0,#hash_3a5ef1d559fd6951,?0,0,false,#hash_ffc3bcdd77753a4,false,false,false,false,true,#,#,0,0,0,true,#,false,#,0,false,?0
1476,0,50,#global,#hash_755831c765749822,#hash_780dbb68885c3429,1000,0,?0,#,#,0,#,?0,0,false,#hash_ffc3bcdd77753a4,false,false,false,false,false,#,#,0,0,0,true,#,false,#,0,false,?0
1477,1,100,#global,#hash_755831c765749822,#hash_780dbb68885c3429,2500,0,?0,#,#,0,#,?0,0,false,#hash_ffc3bcdd77753a4,false,false,false,false,false,#,#,0,0,0,true,#,false,#,0,false,?0
1478,2,200,#global,#hash_755831c765749822,#hash_780dbb68885c3429,5000,0,?0,#,#hash_441926b366b634dc,0,#hash_612b3891df10a823,?0,0,false,#hash_ffc3bcdd77753a4,false,false,false,false,true,#,#,0,0,0,true,#,false,#,0,false,?0
1479,0,50,#global,#hash_6e8aebca8a7e908d,#hash_71ba811b234e2db3,1000,0,?0,#,#,0,#,?0,0,false,#hash_ffc3bcdd77753a4,false,false,false,false,false,#,#,0,0,0,true,#,false,#,0,false,?0
1480,1,100,#global,#hash_6e8aebca8a7e908d,#hash_71ba811b234e2db3,2000,0,?0,#,#,0,#,?0,0,false,#hash_ffc3bcdd77753a4,false,false,false,false,false,#,#,0,0,0,true,#,false,#,0,false,?0
1481,2,150,#global,#hash_6e8aebca8a7e908d,#hash_71ba811b234e2db3,3000,0,?0,#,#,0,#,?0,0,false,#hash_ffc3bcdd77753a4,false,false,false,false,false,#,#,0,0,0,true,#,false,#,0,false,?0
1482,3,200,#global,#hash_6e8aebca8a7e908d,#hash_71ba811b234e2db3,4000,0,?0,#,#,0,#,?0,0,false,#hash_ffc3bcdd77753a4,false,false,false,false,false,#,#,0,0,0,true,#,false,#,0,false,?0
1483,4,250,#global,#hash_6e8aebca8a7e908d,#hash_71ba811b234e2db3,5000,0,?0,#,#hash_441926b366b634dc,0,#hash_6ee6f3611f10d1a5,?0,0,false,#hash_ffc3bcdd77753a4,false,false,false,false,true,#,#,0,0,0,true,#,false,#,0,false,?0
1484,0,1,#global,#hash_5d07bb5d067ff8da,#hash_313cbcf5b39380a,2500,0,?0,#,#hash_441926b366b634dc,0,#hash_3331b1d0daa037ba,?0,0,false,#hash_ffc3bcdd77753a4,false,false,false,false,true,#,#,0,0,0,true,#,false,#,0,false,?0
1485,0,10,#global,#hash_21575a60e8a6ab32,#hash_1c9c5a23a5fb05fa,1000,0,?0,#,#,0,#,?0,0,false,#hash_ffc3bcdd77753a4,false,false,false,false,false,#,#,0,0,0,true,#,false,#,0,false,?0
1486,1,25,#global,#hash_21575a60e8a6ab32,#hash_1c9c5a23a5fb05fa,2500,0,?0,#,#,0,#,?0,0,false,#hash_ffc3bcdd77753a4,false,false,false,false,false,#,#,0,0,0,true,#,false,#,0,false,?0
1487,2,50,#global,#hash_21575a60e8a6ab32,#hash_1c9c5a23a5fb05fa,5000,0,?0,#,#hash_441926b366b634dc,0,#hash_706577a0c210c2ca,?0,0,false,#hash_ffc3bcdd77753a4,false,false,false,false,true,#,#,0,0,0,true,#,false,#,0,false,?0
1488,0,10,#global,#hash_75953e02a0eacbac,#hash_52e082d7b52b93b3,1000,0,?0,#,#,0,#,?0,0,false,#hash_ffc3bcdd77753a4,false,false,false,false,false,#,#,0,0,0,true,#,false,#,0,false,?0
1489,1,20,#global,#hash_75953e02a0eacbac,#hash_52e082d7b52b93b3,2500,0,?0,#,#,0,#,?0,0,false,#hash_ffc3bcdd77753a4,false,false,false,false,false,#,#,0,0,0,true,#,false,#,0,false,?0
1490,2,30,#global,#hash_75953e02a0eacbac,#hash_52e082d7b52b93b3,5000,0,?0,#,#hash_441926b366b634dc,0,#hash_6d808dd3adeb43a5,?0,0,false,#hash_ffc3bcdd77753a4,false,false,false,false,true,#,#,0,0,0,true,#,false,#,0,false,?0
1491,0,25,#global,#hash_3f8f3c056d0347a8,#hash_f0e556a4a48e4de,1000,0,?0,#,#,0,#,?0,0,false,#hash_ffc3bcdd77753a4,false,false,false,false,false,#,#,0,0,0,true,#,false,#,0,false,?0
1492,1,50,#global,#hash_3f8f3c056d0347a8,#hash_f0e556a4a48e4de,2500,0,?0,#,#,0,#,?0,0,false,#hash_ffc3bcdd77753a4,false,false,false,false,false,#,#,0,0,0,true,#,false,#,0,false,?0
1493,2,75,#global,#hash_3f8f3c056d0347a8,#hash_f0e556a4a48e4de,5000,0,?0,#,#hash_441926b366b634dc,0,#hash_72190c43d4935bee,?0,0,false,#hash_ffc3bcdd77753a4,false,false,false,false,true,#,#,0,0,0,true,#,false,#,0,false,?0
1494,0,1,#global,#hash_1fdfb27491a52cc2,#hash_2fd87df94a0f0cf,1000,0,?0,#,#,0,#,?0,0,false,#hash_ffc3bcdd77753a4,false,false,false,false,false,#,#,0,0,0,true,#,false,#,0,false,?0
1495,1,3,#global,#hash_1fdfb27491a52cc2,#hash_2fd87df94a0f0cf,2500,0,?0,#,#,0,#,?0,0,false,#hash_ffc3bcdd77753a4,false,false,false,false,false,#,#,0,0,0,true,#,false,#,0,false,?0
1496,2,5,#global,#hash_1fdfb27491a52cc2,#hash_2fd87df94a0f0cf,5000,0,?0,#,#hash_441926b366b634dc,0,#hash_1015eaee58445d41,?0,0,false,#hash_ffc3bcdd77753a4,false,false,false,false,true,#,#,0,0,0,true,#,false,#,0,false,?0
1497,0,20,#global,#hash_441926b366b634dc,#hash_1bf8f23292d9be0f,10000,0,?0,#,#,0,#hash_4191939adb5f1581,?0,0,false,#hash_ffc3bcdd77753a4,false,true,false,false,true,#,#,0,0,0,true,#,false,#,0,false,?0
1498,0,25000,#global,#hash_550ac37d4c3f5f49,#hash_410d391880311949,1000,0,?0,#,#,0,#,?0,0,false,#hash_ffc3ccdd7775557,false,false,false,false,false,#,#,0,0,0,true,#,false,#,0,false,?0
1499,1,50000,#global,#hash_550ac37d4c3f5f49,#hash_410d391880311949,2000,0,?0,#,#,0,#,?0,0,false,#hash_ffc3ccdd7775557,false,false,false,false,false,#,#,0,0,0,true,#,false,#,0,false,?0
1500,2,75000,#global,#hash_550ac37d4c3f5f49,#hash_410d391880311949,3000,0,?0,#,#,0,#,?0,0,false,#hash_ffc3ccdd7775557,false,false,false,false,false,#,#,0,0,0,true,#,false,#,0,false,?0
1501,3,100000,#global,#hash_550ac37d4c3f5f49,#hash_410d391880311949,4000,0,?0,#,#,0,#,?0,0,false,#hash_ffc3ccdd7775557,false,false,false,false,false,#,#,0,0,0,true,#,false,#,0,false,?0
1502,4,125000,#global,#hash_550ac37d4c3f5f49,#hash_410d391880311949,5000,0,?0,#,#hash_441927b366b6368f,0,#hash_1ef2fa921cdac703,?0,0,false,#hash_ffc3ccdd7775557,false,false,false,false,true,#,#,0,0,0,true,#,false,#,0,false,?0
1503,0,5,#global,#hash_40035722dda93fc9,#hash_3f3e3500bc5eb0db,2500,0,?0,#,#hash_441927b366b6368f,0,#hash_623b932b1c33d28d,?0,0,false,#hash_ffc3ccdd7775557,false,false,false,false,true,#,#,0,0,0,true,#,false,#,0,false,?0
1504,0,5,#global,#hash_70320f43067a9540,#hash_5a1ca33fe0adebb4,1000,0,?0,#,#,0,#,?0,0,false,#hash_ffc3ccdd7775557,false,false,false,false,false,#,#,0,0,0,true,#,false,#,0,false,?0
1505,1,10,#global,#hash_70320f43067a9540,#hash_5a1ca33fe0adebb4,2500,0,?0,#,#,0,#,?0,0,false,#hash_ffc3ccdd7775557,false,false,false,false,false,#,#,0,0,0,true,#,false,#,0,false,?0
1506,2,15,#global,#hash_70320f43067a9540,#hash_5a1ca33fe0adebb4,5000,0,?0,#,#hash_441927b366b6368f,0,#hash_4e6b6b3fc4f1bbbc,?0,0,false,#hash_ffc3ccdd7775557,false,false,false,false,true,#,#,0,0,0,true,#,false,#,0,false,?0
1507,0,5,#global,#hash_18fc969186722670,#hash_3dc1f8a7f95c486,1000,0,?0,#,#,0,#,?0,0,false,#hash_ffc3ccdd7775557,false,false,false,false,false,#,#,0,0,0,true,#,false,#,0,false,?0
1508,1,10,#global,#hash_18fc969186722670,#hash_3dc1f8a7f95c486,2500,0,?0,#,#,0,#,?0,0,false,#hash_ffc3ccdd7775557,false,false,false,false,false,#,#,0,0,0,true,#,false,#,0,false,?0
1509,2,25,#global,#hash_18fc969186722670,#hash_3dc1f8a7f95c486,5000,0,?0,#,#hash_441927b366b6368f,0,#hash_48525f7d3f5a7676,?0,0,false,#hash_ffc3ccdd7775557,false,false,false,false,true,#,#,0,0,0,true,#,false,#,0,false,?0
1510,0,50,#global,#hash_6d80510c601c5bb9,#hash_739cfcf9bd3fc4c0,1000,0,?0,#,#,0,#,?0,0,false,#hash_ffc3ccdd7775557,false,false,false,false,false,#,#,0,0,0,true,#,false,#,0,false,?0
1511,1,100,#global,#hash_6d80510c601c5bb9,#hash_739cfcf9bd3fc4c0,2000,0,?0,#,#,0,#,?0,0,false,#hash_ffc3ccdd7775557,false,false,false,false,false,#,#,0,0,0,true,#,false,#,0,false,?0
1512,2,150,#global,#hash_6d80510c601c5bb9,#hash_739cfcf9bd3fc4c0,3000,0,?0,#,#,0,#,?0,0,false,#hash_ffc3ccdd7775557,false,false,false,false,false,#,#,0,0,0,true,#,false,#,0,false,?0
1513,3,200,#global,#hash_6d80510c601c5bb9,#hash_739cfcf9bd3fc4c0,4000,0,?0,#,#,0,#,?0,0,false,#hash_ffc3ccdd7775557,false,false,false,false,false,#,#,0,0,0,true,#,false,#,0,false,?0
1514,4,250,#global,#hash_6d80510c601c5bb9,#hash_739cfcf9bd3fc4c0,5000,0,?0,#,#hash_441927b366b6368f,0,#hash_40b1bea139d17348,?0,0,false,#hash_ffc3ccdd7775557,false,false,false,false,true,#,#,0,0,0,true,#,false,#,0,false,?0
1515,0,25,#global,#hash_75cb4218072916b4,#hash_282aab4342f4bda5,1000,0,?0,#,#,0,#,?0,0,false,#hash_ffc3ccdd7775557,false,false,false,false,false,#,#,0,0,0,true,#,false,#,0,false,?0
1516,1,50,#global,#hash_75cb4218072916b4,#hash_282aab4342f4bda5,2500,0,?0,#,#,0,#,?0,0,false,#hash_ffc3ccdd7775557,false,false,false,false,false,#,#,0,0,0,true,#,false,#,0,false,?0
1517,2,75,#global,#hash_75cb4218072916b4,#hash_282aab4342f4bda5,5000,0,?0,#,#hash_441927b366b6368f,0,#hash_ec5badd2202b1af,?0,0,false,#hash_ffc3ccdd7775557,false,false,false,false,true,#,#,0,0,0,true,#,false,#,0,false,?0
1518,0,10,#global,#hash_393ee8c94a7bccb9,#hash_3e8b00f0532b2308,1000,0,?0,#,#,0,#,?0,0,false,#hash_ffc3ccdd7775557,false,false,false,false,false,#,#,0,0,0,true,#,false,#,0,false,?0
1519,1,25,#global,#hash_393ee8c94a7bccb9,#hash_3e8b00f0532b2308,2500,0,?0,#,#,0,#,?0,0,false,#hash_ffc3ccdd7775557,false,false,false,false,false,#,#,0,0,0,true,#,false,#,0,false,?0
1520,2,50,#global,#hash_393ee8c94a7bccb9,#hash_3e8b00f0532b2308,5000,0,?0,#,#hash_441927b366b6368f,0,#hash_660fc20abc373110,?0,0,false,#hash_ffc3ccdd7775557,false,false,false,false,true,#,#,0,0,0,true,#,false,#,0,false,?0
1521,0,1,#global,#hash_3436173279a2c7a3,#hash_64d811c972a72cfc,2500,0,?0,#,#hash_441927b366b6368f,0,#hash_191025813b66b684,?0,0,false,#hash_ffc3ccdd7775557,false,false,false,false,true,#,#,0,0,0,true,#,false,#,0,false,?0
1522,0,100,#global,#hash_54112cceeab59f46,#hash_28ede79ab38d48e0,1000,0,?0,#,#,0,#,?0,0,false,#hash_ffc3ccdd7775557,false,false,false,false,false,#,#,0,0,0,true,#,false,#,0,false,?0
1523,1,200,#global,#hash_54112cceeab59f46,#hash_28ede79ab38d48e0,2000,0,?0,#,#,0,#,?0,0,false,#hash_ffc3ccdd7775557,false,false,false,false,false,#,#,0,0,0,true,#,false,#,0,false,?0
1524,2,300,#global,#hash_54112cceeab59f46,#hash_28ede79ab38d48e0,3000,0,?0,#,#,0,#,?0,0,false,#hash_ffc3ccdd7775557,false,false,false,false,false,#,#,0,0,0,true,#,false,#,0,false,?0
1525,3,400,#global,#hash_54112cceeab59f46,#hash_28ede79ab38d48e0,4000,0,?0,#,#,0,#,?0,0,false,#hash_ffc3ccdd7775557,false,false,false,false,false,#,#,0,0,0,true,#,false,#,0,false,?0
1526,4,500,#global,#hash_54112cceeab59f46,#hash_28ede79ab38d48e0,5000,0,?0,#,#hash_441927b366b6368f,0,#hash_531b8b9dd88a26a8,?0,0,false,#hash_ffc3ccdd7775557,false,false,false,false,true,#,#,0,0,0,true,#,false,#,0,false,?0
1527,0,10,#global,#hash_57f979618206b04,#hash_1b94c77db78f9b88,1000,0,?0,#,#,0,#,?0,0,false,#hash_ffc3ccdd7775557,false,false,false,false,false,#,#,0,0,0,true,#,false,#,0,false,?0
1528,1,25,#global,#hash_57f979618206b04,#hash_1b94c77db78f9b88,2500,0,?0,#,#,0,#,?0,0,false,#hash_ffc3ccdd7775557,false,false,false,false,false,#,#,0,0,0,true,#,false,#,0,false,?0
1529,2,50,#global,#hash_57f979618206b04,#hash_1b94c77db78f9b88,5000,0,?0,#,#hash_441927b366b6368f,0,#hash_330a6521d876ca90,?0,0,false,#hash_ffc3ccdd7775557,false,false,false,false,true,#,#,0,0,0,true,#,false,#,0,false,?0
1530,0,3,#global,#hash_20bf80a75132c05,#hash_5451048f80ba1b84,2500,0,?0,#,#hash_441927b366b6368f,0,#hash_617e4bef0232b8ac,?0,0,false,#hash_ffc3ccdd7775557,false,false,false,false,true,#,#,0,0,0,true,#,false,#,0,false,?0
1531,0,100,#global,#hash_2932bf9faf2f8a4d,#hash_482708ade98c676f,1000,0,?0,#,#,0,#,?0,0,false,#hash_ffc3ccdd7775557,false,false,false,false,false,#,#,0,0,0,true,#,false,#,0,false,?0
1532,1,200,#global,#hash_2932bf9faf2f8a4d,#hash_482708ade98c676f,2500,0,?0,#,#,0,#,?0,0,false,#hash_ffc3ccdd7775557,false,false,false,false,false,#,#,0,0,0,true,#,false,#,0,false,?0
1533,2,300,#global,#hash_2932bf9faf2f8a4d,#hash_482708ade98c676f,5000,0,?0,#,#hash_441927b366b6368f,0,#hash_1102fcf31f98321,?0,0,false,#hash_ffc3ccdd7775557,false,false,false,false,true,#,#,0,0,0,true,#,false,#,0,false,?0
1534,0,2,#global,#hash_55531d9b7bb2a748,#hash_75728a7470ea99c6,1000,0,?0,#,#,0,#,?0,0,false,#hash_ffc3ccdd7775557,false,false,false,false,false,#,#,0,0,0,true,#,false,#,0,false,?0
1535,1,5,#global,#hash_55531d9b7bb2a748,#hash_75728a7470ea99c6,2500,0,?0,#,#,0,#,?0,0,false,#hash_ffc3ccdd7775557,false,false,false,false,false,#,#,0,0,0,true,#,false,#,0,false,?0
1536,2,10,#global,#hash_55531d9b7bb2a748,#hash_75728a7470ea99c6,5000,0,?0,#,#hash_441927b366b6368f,0,#hash_77909e4972308eb6,?0,0,false,#hash_ffc3ccdd7775557,false,false,false,false,true,#,#,0,0,0,true,#,false,#,0,false,?0
1537,0,10,#global,#hash_689e13f25737ea0,#hash_9ec08e3994b3d00,1000,0,?0,#,#,0,#,?0,0,false,#hash_ffc3ccdd7775557,false,false,false,false,false,#,#,0,0,0,true,#,false,#,0,false,?0
1538,1,20,#global,#hash_689e13f25737ea0,#hash_9ec08e3994b3d00,2500,0,?0,#,#,0,#,?0,0,false,#hash_ffc3ccdd7775557,false,false,false,false,false,#,#,0,0,0,true,#,false,#,0,false,?0
1539,2,30,#global,#hash_689e13f25737ea0,#hash_9ec08e3994b3d00,5000,0,?0,#,#hash_441927b366b6368f,0,#hash_1e2bc0088157588,?0,0,false,#hash_ffc3ccdd7775557,false,false,false,false,true,#,#,0,0,0,true,#,false,#,0,false,?0
1540,0,2,#global,#hash_3fe247a47fed579e,#hash_1d72b494ef418236,1000,0,?0,#,#,0,#,?0,0,false,#hash_ffc3ccdd7775557,false,false,false,false,false,#,#,0,0,0,true,#,false,#,0,false,?0
1541,1,5,#global,#hash_3fe247a47fed579e,#hash_1d72b494ef418236,2500,0,?0,#,#,0,#,?0,0,false,#hash_ffc3ccdd7775557,false,false,false,false,false,#,#,0,0,0,true,#,false,#,0,false,?0
1542,2,10,#global,#hash_3fe247a47fed579e,#hash_1d72b494ef418236,5000,0,?0,#,#hash_441927b366b6368f,0,#hash_528b2bc73ebeed46,?0,0,false,#hash_ffc3ccdd7775557,false,false,false,false,true,#,#,0,0,0,true,#,false,#,0,false,?0
1543,0,5,#global,#hash_57495bb6f7e6d2f9,#hash_5305f67d6b0d0fb1,2500,0,?0,#,#hash_441927b366b6368f,0,#hash_19caeaaf6ec8950b,?0,0,false,#hash_ffc3ccdd7775557,false,false,false,false,true,#,#,0,0,0,true,#,false,#,0,false,?0
1544,0,2,#global,#hash_78961e51d07dc4ad,#hash_3876452c4797a289,1000,0,?0,#,#,0,#,?0,0,false,#hash_ffc3ccdd7775557,false,false,false,false,false,#,#,0,0,0,true,#,false,#,0,false,?0
1545,1,5,#global,#hash_78961e51d07dc4ad,#hash_3876452c4797a289,2500,0,?0,#,#,0,#,?0,0,false,#hash_ffc3ccdd7775557,false,false,false,false,false,#,#,0,0,0,true,#,false,#,0,false,?0
1546,2,10,#global,#hash_78961e51d07dc4ad,#hash_3876452c4797a289,5000,0,?0,#,#hash_441927b366b6368f,0,#hash_1bcd4e58991b3a43,?0,0,false,#hash_ffc3ccdd7775557,false,false,false,false,true,#,#,0,0,0,true,#,false,#,0,false,?0
1547,0,5,#global,#hash_36fa9e723c26f593,#hash_2a04ec4b4c9797fd,1000,0,?0,#,#,0,#,?0,0,false,#hash_ffc3ccdd7775557,false,false,false,false,false,#,#,0,0,0,true,#,false,#,0,false,?0
1548,1,15,#global,#hash_36fa9e723c26f593,#hash_2a04ec4b4c9797fd,2500,0,?0,#,#,0,#,?0,0,false,#hash_ffc3ccdd7775557,false,false,false,false,false,#,#,0,0,0,true,#,false,#,0,false,?0
1549,2,25,#global,#hash_36fa9e723c26f593,#hash_2a04ec4b4c9797fd,5000,0,?0,#,#hash_441927b366b6368f,0,#hash_6deb200e7bdf3e47,?0,0,false,#hash_ffc3ccdd7775557,false,false,false,false,true,#,#,0,0,0,true,#,false,#,0,false,?0
1550,0,5,#global,#hash_5072c55850678079,#hash_437e44524f11bfc3,1000,0,?0,#,#,0,#,?0,0,false,#hash_ffc3ccdd7775557,false,false,false,false,false,#,#,0,0,0,true,#,false,#,0,false,?0
1551,1,10,#global,#hash_5072c55850678079,#hash_437e44524f11bfc3,2500,0,?0,#,#,0,#,?0,0,false,#hash_ffc3ccdd7775557,false,false,false,false,false,#,#,0,0,0,true,#,false,#,0,false,?0
1552,2,15,#global,#hash_5072c55850678079,#hash_437e44524f11bfc3,5000,0,?0,#,#hash_441927b366b6368f,0,#hash_7fa1c031b26a8d55,?0,0,false,#hash_ffc3ccdd7775557,false,false,false,false,true,#,#,0,0,0,true,#,false,#,0,false,?0
1553,0,10,#global,#hash_77fa206964523e57,#hash_20897c205a7142af,2500,0,?0,#,#hash_441927b366b6368f,0,#hash_7181170e9d67f261,?0,0,false,#hash_ffc3ccdd7775557,false,false,false,false,true,#,#,0,0,0,true,#,false,#,0,false,?0
1554,0,20,#global,#hash_441927b366b6368f,#hash_50509f00b33c8ff,10000,0,?0,#,#,0,#hash_3f1871a928f3d6d1,?0,0,false,#hash_ffc3ccdd7775557,false,true,false,false,true,#,#,0,0,0,true,#,false,#,0,false,?0
1555,0,5,#global,#hash_4cef080aa44cd2f6,#hash_7b9a9ed03bf1a5cd,1000,0,?0,#,#,0,#,?0,0,false,#hash_ffc3dcdd777570a,false,false,false,false,false,#,#,0,0,0,true,#,false,#,0,false,?0
1556,1,10,#global,#hash_4cef080aa44cd2f6,#hash_7b9a9ed03bf1a5cd,2500,0,?0,#,#,0,#,?0,0,false,#hash_ffc3dcdd777570a,false,false,false,false,false,#,#,0,0,0,true,#,false,#,0,false,?0
1557,2,15,#global,#hash_4cef080aa44cd2f6,#hash_7b9a9ed03bf1a5cd,5000,0,?0,#,#hash_441928b366b63842,0,#hash_798f67b729ed25f7,?0,0,false,#hash_ffc3dcdd777570a,false,false,false,false,true,#,#,0,0,0,true,#,false,#,0,false,?0
1558,0,10,#global,#hash_1793c828270825be,#hash_2be0c8097f474def,1000,0,?0,#,#,0,#,?0,0,false,#hash_ffc3dcdd777570a,false,false,false,false,false,#,#,0,0,0,true,#,false,#,0,false,?0
1559,1,25,#global,#hash_1793c828270825be,#hash_2be0c8097f474def,2000,0,?0,#,#,0,#,?0,0,false,#hash_ffc3dcdd777570a,false,false,false,false,false,#,#,0,0,0,true,#,false,#,0,false,?0
1560,2,50,#global,#hash_1793c828270825be,#hash_2be0c8097f474def,3000,0,?0,#,#,0,#,?0,0,false,#hash_ffc3dcdd777570a,false,false,false,false,false,#,#,0,0,0,true,#,false,#,0,false,?0
1561,3,75,#global,#hash_1793c828270825be,#hash_2be0c8097f474def,4000,0,?0,#,#,0,#,?0,0,false,#hash_ffc3dcdd777570a,false,false,false,false,false,#,#,0,0,0,true,#,false,#,0,false,?0
1562,4,100,#global,#hash_1793c828270825be,#hash_2be0c8097f474def,5000,0,?0,#,#hash_441928b366b63842,0,#hash_368de4731e31a6a1,?0,0,false,#hash_ffc3dcdd777570a,false,false,false,false,true,#,#,0,0,0,true,#,false,#,0,false,?0
1563,0,3,#global,#hash_5e93644ea362349e,#hash_171beaed0efcf9cd,1000,0,?0,#,#,0,#,?0,0,false,#hash_ffc3dcdd777570a,false,false,false,false,false,#,#,0,0,0,true,#,false,#,0,false,?0
1564,1,5,#global,#hash_5e93644ea362349e,#hash_171beaed0efcf9cd,2500,0,?0,#,#,0,#,?0,0,false,#hash_ffc3dcdd777570a,false,false,false,false,false,#,#,0,0,0,true,#,false,#,0,false,?0
1565,2,10,#global,#hash_5e93644ea362349e,#hash_171beaed0efcf9cd,5000,0,?0,#,#hash_441928b366b63842,0,#hash_795d36c26416a1f7,?0,0,false,#hash_ffc3dcdd777570a,false,false,false,false,true,#,#,0,0,0,true,#,false,#,0,false,?0
1566,0,25,#global,#hash_5dd25904c990744e,#hash_600f54ba49b2ddf9,1000,0,?0,#,#,0,#,?0,0,false,#hash_ffc3dcdd777570a,false,false,false,false,false,#,#,0,0,0,true,#,false,#,0,false,?0
1567,1,50,#global,#hash_5dd25904c990744e,#hash_600f54ba49b2ddf9,2500,0,?0,#,#,0,#,?0,0,false,#hash_ffc3dcdd777570a,false,false,false,false,false,#,#,0,0,0,true,#,false,#,0,false,?0
1568,2,75,#global,#hash_5dd25904c990744e,#hash_600f54ba49b2ddf9,5000,0,?0,#,#hash_441928b366b63842,0,#hash_257ba97aa1f87bd3,?0,0,false,#hash_ffc3dcdd777570a,false,false,false,false,true,#,#,0,0,0,true,#,false,#,0,false,?0
1569,0,50,#global,#hash_2e82801fbae18571,#hash_d6dfddc3a5d5000,1000,0,?0,#,#,0,#,?0,0,false,#hash_ffc3dcdd777570a,false,false,false,false,false,#,#,0,0,0,true,#,false,#,0,false,?0
1570,1,100,#global,#hash_2e82801fbae18571,#hash_d6dfddc3a5d5000,2000,0,?0,#,#,0,#,?0,0,false,#hash_ffc3dcdd777570a,false,false,false,false,false,#,#,0,0,0,true,#,false,#,0,false,?0
1571,2,150,#global,#hash_2e82801fbae18571,#hash_d6dfddc3a5d5000,3000,0,?0,#,#,0,#,?0,0,false,#hash_ffc3dcdd777570a,false,false,false,false,false,#,#,0,0,0,true,#,false,#,0,false,?0
1572,3,200,#global,#hash_2e82801fbae18571,#hash_d6dfddc3a5d5000,4000,0,?0,#,#,0,#,?0,0,false,#hash_ffc3dcdd777570a,false,false,false,false,false,#,#,0,0,0,true,#,false,#,0,false,?0
1573,4,250,#global,#hash_2e82801fbae18571,#hash_d6dfddc3a5d5000,5000,0,?0,#,#hash_441928b366b63842,0,#hash_9c310b32af0ce88,?0,0,false,#hash_ffc3dcdd777570a,false,false,false,false,true,#,#,0,0,0,true,#,false,#,0,false,?0
1574,0,5,#global,#hash_609f4df480177cea,#hash_302a1521d714f793,1000,0,?0,#,#,0,#,?0,0,false,#hash_ffc3dcdd777570a,false,false,false,false,false,#,#,0,0,0,true,#,false,#,0,false,?0
1575,1,15,#global,#hash_609f4df480177cea,#hash_302a1521d714f793,2500,0,?0,#,#,0,#,?0,0,false,#hash_ffc3dcdd777570a,false,false,false,false,false,#,#,0,0,0,true,#,false,#,0,false,?0
1576,2,25,#global,#hash_609f4df480177cea,#hash_302a1521d714f793,5000,0,?0,#,#hash_441928b366b63842,0,#hash_b2cbffcd87f9d45,?0,0,false,#hash_ffc3dcdd777570a,false,false,false,false,true,#,#,0,0,0,true,#,false,#,0,false,?0
1577,0,5,#global,#hash_3541308979ee478f,#hash_51033c58d642ea97,1000,0,?0,#,#,0,#,?0,0,false,#hash_ffc3dcdd777570a,false,false,false,false,false,#,#,0,0,0,true,#,false,#,0,false,?0
1578,1,10,#global,#hash_3541308979ee478f,#hash_51033c58d642ea97,2500,0,?0,#,#,0,#,?0,0,false,#hash_ffc3dcdd777570a,false,false,false,false,false,#,#,0,0,0,true,#,false,#,0,false,?0
1579,2,15,#global,#hash_3541308979ee478f,#hash_51033c58d642ea97,5000,0,?0,#,#hash_441928b366b63842,0,#hash_4250764158481489,?0,0,false,#hash_ffc3dcdd777570a,false,false,false,false,true,#,#,0,0,0,true,#,false,#,0,false,?0
1580,0,3,#global,#hash_548697522dba9e7a,#hash_2d1917e258d9a52a,2500,0,?0,#,#hash_441928b366b63842,0,#hash_172a5d4e71e1b11a,?0,0,false,#hash_ffc3dcdd777570a,false,false,false,false,true,#,#,0,0,0,true,#,false,#,0,false,?0
1581,0,50,#global,#hash_43ad1d063cdd0cb7,#hash_67ad5664c45f1130,1000,0,?0,#,#,0,#,?0,0,false,#hash_ffc3dcdd777570a,false,false,false,false,false,#,#,0,0,0,true,#,false,#,0,false,?0
1582,1,100,#global,#hash_43ad1d063cdd0cb7,#hash_67ad5664c45f1130,2500,0,?0,#,#,0,#,?0,0,false,#hash_ffc3dcdd777570a,false,false,false,false,false,#,#,0,0,0,true,#,false,#,0,false,?0
1583,2,150,#global,#hash_43ad1d063cdd0cb7,#hash_67ad5664c45f1130,5000,0,?0,#,#hash_441928b366b63842,0,#hash_24f5eb57c4276598,?0,0,false,#hash_ffc3dcdd777570a,false,false,false,false,true,#,#,0,0,0,true,#,false,#,0,false,?0
1584,0,10000,#global,#hash_7ea1f7d46d889aff,#hash_4ac40878ce9114aa,1000,0,?0,#,#,0,#,?0,0,false,#hash_ffc3dcdd777570a,false,false,false,false,false,#,#,0,0,0,true,#,false,#,0,false,?0
1585,1,20000,#global,#hash_7ea1f7d46d889aff,#hash_4ac40878ce9114aa,2500,0,?0,#,#,0,#,?0,0,false,#hash_ffc3dcdd777570a,false,false,false,false,false,#,#,0,0,0,true,#,false,#,0,false,?0
1586,2,30000,#global,#hash_7ea1f7d46d889aff,#hash_4ac40878ce9114aa,5000,0,?0,#,#hash_441928b366b63842,0,#hash_4ec36448d47ccf9a,?0,0,false,#hash_ffc3dcdd777570a,false,false,false,false,true,#,#,0,0,0,true,#,false,#,0,false,?0
1587,0,10,#global,#hash_5f4d95085e8f9a1c,#hash_568bac25feec002c,1000,0,?0,#,#,0,#,?0,0,false,#hash_ffc3dcdd777570a,false,false,false,false,false,#,#,0,0,0,true,#,false,#,0,false,?0
1588,1,25,#global,#hash_5f4d95085e8f9a1c,#hash_568bac25feec002c,2500,0,?0,#,#,0,#,?0,0,false,#hash_ffc3dcdd777570a,false,false,false,false,false,#,#,0,0,0,true,#,false,#,0,false,?0
1589,2,50,#global,#hash_5f4d95085e8f9a1c,#hash_568bac25feec002c,5000,0,?0,#,#hash_441928b366b63842,0,#hash_5a223e2c5b440dd4,?0,0,false,#hash_ffc3dcdd777570a,false,false,false,false,true,#,#,0,0,0,true,#,false,#,0,false,?0
1590,0,1,#global,#hash_171796d645780487,#hash_3f47e61be184970a,2500,0,?0,#,#hash_441928b366b63842,0,#hash_790661a9501bf4ba,?0,0,false,#hash_ffc3dcdd777570a,false,false,false,false,true,#,#,0,0,0,true,#,false,#,0,false,?0
1591,0,3,#global,#hash_626ed693fa15cd7,#hash_22c977586987be36,1000,0,?0,#,#,0,#,?0,0,false,#hash_ffc3dcdd777570a,false,false,false,false,false,#,#,0,0,0,true,#,false,#,0,false,?0
1592,1,5,#global,#hash_626ed693fa15cd7,#hash_22c977586987be36,2500,0,?0,#,#,0,#,?0,0,false,#hash_ffc3dcdd777570a,false,false,false,false,false,#,#,0,0,0,true,#,false,#,0,false,?0
1593,2,10,#global,#hash_626ed693fa15cd7,#hash_22c977586987be36,5000,0,?0,#,#hash_441928b366b63842,0,#hash_7b7e4cf920c02146,?0,0,false,#hash_ffc3dcdd777570a,false,false,false,false,true,#,#,0,0,0,true,#,false,#,0,false,?0
1594,0,1,#global,#hash_9d7fba655e34b0a,#hash_22962991a0b7fb30,2500,0,?0,#,#hash_441928b366b63842,0,#hash_70f3f6a0016de398,?0,0,false,#hash_ffc3dcdd777570a,false,false,false,false,true,#,#,0,0,0,true,#,false,#,0,false,?0
1595,0,5,#global,#hash_1fa18fc0b5bb6695,#hash_566e0b9006717f37,1000,0,?0,#,#,0,#,?0,0,false,#hash_ffc3dcdd777570a,false,false,false,false,false,#,#,0,0,0,true,#,false,#,0,false,?0
1596,1,15,#global,#hash_1fa18fc0b5bb6695,#hash_566e0b9006717f37,2500,0,?0,#,#,0,#,?0,0,false,#hash_ffc3dcdd777570a,false,false,false,false,false,#,#,0,0,0,true,#,false,#,0,false,?0
1597,2,25,#global,#hash_1fa18fc0b5bb6695,#hash_566e0b9006717f37,5000,0,?0,#,#hash_441928b366b63842,0,#hash_5d0bd3d5095dd469,?0,0,false,#hash_ffc3dcdd777570a,false,false,false,false,true,#,#,0,0,0,true,#,false,#,0,false,?0
1598,0,5,#global,#hash_1e0052c9f31de889,#hash_63d18f347b61f17b,1000,0,?0,#,#,0,#,?0,0,false,#hash_ffc3dcdd777570a,false,false,false,false,false,#,#,0,0,0,true,#,false,#,0,false,?0
1599,1,10,#global,#hash_1e0052c9f31de889,#hash_63d18f347b61f17b,2500,0,?0,#,#,0,#,?0,0,false,#hash_ffc3dcdd777570a,false,false,false,false,false,#,#,0,0,0,true,#,false,#,0,false,?0
1600,2,15,#global,#hash_1e0052c9f31de889,#hash_63d18f347b61f17b,5000,0,?0,#,#hash_441928b366b63842,0,#hash_7447672b2cc0166d,?0,0,false,#hash_ffc3dcdd777570a,false,false,false,false,true,#,#,0,0,0,true,#,false,#,0,false,?0
1601,0,5,#global,#hash_71469963d480c64e,#hash_6e8074df76c3b75,1000,0,?0,#,#,0,#,?0,0,false,#hash_ffc3dcdd777570a,false,false,false,false,false,#,#,0,0,0,true,#,false,#,0,false,?0
1602,1,10,#global,#hash_71469963d480c64e,#hash_6e8074df76c3b75,2500,0,?0,#,#,0,#,?0,0,false,#hash_ffc3dcdd777570a,false,false,false,false,false,#,#,0,0,0,true,#,false,#,0,false,?0
1603,2,25,#global,#hash_71469963d480c64e,#hash_6e8074df76c3b75,5000,0,?0,#,#hash_441928b366b63842,0,#hash_7615e49ceb81585f,?0,0,false,#hash_ffc3dcdd777570a,false,false,false,false,true,#,#,0,0,0,true,#,false,#,0,false,?0
1604,0,5,#global,#hash_427fcf61792ac9eb,#hash_5adfd682d314b98c,1000,0,?0,#,#,0,#,?0,0,false,#hash_ffc3dcdd777570a,false,false,false,false,false,#,#,0,0,0,true,#,false,#,0,false,?0
1605,1,10,#global,#hash_427fcf61792ac9eb,#hash_5adfd682d314b98c,2500,0,?0,#,#,0,#,?0,0,false,#hash_ffc3dcdd777570a,false,false,false,false,false,#,#,0,0,0,true,#,false,#,0,false,?0
1606,2,15,#global,#hash_427fcf61792ac9eb,#hash_5adfd682d314b98c,5000,0,?0,#,#hash_441928b366b63842,0,#hash_18d7affc5fa08f4,?0,0,false,#hash_ffc3dcdd777570a,false,false,false,false,true,#,#,0,0,0,true,#,false,#,0,false,?0
1607,0,5,#global,#hash_6a6377a03ebc1503,#hash_6fc10927798ea39a,1000,0,?0,#,#,0,#,?0,0,false,#hash_ffc3dcdd777570a,false,false,false,false,false,#,#,0,0,0,true,#,false,#,0,false,?0
1608,1,10,#global,#hash_6a6377a03ebc1503,#hash_6fc10927798ea39a,2500,0,?0,#,#,0,#,?0,0,false,#hash_ffc3dcdd777570a,false,false,false,false,false,#,#,0,0,0,true,#,false,#,0,false,?0
1609,2,15,#global,#hash_6a6377a03ebc1503,#hash_6fc10927798ea39a,5000,0,?0,#,#hash_441928b366b63842,0,#hash_679bedd0e7a82f2a,?0,0,false,#hash_ffc3dcdd777570a,false,false,false,false,true,#,#,0,0,0,true,#,false,#,0,false,?0
1610,0,1,#global,#hash_580adbed89cd7532,#hash_658d676843edf662,5000,0,?0,#,#hash_441928b366b63842,0,#hash_775e308712be832,?0,0,false,#hash_ffc3dcdd777570a,false,false,false,false,true,#,#,0,0,0,true,#,false,#,0,false,?0
1611,0,20,#global,#hash_441928b366b63842,#hash_58a778ba444f7f01,10000,0,?0,#,#,0,#hash_412812a35daec1fb,?0,0,false,#hash_ffc3dcdd777570a,false,true,false,false,true,#,#,0,0,0,true,#,false,#,0,false,?0
