1280,0,200,#global,#hash_3171d9bb6e1519ac,#hash_3214165d63cf6d13,2500,0,?0,#challengerewards_operator_skins,#,0,#hash_6c0d22333bc20dc5,?0,0,false,#hash_3e0a1c6a4e77d783,false,false,false,false,false,#,#,0,0,0,true,#,false,#,0,false,
1281,0,3,#global,#hash_3c8e09a04082db5e,#hash_1f3f311e47fef0cb,2500,0,?0,#challengerewards_operator_skins,#,0,#hash_1bb2d4afb61e8fdd,?0,0,false,#hash_3e0a1c6a4e77d783,false,false,false,false,false,#,#,0,0,0,true,#,false,#,0,false,
1282,0,1,#global,#hash_359f26f3fe7b3e34,#hash_339ab2bf6c746e57,1500,0,?0,#,#,0,#hash_4faf8d293ed4af49,?0,0,false,#hash_1050e5e050547d18,false,false,false,false,false,#,#,0,0,1,true,#,false,#hash_572050055e786d32,0,true,mtx_season_1
1283,0,100,#global,#hash_15e38ff835419f29,#hash_49f06a88dd6eeee4,2000,1282,?0,#,#,0,#hash_52fd992e694c284c,?0,0,false,#hash_1050e5e050547d18,false,false,false,false,false,#,#,0,0,1,true,#,false,#hash_572050055e786d32,0,true,mtx_season_1
1284,0,3,#global,#hash_3a4cc9109fa72702,#hash_4bd764b6a6e1d3d1,2500,1283,?0,#,#,0,#hash_1b4f121bf19881eb,?0,0,false,#hash_1050e5e050547d18,false,false,false,false,false,#,#,0,0,1,true,#,false,#hash_572050055e786d32,0,true,mtx_season_1
1285,0,20,#global,#hash_6a3b487c924d7081,#hash_3e697903385dea68,3000,1284,?0,#,#,0,#hash_619848b05c2ad3b0,?0,0,false,#hash_1050e5e050547d18,false,false,false,false,false,#,#,0,0,1,true,#,false,#hash_572050055e786d32,0,true,mtx_season_1
1286,0,25,#global,#hash_1dbfc19533279bd1,#hash_3802bf35ab3e6c0,1500,0,?0,#,#,0,#hash_431d23cbb1ce9948,?0,0,false,#hash_1050e5e050547d18,false,false,false,false,false,#,#,0,0,1,true,#,false,#hash_4cc3c84feeb4b041,20,true,mtx_season_1
1287,0,100,#global,#hash_48e4f004511eee67,#hash_4e4cbde0cfad3c36,2000,1286,?0,#,#,0,#hash_2d4f8e1c096bdb46,?0,0,false,#hash_1050e5e050547d18,false,false,false,false,false,#,#,0,0,1,true,#,false,#hash_4cc3c84feeb4b041,20,true,mtx_season_1
1288,0,25,#global,#hash_195bc77f835411ca,#hash_7bfc538e68f006cf,2500,1287,?0,#,#,0,#hash_7d0ed198fbf5df41,?0,0,false,#hash_1050e5e050547d18,false,false,false,false,false,#,#,0,0,1,true,#,false,#hash_4cc3c84feeb4b041,20,true,mtx_season_1
1289,0,5,#global,#hash_78b5865817a3c321,#hash_618c791563fcfbf8,3000,1288,?0,#,#,0,#hash_28ce65da65fb8c20,?0,0,false,#hash_1050e5e050547d18,false,false,false,false,false,#,#,0,0,1,true,#,false,#hash_4cc3c84feeb4b041,20,true,mtx_season_1
1290,0,23,#global,#hash_56778cda5cdf54df,#hash_3c27667698305904,5000,0,?0,#,#hash_663c5435d8707d89,0,#hash_59a3688884e3812c,?0,0,false,#zm_gold,false,false,false,false,true,#,#,0,0,0,false,#,false,#,0,false,
1291,0,14,#global,#hash_474edef2893daed1,#hash_4cda92f6cdcb29a,5000,0,?0,#,#hash_663c5435d8707d89,0,#hash_5e1dc40bf20dfc2a,?0,0,false,#zm_gold,false,false,false,false,true,#,#,0,0,0,false,#,false,#,0,false,
1292,0,23,#global,#hash_255cd64167fc9d64,#hash_6528f54ebeec223f,5000,0,?0,#,#hash_663c5435d8707d89,0,#hash_71202516fe133c11,?0,0,false,#zm_gold,false,false,false,false,true,#,#,0,0,0,false,#,false,#,0,false,
1293,0,16,#global,#hash_57f49fd5e493248f,#hash_1bf1d9c81dfe4ac4,5000,0,?0,#,#hash_663c5435d8707d89,0,#hash_5700ec22aec11cec,?0,0,false,#zm_gold,false,false,false,false,true,#,#,0,0,0,false,#,false,#,0,false,
1294,0,1,#global,#hash_5235cb868a2e5bc1,#hash_721c78bd0bea3224,2500,0,?0,#,#hash_663c5435d8707d89,0,#hash_40e29c67a2b1be8c,?0,0,false,#zm_gold,false,false,false,false,true,#,#,0,0,0,false,#,false,#,0,false,
1295,0,1,#global,#hash_38bef53143af72bc,#hash_50b69dda59df99b1,2500,0,?0,#,#hash_663c5435d8707d89,0,#hash_b9b42dd8d57f30b,?0,0,false,#zm_gold,false,false,false,false,true,#,#,0,0,0,false,#,false,#,0,false,
1296,0,6,#global,#hash_663c5435d8707d89,#hash_4c67855311db7ae6,5000,0,?0,#,#,0,#hash_543dea9e4d953116,?0,0,false,#zm_gold,false,true,false,true,false,#,#,0,0,0,false,#,false,#,0,false,
1297,0,1,#global,#hash_139c5d1048195803,#hash_4399c3b0f5584d0c,10000,0,?0,#,#hash_2af02abad4aeb7cd,0,#hash_18192e705af1374,?1,0,false,#darkops,false,false,false,false,true,#,#,0,0,0,false,#,false,#,0,false,
1298,0,1,#global,#hash_52d86f82675aaf1a,#hash_c53bf62a1b92de1,10000,0,?0,#,#hash_2af02abad4aeb7cd,0,#hash_7d53c3d82a1dc71b,?4,0,false,#darkops,false,false,false,false,true,#,#,0,0,0,false,#,false,#,0,false,
1300,0,100,#global,#hash_c564d52a7c51ad4,#hash_2b6d43926d5adbc7,1500,0,?0,#,#,0,#hash_182fdd30cc3df959,?0,0,false,#hash_1050e5e050547d18,false,false,false,false,false,#,#,0,0,2,true,#,false,#hash_33960bf06b2ab138,0,true,mtx_season_2
1301,0,25,#global,#hash_3822203fc7c2eadf,#hash_4f6a8885bcd8a46a,2000,1300,?0,#,#,0,#hash_70ab01a2b5a63a5a,?0,0,false,#hash_1050e5e050547d18,false,false,false,false,false,#,#,0,0,2,true,#,false,#hash_33960bf06b2ab138,0,true,mtx_season_2
1302,0,100,#global,#hash_3b13dc0e3c4bb2a2,#hash_5d5583e70414fc3,2500,1301,?0,#,#,0,#hash_261e513da96f3d55,?0,0,false,#hash_1050e5e050547d18,false,false,false,false,false,#,#,0,0,2,true,#,false,#hash_33960bf06b2ab138,0,true,mtx_season_2
1303,0,1,#global,#hash_6b9b36fedfb95f3c,#hash_6856b27bbb3497d9,3000,1302,?0,#,#,0,#hash_1c7bffbd32121773,?0,0,false,#hash_1050e5e050547d18,false,false,false,false,false,#,#,0,0,2,true,#,false,#hash_33960bf06b2ab138,0,true,mtx_season_2
1304,0,25,#global,#hash_1aba6fb35597bd85,#hash_2c71557ffb6bbfe,1500,0,?0,#,#,0,#hash_5f97e974145aa4e,?0,0,false,#hash_1050e5e050547d18,false,false,false,false,false,#,#,0,0,2,true,#,false,#hash_46ddf1f925e6a50b,20,true,mtx_season_2
1305,0,50000,#global,#hash_59d8674357c2b6de,#hash_74069a238240f935,2000,1304,?0,#,#,0,#hash_4bcacbe2509ecc1f,?0,0,false,#hash_1050e5e050547d18,false,false,false,false,false,#,#,0,0,2,true,#,false,#hash_46ddf1f925e6a50b,20,true,mtx_season_2
1306,0,25,#global,#hash_5e89396e6f618c5a,#hash_29905bfeafd76369,2500,1305,?0,#,#,0,#hash_510ebb2aace10463,?0,0,false,#hash_1050e5e050547d18,false,false,false,false,false,#,#,0,0,2,true,#,false,#hash_46ddf1f925e6a50b,20,true,mtx_season_2
1307,0,50,#global,#hash_2d868c0eda640cc6,#hash_766a1fdcc6989113,3000,1306,?0,#,#,0,#hash_22b92803d472f9c5,?0,0,false,#hash_1050e5e050547d18,false,false,false,false,false,#,#,0,0,2,true,#,false,#hash_46ddf1f925e6a50b,20,true,mtx_season_2
1308,0,10,#global,#hash_5381188bbb5fca9b,#hash_33958544e9c33ed6,1000,0,?0,#,#,0,#,?0,0,false,#hash_1515dc70f4e1041e,false,false,false,false,false,#,#,0,0,0,true,#,false,#,0,false,
1309,1,25,#global,#hash_5381188bbb5fca9b,#hash_33958544e9c33ed6,1500,0,?0,#,#,0,#,?0,0,false,#hash_1515dc70f4e1041e,false,false,false,false,false,#,#,0,0,0,true,#,false,#,0,false,
1310,2,50,#global,#hash_5381188bbb5fca9b,#hash_33958544e9c33ed6,2500,0,?0,#,#,0,#,?0,0,false,#hash_1515dc70f4e1041e,false,false,false,false,false,#,#,0,0,0,true,#,false,#,0,false,
1311,3,75,#global,#hash_5381188bbb5fca9b,#hash_33958544e9c33ed6,5000,0,?0,#,#,0,#,?0,0,false,#hash_1515dc70f4e1041e,false,false,false,false,false,#,#,0,0,0,true,#,false,#,0,false,
1312,4,100,#global,#hash_5381188bbb5fca9b,#hash_33958544e9c33ed6,10000,0,?0,#,#hash_66505d6a5bcab598,0,#hash_4ac723ca4cd7f3a6,?0,0,false,#hash_1515dc70f4e1041e,false,false,false,false,true,#,#,0,0,0,true,#,false,#,0,false,
1313,0,10,#global,#hash_66d504a1593b165,#hash_34c792a1571c430,1000,0,?0,#,#,0,#,?0,0,false,#hash_1515dc70f4e1041e,false,false,false,false,false,#,#,0,0,0,true,#,false,#,0,false,
1314,1,25,#global,#hash_66d504a1593b165,#hash_34c792a1571c430,2500,0,?0,#,#,0,#,?0,0,false,#hash_1515dc70f4e1041e,false,false,false,false,false,#,#,0,0,0,true,#,false,#,0,false,
1315,2,50,#global,#hash_66d504a1593b165,#hash_34c792a1571c430,5000,0,?0,#,#hash_66505d6a5bcab598,0,#hash_572a956419809e98,?0,0,false,#hash_1515dc70f4e1041e,false,false,false,false,true,#,#,0,0,0,true,#,false,#,0,false,
1316,0,50,#global,#hash_57e42cdb892d3717,#hash_9f0f4346f4b8d85,1000,0,?0,#,#,0,#,?0,0,false,#hash_1515dc70f4e1041e,false,false,false,false,false,#,#,0,0,0,true,#,false,#,0,false,
1317,1,250,#global,#hash_57e42cdb892d3717,#hash_9f0f4346f4b8d85,2500,0,?0,#,#,0,#,?0,0,false,#hash_1515dc70f4e1041e,false,false,false,false,false,#,#,0,0,0,true,#,false,#,0,false,
1318,2,500,#global,#hash_57e42cdb892d3717,#hash_9f0f4346f4b8d85,5000,0,?0,#,#hash_66505d6a5bcab598,0,#hash_1eaa1770f7a1824f,?0,0,false,#hash_1515dc70f4e1041e,false,false,false,false,true,#,#,0,0,0,true,#,false,#,0,false,
1319,0,50,#global,#hash_6dcdf2fb5a6cf4a0,#hash_38a7bb259225e63,1000,0,?0,#,#,0,#,?0,0,false,#hash_1515dc70f4e1041e,false,false,false,false,false,#,#,0,0,0,true,#,false,#,0,false,
1320,1,250,#global,#hash_6dcdf2fb5a6cf4a0,#hash_38a7bb259225e63,2500,0,?0,#,#,0,#,?0,0,false,#hash_1515dc70f4e1041e,false,false,false,false,false,#,#,0,0,0,true,#,false,#,0,false,
1321,2,500,#global,#hash_6dcdf2fb5a6cf4a0,#hash_38a7bb259225e63,5000,0,?0,#,#hash_66505d6a5bcab598,0,#hash_2ec987161b6e7135,?0,0,false,#hash_1515dc70f4e1041e,false,false,false,false,true,#,#,0,0,0,true,#,false,#,0,false,
1322,0,2,#global,#hash_44961f90979e3ba9,#hash_57712e925f516d03,1000,0,?0,#,#,0,#,?0,0,false,#hash_1515dc70f4e1041e,false,false,false,false,false,#,#,0,0,0,true,#,false,#,0,false,
1323,1,5,#global,#hash_44961f90979e3ba9,#hash_57712e925f516d03,2500,0,?0,#,#,0,#,?0,0,false,#hash_1515dc70f4e1041e,false,false,false,false,false,#,#,0,0,0,true,#,false,#,0,false,
1324,2,10,#global,#hash_44961f90979e3ba9,#hash_57712e925f516d03,5000,0,?0,#,#hash_66505d6a5bcab598,0,#hash_6cfcb6870eeadd95,?0,0,false,#hash_1515dc70f4e1041e,false,false,false,false,true,#,#,0,0,0,true,#,false,#,0,false,
1325,0,10,#global,#hash_36c9caf1c41a8356,#hash_4c10213a872bafe9,1000,0,?0,#,#,0,#,?0,0,false,#hash_1515dc70f4e1041e,false,false,false,false,false,#,#,0,0,0,true,#,false,#,0,false,
1326,1,25,#global,#hash_36c9caf1c41a8356,#hash_4c10213a872bafe9,2500,0,?0,#,#,0,#,?0,0,false,#hash_1515dc70f4e1041e,false,false,false,false,false,#,#,0,0,0,true,#,false,#,0,false,
1327,2,50,#global,#hash_36c9caf1c41a8356,#hash_4c10213a872bafe9,5000,0,?0,#,#hash_66505d6a5bcab598,0,#hash_386871d5f5a799e3,?0,0,false,#hash_1515dc70f4e1041e,false,false,false,false,true,#,#,0,0,0,true,#,false,#,0,false,
1328,0,6,#global,#hash_66505d6a5bcab598,#hash_7d0fc31670abbcb5,10000,0,?0,#,#,0,#hash_8a7ff48d5b669f,?0,0,false,#hash_1515dc70f4e1041e,false,true,false,true,false,#,#,0,0,0,true,#,false,#,0,false,
1329,0,25,#global,#hash_5d77c9a44bc6f7eb,#hash_600110fec27f3d10,1000,0,?0,#,#,0,#,?0,0,false,#hash_37d54a9181d3a53e,false,false,false,false,false,#,#,0,0,0,true,#,false,#,0,false,
1330,1,50,#global,#hash_5d77c9a44bc6f7eb,#hash_600110fec27f3d10,2500,0,?0,#,#,0,#,?0,0,false,#hash_37d54a9181d3a53e,false,false,false,false,false,#,#,0,0,0,true,#,false,#,0,false,
1331,2,100,#global,#hash_5d77c9a44bc6f7eb,#hash_600110fec27f3d10,5000,0,?0,#,#hash_216cc6f546326278,0,#hash_7fc24a217ebcca38,?0,0,false,#hash_37d54a9181d3a53e,false,false,false,false,true,#,#,0,0,0,true,#,false,#,0,false,
1332,0,100,#global,#hash_79f623602d23af5a,#hash_44613ccc831ece35,500,0,?0,#,#,0,#,?0,0,false,#hash_37d54a9181d3a53e,false,false,false,false,false,#,#,0,0,0,true,#,false,#,0,false,
1333,1,250,#global,#hash_79f623602d23af5a,#hash_44613ccc831ece35,1000,0,?0,#,#,0,#,?0,0,false,#hash_37d54a9181d3a53e,false,false,false,false,false,#,#,0,0,0,true,#,false,#,0,false,
1334,2,1000,#global,#hash_79f623602d23af5a,#hash_44613ccc831ece35,2500,0,?0,#,#,0,#,?0,0,false,#hash_37d54a9181d3a53e,false,false,false,false,false,#,#,0,0,0,true,#,false,#,0,false,
1335,3,2500,#global,#hash_79f623602d23af5a,#hash_44613ccc831ece35,5000,0,?0,#,#,0,#,?0,0,false,#hash_37d54a9181d3a53e,false,false,false,false,false,#,#,0,0,0,true,#,false,#,0,false,
1336,4,5000,#global,#hash_79f623602d23af5a,#hash_44613ccc831ece35,10000,0,?0,#,#hash_216cc6f546326278,0,#hash_3c09350f3b9a2b1f,?0,0,false,#hash_37d54a9181d3a53e,false,false,false,false,true,#,#,0,0,0,true,#,false,#,0,false,
1337,0,10,#global,#hash_52d449d3aae2c5fa,#hash_6aa6eeab286d452b,1000,0,?0,#,#,0,#,?0,0,false,#hash_37d54a9181d3a53e,false,false,false,false,false,#,#,0,0,0,true,#,false,#,0,false,
1338,1,25,#global,#hash_52d449d3aae2c5fa,#hash_6aa6eeab286d452b,2500,0,?0,#,#,0,#,?0,0,false,#hash_37d54a9181d3a53e,false,false,false,false,false,#,#,0,0,0,true,#,false,#,0,false,
1339,2,50,#global,#hash_52d449d3aae2c5fa,#hash_6aa6eeab286d452b,5000,0,?0,#,#hash_216cc6f546326278,0,#hash_2d27ab953185d67d,?0,0,false,#hash_37d54a9181d3a53e,false,false,false,false,true,#,#,0,0,0,true,#,false,#,0,false,
1340,0,5,#global,#hash_3e8fc17206dbe863,#hash_590f77013a945313,1000,0,?0,#,#,0,#,?0,0,false,#hash_37d54a9181d3a53e,false,false,false,false,false,#,#,0,0,0,true,#,false,#,0,false,
1341,1,15,#global,#hash_3e8fc17206dbe863,#hash_590f77013a945313,2500,0,?0,#,#,0,#,?0,0,false,#hash_37d54a9181d3a53e,false,false,false,false,false,#,#,0,0,0,true,#,false,#,0,false,
1342,2,25,#global,#hash_3e8fc17206dbe863,#hash_590f77013a945313,5000,0,?0,#,#hash_216cc6f546326278,0,#hash_ff47f8dcb22ffc5,?0,0,false,#hash_37d54a9181d3a53e,false,false,false,false,true,#,#,0,0,0,true,#,false,#,0,false,
1343,0,25,#global,#hash_3c8437e4e9f1e638,#hash_4e46da4a226dd8a8,1000,0,?0,#,#,0,#,?0,0,false,#hash_37d54a9181d3a53e,false,false,false,false,false,#,#,0,0,0,true,#,false,#,0,false,
1344,1,50,#global,#hash_3c8437e4e9f1e638,#hash_4e46da4a226dd8a8,2500,0,?0,#,#,0,#,?0,0,false,#hash_37d54a9181d3a53e,false,false,false,false,false,#,#,0,0,0,true,#,false,#,0,false,
1345,2,100,#global,#hash_3c8437e4e9f1e638,#hash_4e46da4a226dd8a8,5000,0,?0,#,#hash_216cc6f546326278,0,#hash_71dab63373dc8af0,?0,0,false,#hash_37d54a9181d3a53e,false,false,false,false,true,#,#,0,0,0,true,#,false,#,0,false,
1346,0,10,#global,#hash_30e4e9155368a6a9,#hash_719e70c367381414,1000,0,?0,#,#,0,#,?0,0,false,#hash_37d54a9181d3a53e,false,false,false,false,false,#,#,0,0,0,true,#,false,#,0,false,
1347,1,15,#global,#hash_30e4e9155368a6a9,#hash_719e70c367381414,2500,0,?0,#,#,0,#,?0,0,false,#hash_37d54a9181d3a53e,false,false,false,false,false,#,#,0,0,0,true,#,false,#,0,false,
1348,2,25,#global,#hash_30e4e9155368a6a9,#hash_719e70c367381414,5000,0,?0,#,#hash_216cc6f546326278,0,#hash_24d292d48e8f12dc,?0,0,false,#hash_37d54a9181d3a53e,false,false,false,false,true,#,#,0,0,0,true,#,false,#,0,false,
1349,0,6,#global,#hash_216cc6f546326278,#hash_3424044353850a89,10000,0,?0,#,#,0,#hash_4238693d9afa7243,?0,0,false,#hash_37d54a9181d3a53e,false,true,false,true,false,#,#,0,0,0,true,#,false,#,0,false,
1350,0,5,#global,#hash_4cecac797f35ee4,#hash_28e6fefe302cc60d,1000,0,?0,#,#,0,#,?0,0,false,#hash_7b48091c3d08eba5,false,false,false,false,false,#,#,0,0,0,true,#,false,#,0,false,
1351,1,15,#global,#hash_4cecac797f35ee4,#hash_28e6fefe302cc60d,2500,0,?0,#,#,0,#,?0,0,false,#hash_7b48091c3d08eba5,false,false,false,false,false,#,#,0,0,0,true,#,false,#,0,false,
1352,2,25,#global,#hash_4cecac797f35ee4,#hash_28e6fefe302cc60d,5000,0,?0,#,#hash_5c5e418bf55e75e7,0,#hash_2ad2792c634bf737,?0,0,false,#hash_7b48091c3d08eba5,false,false,false,false,true,#,#,0,0,0,true,#,false,#,0,false,
1353,0,50,#global,#hash_2467f4d08b89456,#hash_7ace86adb7788837,500,0,?0,#,#,0,#,?0,0,false,#hash_7b48091c3d08eba5,false,false,false,false,false,#,#,0,0,0,true,#,false,#,0,false,
1354,1,100,#global,#hash_2467f4d08b89456,#hash_7ace86adb7788837,1000,0,?0,#,#,0,#,?0,0,false,#hash_7b48091c3d08eba5,false,false,false,false,false,#,#,0,0,0,true,#,false,#,0,false,
1355,2,250,#global,#hash_2467f4d08b89456,#hash_7ace86adb7788837,2500,0,?0,#,#,0,#,?0,0,false,#hash_7b48091c3d08eba5,false,false,false,false,false,#,#,0,0,0,true,#,false,#,0,false,
1356,3,500,#global,#hash_2467f4d08b89456,#hash_7ace86adb7788837,5000,0,?0,#,#,0,#,?0,0,false,#hash_7b48091c3d08eba5,false,false,false,false,false,#,#,0,0,0,true,#,false,#,0,false,
1357,4,1000,#global,#hash_2467f4d08b89456,#hash_7ace86adb7788837,10000,0,?0,#,#hash_5c5e418bf55e75e7,0,#hash_4512462e2fd04f69,?0,0,false,#hash_7b48091c3d08eba5,false,false,false,false,true,#,#,0,0,0,true,#,false,#,0,false,
1358,0,2,#global,#hash_3b540abd221a6d9,#hash_3642a5b5ed7b53c9,1000,0,?0,#,#,0,#,?0,0,false,#hash_7b48091c3d08eba5,false,false,false,false,false,#,#,0,0,0,true,#,false,#,0,false,
1359,1,5,#global,#hash_3b540abd221a6d9,#hash_3642a5b5ed7b53c9,2500,0,?0,#,#,0,#,?0,0,false,#hash_7b48091c3d08eba5,false,false,false,false,false,#,#,0,0,0,true,#,false,#,0,false,
1360,2,10,#global,#hash_3b540abd221a6d9,#hash_3642a5b5ed7b53c9,5000,0,?0,#,#hash_5c5e418bf55e75e7,0,#hash_77943c2caa486683,?0,0,false,#hash_7b48091c3d08eba5,false,false,false,false,true,#,#,0,0,0,true,#,false,#,0,false,
1361,0,50,#global,#hash_748d4c2ba56a6cdd,#hash_596441b944f15574,500,0,?0,#,#,0,#,?0,0,false,#hash_7b48091c3d08eba5,false,false,false,false,false,#,#,0,0,0,true,#,false,#,0,false,
1362,1,100,#global,#hash_748d4c2ba56a6cdd,#hash_596441b944f15574,1000,0,?0,#,#,0,#,?0,0,false,#hash_7b48091c3d08eba5,false,false,false,false,false,#,#,0,0,0,true,#,false,#,0,false,
1363,2,150,#global,#hash_748d4c2ba56a6cdd,#hash_596441b944f15574,2500,0,?0,#,#,0,#,?0,0,false,#hash_7b48091c3d08eba5,false,false,false,false,false,#,#,0,0,0,true,#,false,#,0,false,
1364,3,200,#global,#hash_748d4c2ba56a6cdd,#hash_596441b944f15574,5000,0,?0,#,#,0,#,?0,0,false,#hash_7b48091c3d08eba5,false,false,false,false,false,#,#,0,0,0,true,#,false,#,0,false,
1365,4,250,#global,#hash_748d4c2ba56a6cdd,#hash_596441b944f15574,10000,0,?0,#,#hash_5c5e418bf55e75e7,0,#hash_45eedb8fd4c4747c,?0,0,false,#hash_7b48091c3d08eba5,false,false,false,false,true,#,#,0,0,0,true,#,false,#,0,false,
1366,0,2,#global,#hash_22485a4cae21822b,#hash_361d23b5a9897770,1000,0,?0,#,#,0,#,?0,0,false,#hash_7b48091c3d08eba5,false,false,false,false,false,#,#,0,0,0,true,#,false,#,0,false,
1367,1,5,#global,#hash_22485a4cae21822b,#hash_361d23b5a9897770,2500,0,?0,#,#,0,#,?0,0,false,#hash_7b48091c3d08eba5,false,false,false,false,false,#,#,0,0,0,true,#,false,#,0,false,
1368,2,10,#global,#hash_22485a4cae21822b,#hash_361d23b5a9897770,5000,0,?0,#,#hash_5c5e418bf55e75e7,0,#hash_26fa299a879fe5d8,?0,0,false,#hash_7b48091c3d08eba5,false,false,false,false,true,#,#,0,0,0,true,#,false,#,0,false,
1369,0,1,#global,#hash_1eaffdbd7f765b07,#hash_7abab48d9259f07e,5000,0,?0,#,#hash_5c5e418bf55e75e7,0,#hash_8924d063d9ff7ce,?0,0,false,#hash_7b48091c3d08eba5,false,false,false,false,true,#,#,0,0,0,true,#,false,#,0,false,
1370,0,6,#global,#hash_5c5e418bf55e75e7,#hash_304589b7a12fcd86,10000,0,?0,#,#,0,#hash_1fa32dc8cca5f176,?0,0,false,#hash_7b48091c3d08eba5,false,true,false,true,false,#,#,0,0,0,true,#,false,#,0,false,
1371,0,250,#global,#hash_70a2e253d4eafa89,#hash_71c19d24d519f9a3,1500,0,?0,#,#,0,#hash_4756d7cf0b3cda75,?0,0,false,#hash_1050e5e050547d18,false,false,false,false,false,#,#,0,0,3,true,#,false,#hash_70689c2756a65f21,0,true,mtx_season_3
1372,0,25,#global,#hash_453743f534bcb9db,#hash_1cafa186cdf2de76,2000,1371,?0,#,#,0,#hash_775297bb6de2f486,?0,0,false,#hash_1050e5e050547d18,false,false,false,false,false,#,#,0,0,3,true,#,false,#hash_70689c2756a65f21,0,true,mtx_season_3
1373,0,1,#global,#hash_63e05acfb272a296,#hash_3d35f1fbb80e6603,2500,1372,?0,#,#,0,#hash_5ca068e876192895,?0,0,false,#hash_1050e5e050547d18,false,false,false,false,false,#,#,0,0,3,true,#,false,#hash_70689c2756a65f21,0,true,mtx_season_3
1374,0,3,#global,#hash_4c0d9457aef9aed2,#hash_789ee3b3823b593c,3000,1373,?0,#,#,0,#hash_52f801b9bbc9ddc4,?0,0,false,#hash_1050e5e050547d18,false,false,false,false,false,#,#,0,0,3,true,#,false,#hash_70689c2756a65f21,0,true,mtx_season_3
1375,0,10,#global,#hash_2f835612b65f4272,#hash_3d2f754972ad7447,1500,0,?0,#,#,0,#hash_57b95d1f9dd3f2d9,?0,0,false,#hash_1050e5e050547d18,false,false,false,false,false,#,#,0,0,3,true,#,false,#hash_7f9f7a55a86777c3,20,true,mtx_season_3
1376,0,50,#global,#hash_e822c99f16c5e3a,#hash_5bf0541b81cee86c,2000,1375,?0,#,#,0,#hash_2b655326d6a5b214,?0,0,false,#hash_1050e5e050547d18,false,false,false,false,false,#,#,0,0,3,true,#,false,#hash_7f9f7a55a86777c3,20,true,mtx_season_3
1377,0,50000,#global,#hash_6a861f1323ce4ae9,#hash_739af8edb3ac852a,2500,1376,?0,#,#,0,#hash_43a5d6c1022e511a,?0,0,false,#hash_1050e5e050547d18,false,false,false,false,false,#,#,0,0,3,true,#,false,#hash_7f9f7a55a86777c3,20,true,mtx_season_3
1378,0,1,#global,#hash_e9b414f0e35b790,#hash_3e4d7a4a51faff27,3000,1377,?0,#,#,0,#hash_2360ea912efe92f9,?0,0,false,#hash_1050e5e050547d18,false,false,false,false,false,#,#,0,0,3,true,#,false,#hash_7f9f7a55a86777c3,20,true,mtx_season_3
1379,0,1,#global,#hash_172d82afa5eb40a8,#hash_3793fa3e3ed1e865,10000,0,?0,#,#hash_2af02abad4aeb7cd,0,#hash_5a89bc4f618946f,?7,0,false,#darkops,false,false,false,false,true,#,#,0,0,0,false,#,false,#,0,false,
1380,0,250,#global,#hash_2dd97472bfdc1750,#hash_2f9fbb769ee48bb8,1500,0,?0,#,#,0,#hash_7acd0165786f59e0,?0,0,false,#hash_1050e5e050547d18,false,false,false,false,false,#,#,0,0,4,true,#,false,#hash_71717ef651cdedfb,0,true,mtx_season_4
1381,0,100,#global,#hash_4de87f4ac352d31c,#hash_3ecc7f1ae449e375,2000,1380,?0,#,#,0,#hash_4d45f65f24c9505f,?0,0,false,#hash_1050e5e050547d18,false,false,false,false,false,#,#,0,0,4,true,#,false,#hash_71717ef651cdedfb,0,true,mtx_season_4
1382,0,50,#global,#hash_70f048948f3fb670,#hash_59dc028a17af64ed,2500,1381,?0,#,#,0,#hash_67f69874dfd99b57,?0,0,false,#hash_1050e5e050547d18,false,false,false,false,false,#,#,0,0,4,true,#,false,#hash_71717ef651cdedfb,0,true,mtx_season_4
1383,0,1,#global,#hash_793cb36230ece12,#hash_4632054b45b6be14,3000,1382,?0,#,#,0,#hash_7cab9881eed0dc,?0,0,false,#hash_1050e5e050547d18,false,false,false,false,false,#,#,0,0,4,true,#,false,#hash_71717ef651cdedfb,0,true,mtx_season_4
1384,0,250,#global,#hash_2291cc79d49e6296,#hash_3c31f0ce9f942a71,1500,0,?0,#,#,0,#hash_76de980699f494cb,?0,0,false,#hash_1050e5e050547d18,false,false,false,false,false,#,#,0,0,4,true,#,false,#hash_1c4d471d9ce51f71,20,true,mtx_season_4
1385,0,60,#global,#hash_71fb6d66e0007d1d,#hash_54cec2e5f01fa9dc,2000,1384,?0,#,#,0,#hash_39629fa0fb684c24,?0,0,false,#hash_1050e5e050547d18,false,false,false,false,false,#,#,0,0,4,true,#,false,#hash_1c4d471d9ce51f71,20,true,mtx_season_4
1386,0,50,#global,#hash_7571a5aebc58c0df,#hash_3d02af245f9a20de,2500,1385,?0,#,#,0,#hash_411be26b39d58fee,?0,0,false,#hash_1050e5e050547d18,false,false,false,false,false,#,#,0,0,4,true,#,false,#hash_1c4d471d9ce51f71,20,true,mtx_season_4
1387,0,100,#global,#hash_3c1a94bb292d8e96,#hash_48ae367e460dd5ff,3000,1386,?0,#,#,0,#hash_7fe554ab37a8ddd1,?0,0,false,#hash_1050e5e050547d18,false,false,false,false,false,#,#,0,0,4,true,#,false,#hash_1c4d471d9ce51f71,20,true,mtx_season_4
1388,0,50,#global,#hash_5d5cac785e5018aa,#hash_62c6e1c7ba4f40ed,1500,0,?0,#,#,0,#hash_df5c861d8c3af57,?0,0,false,#hash_1050e5e050547d18,false,false,false,false,false,#,#,0,0,4,true,#,false,#hash_1c4d461d9ce51dbe,40,true,mtx_season_4
1389,0,25,#global,#hash_4bcd9e9baf9fef9d,#hash_51ed6c16199cc55a,2000,1388,?0,#,#,0,#hash_5b0e7949995531ea,?0,0,false,#hash_1050e5e050547d18,false,false,false,false,false,#,#,0,0,4,true,#,false,#hash_1c4d461d9ce51dbe,40,true,mtx_season_4
1390,0,50,#global,#hash_2ab68853897a8d0c,#hash_7ecb90b1309a6249,2500,1389,?0,#,#,0,#hash_5116e6cc74cc0203,?0,0,false,#hash_1050e5e050547d18,false,false,false,false,false,#,#,0,0,4,true,#,false,#hash_1c4d461d9ce51dbe,40,true,mtx_season_4
1391,0,5,#global,#hash_184d672dc3614f1f,#hash_1da120417fa0920c,3000,1390,?0,#,#,0,#hash_2dd8800cb733c274,?0,0,false,#hash_1050e5e050547d18,false,false,false,false,false,#,#,0,0,4,true,#,false,#hash_1c4d461d9ce51dbe,40,true,mtx_season_4
1392,0,25,#global,#hash_398fdc7794697d06,#hash_50441dbfd82d6239,1500,0,?0,#,#,0,#hash_ef381929d414613,?0,0,false,#hash_1050e5e050547d18,false,false,false,false,false,#,#,0,0,4,true,#,false,#hash_1c4d481d9ce52124,60,true,mtx_season_4
1393,0,50,#global,#hash_59685457ec89f211,#hash_14d9c1f763719fce,2000,1392,?0,#,#,0,#hash_4baf769ba235eb7e,?0,0,false,#hash_1050e5e050547d18,false,false,false,false,false,#,#,0,0,4,true,#,false,#hash_1c4d481d9ce52124,60,true,mtx_season_4
1394,0,25,#global,#hash_20ef0c16d41d9cd2,#hash_9c3d9780d137598,2500,1393,?0,#,#,0,#hash_39df98e845628580,?0,0,false,#hash_1050e5e050547d18,false,false,false,false,false,#,#,0,0,4,true,#,false,#hash_1c4d481d9ce52124,60,true,mtx_season_4
1395,0,50,#global,#hash_38a132ff33294724,#hash_6940b1e5ce074c97,3000,1394,?0,#,#,0,#hash_155ab7d0b7cdfa89,?0,0,false,#hash_1050e5e050547d18,false,false,false,false,false,#,#,0,0,4,true,#,false,#hash_1c4d481d9ce52124,60,true,mtx_season_4
1396,0,1,#global,#hash_774b3a384fb5ad,#hash_37aa551f62885cac,10000,0,?0,#,#hash_2af02abad4aeb7cd,0,#hash_623a9d47aa88d354,?a,0,false,#darkops,false,false,false,false,true,#,#,0,0,0,false,#,false,#,0,false,
1397,0,21,#global,#hash_3464a638f7ae0cf1,#hash_348e08c8ebb5942a,5000,0,?0,#,#hash_405bcd5604ca958f,0,#hash_6101eada0ee51e1a,?0,0,false,#zm_platinum,false,false,false,false,true,#,#,0,0,0,false,#,false,#,0,false,feature_map_zm_platinum
1398,0,16,#global,#hash_2edbb2ffba8d18c2,#hash_47c8e3428e4f5f71,5000,0,?0,#,#hash_405bcd5604ca958f,0,#hash_10b0225bcb4c13cb,?0,0,false,#zm_platinum,false,false,false,false,true,#,#,0,0,0,false,#,false,#,0,false,feature_map_zm_platinum
1399,0,11,#global,#hash_c3db4d34d330b35,#hash_4296eb71456f2606,5000,0,?0,#,#hash_405bcd5604ca958f,0,#hash_79ed79585b4a2af6,?0,0,false,#zm_platinum,false,false,false,false,true,#,#,0,0,0,false,#,false,#,0,false,feature_map_zm_platinum
1400,0,1,#global,#hash_5699cbd949051396,#hash_6887ddaabbda272d,5000,0,?0,#,#hash_405bcd5604ca958f,0,#hash_2ee29c0092961997,?0,0,false,#zm_platinum,false,false,false,false,true,#,#,0,0,0,false,#,false,#,0,false,feature_map_zm_platinum
1401,0,1,#global,#hash_63e962bd4021d604,#hash_473575218f9c349d,2500,0,?0,#,#hash_405bcd5604ca958f,0,#hash_34e95b2634bf47a7,?0,0,false,#zm_platinum,false,false,false,false,true,#,#,0,0,0,false,#,false,#,0,false,feature_map_zm_platinum
1402,0,1,#global,#hash_2e698f3f78ce7272,#hash_3d8658584ceea803,2500,0,?0,#,#hash_405bcd5604ca958f,0,#hash_34ae99c94226ae95,?0,0,false,#zm_platinum,false,false,false,false,true,#,#,0,0,0,false,#,false,#,0,false,feature_map_zm_platinum
1403,0,6,#global,#hash_405bcd5604ca958f,#hash_6fc01575c3a4cd88,5000,0,?0,#,#,0,#hash_1e548903b95d2090,?0,0,false,#zm_platinum,false,true,false,true,false,#,#,0,0,0,false,#,false,#,0,false,feature_map_zm_platinum
1404,0,1,#global,#hash_3e45baf53f91deb9,#hash_151533fad4238976,10000,0,?0,#,#hash_2af02abad4aeb7cd,0,#hash_53aeffadbe831586,?d,0,false,#darkops,false,false,false,false,true,#,#,0,0,0,false,#,false,#,0,false,feature_map_zm_platinum
1405,0,3,#global,#hash_67ed5d971276484f,#hash_1aaad3f719eb779b,2500,0,?0,#,#hash_53d56458688e1eda,0,#hash_7fd11f96e1356c4d,?0,0,false,#hash_ffc3ccdd7775557,false,false,false,false,true,#,#,0,0,0,true,#,false,#,0,false,mtx_season_5
1406,0,10,#global,#hash_64e4655b2bad9f63,#hash_50d0b671cb06acc1,1000,0,?0,#,#,0,#,?0,0,false,#hash_ffc3ccdd7775557,false,false,false,false,false,#,#,0,0,0,true,#,false,#,0,false,mtx_season_5
1407,1,25,#global,#hash_64e4655b2bad9f63,#hash_50d0b671cb06acc1,2500,0,?0,#,#,0,#,?0,0,false,#hash_ffc3ccdd7775557,false,false,false,false,false,#,#,0,0,0,true,#,false,#,0,false,mtx_season_5
1408,2,50,#global,#hash_64e4655b2bad9f63,#hash_50d0b671cb06acc1,5000,0,?0,#,#hash_53d56458688e1eda,0,#hash_6d601a55f89691bb,?0,0,false,#hash_ffc3ccdd7775557,false,false,false,false,true,#,#,0,0,0,true,#,false,#,0,false,mtx_season_5
1409,0,5,#global,#hash_68a05283e6b947f6,#hash_7f7aaeca75eb92f6,1000,0,?0,#,#,0,#,?0,0,false,#hash_ffc3ccdd7775557,false,false,false,false,false,#,#,0,0,0,true,#,false,#,0,false,mtx_season_5
1410,1,15,#global,#hash_68a05283e6b947f6,#hash_7f7aaeca75eb92f6,2500,0,?0,#,#,0,#,?0,0,false,#hash_ffc3ccdd7775557,false,false,false,false,false,#,#,0,0,0,true,#,false,#,0,false,mtx_season_5
1411,2,25,#global,#hash_68a05283e6b947f6,#hash_7f7aaeca75eb92f6,5000,0,?0,#,#hash_53d56458688e1eda,0,#hash_26171f54914dc206,?0,0,false,#hash_ffc3ccdd7775557,false,false,false,false,true,#,#,0,0,0,true,#,false,#,0,false,mtx_season_5
1412,0,50,#global,#hash_585b66ad59f45eae,#hash_1f767f067e205c38,1000,0,?0,#,#,0,#,?0,0,false,#hash_ffc3ccdd7775557,false,false,false,false,false,#,#,0,0,0,true,#,false,#,0,false,mtx_season_5
1413,1,150,#global,#hash_585b66ad59f45eae,#hash_1f767f067e205c38,2500,0,?0,#,#,0,#,?0,0,false,#hash_ffc3ccdd7775557,false,false,false,false,false,#,#,0,0,0,true,#,false,#,0,false,mtx_season_5
1414,2,250,#global,#hash_585b66ad59f45eae,#hash_1f767f067e205c38,5000,0,?0,#,#hash_53d56458688e1eda,0,#hash_21ec01bb6865fb60,?0,0,false,#hash_ffc3ccdd7775557,false,false,false,false,true,#,#,0,0,0,true,#,false,#,0,false,mtx_season_5
1415,0,50,#global,#hash_4264deaabcb7bb38,#hash_6e42babd4cf6ecc2,1000,0,?0,#,#,0,#,?0,0,false,#hash_ffc3ccdd7775557,false,false,false,false,false,#,#,0,0,0,true,#,false,#,0,false,mtx_season_5
1416,1,100,#global,#hash_4264deaabcb7bb38,#hash_6e42babd4cf6ecc2,2000,0,?0,#,#,0,#,?0,0,false,#hash_ffc3ccdd7775557,false,false,false,false,false,#,#,0,0,0,true,#,false,#,0,false,mtx_season_5
1417,2,250,#global,#hash_4264deaabcb7bb38,#hash_6e42babd4cf6ecc2,3000,0,?0,#,#,0,#,?0,0,false,#hash_ffc3ccdd7775557,false,false,false,false,false,#,#,0,0,0,true,#,false,#,0,false,mtx_season_5
1418,3,500,#global,#hash_4264deaabcb7bb38,#hash_6e42babd4cf6ecc2,4000,0,?0,#,#,0,#,?0,0,false,#hash_ffc3ccdd7775557,false,false,false,false,false,#,#,0,0,0,true,#,false,#,0,false,mtx_season_5
1419,4,1000,#global,#hash_4264deaabcb7bb38,#hash_6e42babd4cf6ecc2,5000,0,?0,#,#hash_53d56458688e1eda,0,#hash_73708662c803c552,?0,0,false,#hash_ffc3ccdd7775557,false,false,false,false,true,#,#,0,0,0,true,#,false,#,0,false,mtx_season_5
1420,0,1,#global,#hash_6c3dae3eba6c9c0c,#hash_a362d7130d32e34,2500,0,?0,#,#hash_53d56458688e1eda,0,#hash_17f29d793663733c,?0,0,false,#hash_ffc3ccdd7775557,false,false,false,false,true,#,#,0,0,0,true,#,false,#,0,false,mtx_season_5
1421,0,1,#global,#hash_110c57c2a15f9f1f,#hash_5709871c5416a02f,1000,0,?0,#,#,0,#,?0,0,false,#hash_ffc3ccdd7775557,false,false,false,false,false,#,#,0,0,0,true,#,false,#,0,false,mtx_season_5
1422,1,3,#global,#hash_110c57c2a15f9f1f,#hash_5709871c5416a02f,2500,0,?0,#,#,0,#,?0,0,false,#hash_ffc3ccdd7775557,false,false,false,false,false,#,#,0,0,0,true,#,false,#,0,false,mtx_season_5
1423,2,5,#global,#hash_110c57c2a15f9f1f,#hash_5709871c5416a02f,5000,0,?0,#,#hash_53d56458688e1eda,0,#hash_1a434b8dfb921ae1,?0,0,false,#hash_ffc3ccdd7775557,false,false,false,false,true,#,#,0,0,0,true,#,false,#,0,false,mtx_season_5
1424,0,25,#global,#hash_708cbf9c621c9597,#hash_795a8466d3a0d639,1000,0,?0,#,#,0,#,?0,0,false,#hash_ffc3ccdd7775557,false,false,false,false,false,#,#,0,0,0,true,#,false,#,0,false,mtx_season_5
1425,1,50,#global,#hash_708cbf9c621c9597,#hash_795a8466d3a0d639,2500,0,?0,#,#,0,#,?0,0,false,#hash_ffc3ccdd7775557,false,false,false,false,false,#,#,0,0,0,true,#,false,#,0,false,mtx_season_5
1426,2,100,#global,#hash_708cbf9c621c9597,#hash_795a8466d3a0d639,5000,0,?0,#,#hash_53d56458688e1eda,0,#hash_683a588874ef2213,?0,0,false,#hash_ffc3ccdd7775557,false,false,false,false,true,#,#,0,0,0,true,#,false,#,0,false,mtx_season_5
1427,0,10,#global,#hash_5698f14f777a2bf5,#hash_1ee3b1f18a6f16dd,1000,0,?0,#,#,0,#,?0,0,false,#hash_ffc3ccdd7775557,false,false,false,false,false,#,#,0,0,0,true,#,false,#,0,false,mtx_season_5
1428,1,25,#global,#hash_5698f14f777a2bf5,#hash_1ee3b1f18a6f16dd,2500,0,?0,#,#,0,#,?0,0,false,#hash_ffc3ccdd7775557,false,false,false,false,false,#,#,0,0,0,true,#,false,#,0,false,mtx_season_5
1429,2,50,#global,#hash_5698f14f777a2bf5,#hash_1ee3b1f18a6f16dd,5000,0,?0,#,#hash_53d56458688e1eda,0,#hash_5906a210629ae4e7,?0,0,false,#hash_ffc3ccdd7775557,false,false,false,false,true,#,#,0,0,0,true,#,false,#,0,false,mtx_season_5
1430,0,50,#global,#hash_7c268f858b56322e,#hash_46640c9798ab10c2,1000,0,?0,#,#,0,#,?0,0,false,#hash_ffc3ccdd7775557,false,false,false,false,false,#,#,0,0,0,true,#,false,#,0,false,mtx_season_5
1431,1,100,#global,#hash_7c268f858b56322e,#hash_46640c9798ab10c2,2000,0,?0,#,#,0,#,?0,0,false,#hash_ffc3ccdd7775557,false,false,false,false,false,#,#,0,0,0,true,#,false,#,0,false,mtx_season_5
1432,2,250,#global,#hash_7c268f858b56322e,#hash_46640c9798ab10c2,3000,0,?0,#,#,0,#,?0,0,false,#hash_ffc3ccdd7775557,false,false,false,false,false,#,#,0,0,0,true,#,false,#,0,false,mtx_season_5
1433,3,500,#global,#hash_7c268f858b56322e,#hash_46640c9798ab10c2,4000,0,?0,#,#,0,#,?0,0,false,#hash_ffc3ccdd7775557,false,false,false,false,false,#,#,0,0,0,true,#,false,#,0,false,mtx_season_5
1434,4,1000,#global,#hash_7c268f858b56322e,#hash_46640c9798ab10c2,5000,0,?0,#,#hash_53d56458688e1eda,0,#hash_4d05cb51c195b152,?0,0,false,#hash_ffc3ccdd7775557,false,false,false,false,true,#,#,0,0,0,true,#,false,#,0,false,mtx_season_5
1435,0,1,#global,#hash_53f2c142041511ec,#hash_2d3bab9d07b7247c,2500,0,?0,#,#hash_53d56458688e1eda,0,#hash_736f24d35d8e6d04,?0,0,false,#hash_ffc3ccdd7775557,false,false,false,false,true,#,#,0,0,0,true,#,false,#,0,false,mtx_season_5
1436,0,25,#global,#hash_7c5dfd9a8b4b34e,#hash_3e15b4c923df8fb6,1000,0,?0,#,#,0,#,?0,0,false,#hash_ffc3ccdd7775557,false,false,false,false,false,#,#,0,0,0,true,#,false,#,0,false,mtx_season_5
1437,1,50,#global,#hash_7c5dfd9a8b4b34e,#hash_3e15b4c923df8fb6,2500,0,?0,#,#,0,#,?0,0,false,#hash_ffc3ccdd7775557,false,false,false,false,false,#,#,0,0,0,true,#,false,#,0,false,mtx_season_5
1438,2,100,#global,#hash_7c5dfd9a8b4b34e,#hash_3e15b4c923df8fb6,5000,0,?0,#,#hash_53d56458688e1eda,0,#hash_725dfe1eb3f525c6,?0,0,false,#hash_ffc3ccdd7775557,false,false,false,false,true,#,#,0,0,0,true,#,false,#,0,false,mtx_season_5
1439,0,50,#global,#hash_2b4013f15361c880,#hash_11df9faa3f92ad5e,1000,0,?0,#,#,0,#,?0,0,false,#hash_ffc3ccdd7775557,false,false,false,false,false,#,#,0,0,0,true,#,false,#,0,false,mtx_season_5
1440,1,150,#global,#hash_2b4013f15361c880,#hash_11df9faa3f92ad5e,2500,0,?0,#,#,0,#,?0,0,false,#hash_ffc3ccdd7775557,false,false,false,false,false,#,#,0,0,0,true,#,false,#,0,false,mtx_season_5
1441,2,250,#global,#hash_2b4013f15361c880,#hash_11df9faa3f92ad5e,5000,0,?0,#,#hash_53d56458688e1eda,0,#hash_482d5c3b9ca0e56e,?0,0,false,#hash_ffc3ccdd7775557,false,false,false,false,true,#,#,0,0,0,true,#,false,#,0,false,mtx_season_5
1442,0,10,#global,#hash_a2f3ba1ce10b5da,#hash_1ea6769d9a19e45c,1000,0,?0,#,#,0,#,?0,0,false,#hash_ffc3ccdd7775557,false,false,false,false,false,#,#,0,0,0,true,#,false,#,0,false,mtx_season_5
1443,1,25,#global,#hash_a2f3ba1ce10b5da,#hash_1ea6769d9a19e45c,2500,0,?0,#,#,0,#,?0,0,false,#hash_ffc3ccdd7775557,false,false,false,false,false,#,#,0,0,0,true,#,false,#,0,false,mtx_season_5
1444,2,50,#global,#hash_a2f3ba1ce10b5da,#hash_1ea6769d9a19e45c,5000,0,?0,#,#hash_53d56458688e1eda,0,#hash_43d0e7d1e0e5eba4,?0,0,false,#hash_ffc3ccdd7775557,false,false,false,false,true,#,#,0,0,0,true,#,false,#,0,false,mtx_season_5
1445,0,50,#global,#hash_512344494f0da53e,#hash_710bfe204ebe10ca,1000,0,?0,#,#,0,#,?0,0,false,#hash_ffc3ccdd7775557,false,false,false,false,false,#,#,0,0,0,true,#,false,#,0,false,mtx_season_5
1446,1,100,#global,#hash_512344494f0da53e,#hash_710bfe204ebe10ca,2000,0,?0,#,#,0,#,?0,0,false,#hash_ffc3ccdd7775557,false,false,false,false,false,#,#,0,0,0,true,#,false,#,0,false,mtx_season_5
1447,2,250,#global,#hash_512344494f0da53e,#hash_710bfe204ebe10ca,3000,0,?0,#,#,0,#,?0,0,false,#hash_ffc3ccdd7775557,false,false,false,false,false,#,#,0,0,0,true,#,false,#,0,false,mtx_season_5
1448,3,500,#global,#hash_512344494f0da53e,#hash_710bfe204ebe10ca,4000,0,?0,#,#,0,#,?0,0,false,#hash_ffc3ccdd7775557,false,false,false,false,false,#,#,0,0,0,true,#,false,#,0,false,mtx_season_5
1449,4,1000,#global,#hash_512344494f0da53e,#hash_710bfe204ebe10ca,5000,0,?0,#,#hash_53d56458688e1eda,0,#hash_6ed6ee32a9b6dd7a,?0,0,false,#hash_ffc3ccdd7775557,false,false,false,false,true,#,#,0,0,0,true,#,false,#,0,false,mtx_season_5
1450,0,5,#global,#hash_15bf92bd80c31d99,#hash_d40723097cb37bd,1000,0,?0,#,#,0,#,?0,0,false,#hash_ffc3ccdd7775557,false,false,false,false,false,#,#,0,0,0,true,#,false,#,0,false,mtx_season_5
1451,1,10,#global,#hash_15bf92bd80c31d99,#hash_d40723097cb37bd,2500,0,?0,#,#,0,#,?0,0,false,#hash_ffc3ccdd7775557,false,false,false,false,false,#,#,0,0,0,true,#,false,#,0,false,mtx_season_5
1452,2,15,#global,#hash_15bf92bd80c31d99,#hash_d40723097cb37bd,5000,0,?0,#,#hash_53d56458688e1eda,0,#hash_17b351b93540c307,?0,0,false,#hash_ffc3ccdd7775557,false,false,false,false,true,#,#,0,0,0,true,#,false,#,0,false,mtx_season_5
1453,0,2,#global,#hash_7ae5fe673f863826,#hash_668cc9e77e5991e4,1000,0,?0,#,#,0,#,?0,0,false,#hash_ffc3ccdd7775557,false,false,false,false,false,#,#,0,0,0,true,#,false,#,0,false,mtx_season_5
1454,1,5,#global,#hash_7ae5fe673f863826,#hash_668cc9e77e5991e4,2500,0,?0,#,#,0,#,?0,0,false,#hash_ffc3ccdd7775557,false,false,false,false,false,#,#,0,0,0,true,#,false,#,0,false,mtx_season_5
1455,2,10,#global,#hash_7ae5fe673f863826,#hash_668cc9e77e5991e4,5000,0,?0,#,#hash_53d56458688e1eda,0,#hash_4c1a1671887314c,?0,0,false,#hash_ffc3ccdd7775557,false,false,false,false,true,#,#,0,0,0,true,#,false,#,0,false,mtx_season_5
1456,0,5,#global,#hash_ee7b7bd94593585,#hash_7b518b7c53a87bc9,1000,0,?0,#,#,0,#,?0,0,false,#hash_ffc3ccdd7775557,false,false,false,false,false,#,#,0,0,0,true,#,false,#,0,false,mtx_season_5
1457,1,15,#global,#hash_ee7b7bd94593585,#hash_7b518b7c53a87bc9,2500,0,?0,#,#,0,#,?0,0,false,#hash_ffc3ccdd7775557,false,false,false,false,false,#,#,0,0,0,true,#,false,#,0,false,mtx_season_5
1458,2,25,#global,#hash_ee7b7bd94593585,#hash_7b518b7c53a87bc9,5000,0,?0,#,#hash_53d56458688e1eda,0,#hash_1d7962ac384ede83,?0,0,false,#hash_ffc3ccdd7775557,false,false,false,false,true,#,#,0,0,0,true,#,false,#,0,false,mtx_season_5
1459,0,2,#global,#hash_5dc6f030420d1d6b,#hash_516249e7f632171b,1000,0,?0,#,#,0,#,?0,0,false,#hash_ffc3ccdd7775557,false,false,false,false,false,#,#,0,0,0,true,#,false,#,0,false,mtx_season_5
1460,1,5,#global,#hash_5dc6f030420d1d6b,#hash_516249e7f632171b,2500,0,?0,#,#,0,#,?0,0,false,#hash_ffc3ccdd7775557,false,false,false,false,false,#,#,0,0,0,true,#,false,#,0,false,mtx_season_5
1461,2,10,#global,#hash_5dc6f030420d1d6b,#hash_516249e7f632171b,5000,0,?0,#,#hash_53d56458688e1eda,0,#hash_4c80979e07101acd,?0,0,false,#hash_ffc3ccdd7775557,false,false,false,false,true,#,#,0,0,0,true,#,false,#,0,false,mtx_season_5
1462,0,50,#global,#hash_53751bfa0573d9b8,#hash_7d30e5afa29faa40,1000,0,?0,#,#,0,#,?0,0,false,#hash_ffc3ccdd7775557,false,false,false,false,false,#,#,0,0,0,true,#,false,#,0,false,mtx_season_5
1463,1,100,#global,#hash_53751bfa0573d9b8,#hash_7d30e5afa29faa40,2000,0,?0,#,#,0,#,?0,0,false,#hash_ffc3ccdd7775557,false,false,false,false,false,#,#,0,0,0,true,#,false,#,0,false,mtx_season_5
1464,2,250,#global,#hash_53751bfa0573d9b8,#hash_7d30e5afa29faa40,3000,0,?0,#,#,0,#,?0,0,false,#hash_ffc3ccdd7775557,false,false,false,false,false,#,#,0,0,0,true,#,false,#,0,false,mtx_season_5
1465,3,500,#global,#hash_53751bfa0573d9b8,#hash_7d30e5afa29faa40,4000,0,?0,#,#,0,#,?0,0,false,#hash_ffc3ccdd7775557,false,false,false,false,false,#,#,0,0,0,true,#,false,#,0,false,mtx_season_5
1466,4,1000,#global,#hash_53751bfa0573d9b8,#hash_7d30e5afa29faa40,5000,0,?0,#,#hash_53d56458688e1eda,0,#hash_7b9dd099f56e33c8,?0,0,false,#hash_ffc3ccdd7775557,false,false,false,false,true,#,#,0,0,0,true,#,false,#,0,false,mtx_season_5
1467,0,20,#global,#hash_53d56458688e1eda,#hash_462f81aea19e3bc1,10000,0,?0,#,#,0,#hash_4868934fd768debb,?0,0,false,#hash_ffc3ccdd7775557,false,true,false,true,false,#,#,0,0,0,true,#,false,#,0,false,mtx_season_5
1468,0,50,#common,#hash_76bf58f08a08d598,#hash_4af06b219625963,1500,0,?0,#,#,0,#hash_6754ece5671a8235,?0,0,false,#hash_1050e5e050547d18,false,false,false,false,true,#,#,24750492,0,5,true,#,false,#hash_4cc3c84feeb4b041,0,false,mtx_drop_10
1469,0,10,#common,#hash_76bf5bf08a08dab1,#hash_4af07b219625b16,2000,1468,?0,#,#,0,#hash_911288cc5f2c1e6,?0,0,false,#hash_1050e5e050547d18,false,false,false,false,true,#,#,24750492,0,5,true,#,false,#hash_4cc3c84feeb4b041,0,false,mtx_drop_10
1470,0,30000,#common,#hash_76bf5af08a08d8fe,#hash_4af08b219625cc9,2500,1469,?0,#,#,0,#hash_89ec390155ae183,?0,0,false,#hash_1050e5e050547d18,false,false,false,false,true,#,#,24750492,0,5,true,#,false,#hash_4cc3c84feeb4b041,0,false,mtx_drop_10
1471,0,4,#common,#hash_76bf5df08a08de17,#hash_4af09b219625e7c,3000,1470,?0,#,#,0,#hash_2a7d372fec9db04,?0,0,false,#hash_1050e5e050547d18,false,false,false,false,true,#,#,24750492,0,5,true,#,false,#hash_4cc3c84feeb4b041,0,false,mtx_drop_10
1472,0,50,#common,#hash_734f1d49f5395c1,#hash_7bd9dbf2c41492e6,1500,0,?0,#,#,0,#hash_68475a8245997916,?0,0,false,#hash_1050e5e050547d18,false,false,false,false,true,#,#,17912511,0,5,true,#,false,#hash_3d3ba2ecf4d30874,0,false,mtx_drop_10
1473,0,12,#common,#hash_734eed49f5390a8,#hash_7bd9daf2c4149133,2000,1472,?0,#,#,0,#hash_430c4924a57c4c25,?0,0,false,#hash_1050e5e050547d18,false,false,false,false,true,#,#,17912511,0,5,true,#,false,#hash_3d3ba2ecf4d30874,0,false,mtx_drop_10
1474,0,10,#common,#hash_734efd49f53925b,#hash_7bd9d9f2c4148f80,2500,1473,?0,#,#,0,#hash_112c66fe65995d08,?0,0,false,#hash_1050e5e050547d18,false,false,false,false,true,#,#,17912511,0,5,true,#,false,#hash_3d3ba2ecf4d30874,0,false,mtx_drop_10
1475,0,5,#common,#hash_734f4d49f539ada,#hash_7bd9e0f2c4149b65,3000,1474,?0,#,#,0,#hash_60a8a1be5a01cd6f,?0,0,false,#hash_1050e5e050547d18,false,false,false,false,true,#,#,17912511,0,5,true,#,false,#hash_3d3ba2ecf4d30874,0,false,mtx_drop_10
1476,0,50,#common,#hash_777767b99c350232,#hash_55cc6645baf35105,1500,0,?0,#,#,0,#hash_3ea33af84f51ccf,?0,0,false,#hash_1050e5e050547d18,false,false,false,false,true,#,#,33317504,0,5,true,#,false,#hash_7a22dc6feec296b4,0,false,mtx_drop_10
1477,0,3,#common,#hash_777766b99c35007f,#hash_55cc6345baf34bec,2000,1476,?0,#,#,0,#hash_7ae7e5f4356b2c94,?0,0,false,#hash_1050e5e050547d18,false,false,false,false,true,#,#,33317504,0,5,true,#,false,#hash_7a22dc6feec296b4,0,false,mtx_drop_10
1478,0,15,#common,#hash_777765b99c34fecc,#hash_55cc6445baf34d9f,2500,1477,?0,#,#,0,#hash_cf35502ea29e531,?0,0,false,#hash_1050e5e050547d18,false,false,false,false,true,#,#,33317504,0,5,true,#,false,#hash_7a22dc6feec296b4,0,false,mtx_drop_10
1479,0,1,#common,#hash_777764b99c34fd19,#hash_55cc6145baf34886,3000,1478,?0,#,#,0,#hash_99af4c9a92c8276,?0,0,false,#hash_1050e5e050547d18,false,false,false,false,true,#,#,33317504,0,5,true,#,false,#hash_7a22dc6feec296b4,0,false,mtx_drop_10
1480,0,50,#global,#hash_2d451e3bdc5fc297,#hash_4ea1e0ea96e60e1e,1500,0,?0,#,#,0,#hash_75ed95d48292a02e,?0,0,false,#hash_1050e5e050547d18,false,false,false,false,false,#,#,0,0,5,true,#,false,#hash_1d1d15360c795f59,0,true,mtx_season_5
1481,0,3,#global,#hash_39c86e169b57d8b5,#hash_7051563b4236b266,2000,1480,?0,#,#,0,#hash_699ae9ae6656a796,?0,0,false,#hash_1050e5e050547d18,false,false,false,false,false,#,#,0,0,5,true,#,false,#hash_1d1d15360c795f59,0,true,mtx_season_5
1482,0,3,#global,#hash_6d52ae8b2b73008b,#hash_1f82bc959778060d,2500,1481,?0,#,#,0,#hash_20ce99f73de5b737,?0,0,false,#hash_1050e5e050547d18,false,false,false,false,false,#,#,0,0,5,true,#,false,#hash_1d1d15360c795f59,0,true,mtx_season_5
1483,0,3,#global,#hash_232f596c7bb640f4,#hash_7cf77df49a093eba,3000,1482,?0,#,#,0,#hash_661941827f72498a,?0,0,false,#hash_1050e5e050547d18,false,false,false,false,false,#,#,0,0,5,true,#,false,#hash_1d1d15360c795f59,0,true,mtx_season_5
1484,0,10,#global,#hash_3c55e3e2a9134760,#hash_54880c95d5602b75,1500,0,?0,#,#,0,#hash_4d8aabc5d237285f,?0,0,false,#hash_1050e5e050547d18,false,false,false,false,false,#,#,0,0,5,true,#,false,#hash_1c4d4b1d9ce5263d,20,true,mtx_season_5
1485,0,50,#global,#hash_18b0754477746c0e,#hash_32cc317aa36ef237,2000,1484,?0,#,#,0,#hash_7bc3b3ee2dff4d69,?0,0,false,#hash_1050e5e050547d18,false,false,false,false,false,#,#,0,0,5,true,#,false,#hash_1c4d4b1d9ce5263d,20,true,mtx_season_5
1486,0,5,#global,#hash_3c5a993c0208d6a6,#hash_3aca44191799ec08,2500,1485,?0,#,#,0,#hash_5a3c4c799948ec10,?0,0,false,#hash_1050e5e050547d18,false,false,false,false,false,#,#,0,0,5,true,#,false,#hash_1c4d4b1d9ce5263d,20,true,mtx_season_5
1487,0,2,#global,#hash_5e9fbf4fb934f162,#hash_4e4460e27ceb143d,3000,1486,?0,#,#,0,#hash_199439e38d600887,?0,0,false,#hash_1050e5e050547d18,false,false,false,false,false,#,#,0,0,5,true,#,false,#hash_1c4d4b1d9ce5263d,20,true,mtx_season_5
1488,0,50,#global,#hash_76b222292bb7ea6a,#hash_7952a2444688c3c3,1500,0,?0,#,#,0,#hash_3d3b67e9e9191955,?0,0,false,#hash_1050e5e050547d18,false,false,false,false,false,#,#,0,0,5,true,#,false,#hash_1c4d491d9ce522d7,40,true,mtx_season_5
1489,0,25,#global,#hash_17759c33232585f,#hash_64d6410b466dfcd6,2000,1488,?0,#,#,0,#hash_30830755778b6da6,?0,0,false,#hash_1050e5e050547d18,false,false,false,false,false,#,#,0,0,5,true,#,false,#hash_1c4d491d9ce522d7,40,true,mtx_season_5
1490,0,5,#global,#hash_453e998083809449,#hash_921fce9a7f1ca97,2500,1489,?0,#,#,0,#hash_c54bd6bf7a8b489,?0,0,false,#hash_1050e5e050547d18,false,false,false,false,false,#,#,0,0,5,true,#,false,#hash_1c4d491d9ce522d7,40,true,mtx_season_5
1491,0,5,#global,#hash_7fa0fb7abd1293d1,#hash_234ba8236cf03f3d,3000,1490,?0,#,#,0,#hash_611c50f9c82da987,?0,0,false,#hash_1050e5e050547d18,false,false,false,false,false,#,#,0,0,5,true,#,false,#hash_1c4d491d9ce522d7,40,true,mtx_season_5
1492,0,25,#global,#hash_768adb0a89648a89,#hash_c22428d8ba8b065,1500,0,?0,#,#,0,#hash_2a31ce3053f7ec6f,?0,0,false,#hash_1050e5e050547d18,false,false,false,false,false,#,#,0,0,5,true,#,false,#hash_1c4d471d9ce51f71,60,true,mtx_season_5
1493,0,25,#global,#hash_d89d61477cee38f,#hash_182bb33766617de6,2000,1492,?0,#,#,0,#hash_3f7d37bc67a65a16,?0,0,false,#hash_1050e5e050547d18,false,false,false,false,false,#,#,0,0,5,true,#,false,#hash_1c4d471d9ce51f71,60,true,mtx_season_5
1494,0,50,#global,#hash_79af8de54e6f5a0a,#hash_5717297f38fa639,2500,1493,?0,#,#,0,#hash_71176302e0699213,?0,0,false,#hash_1050e5e050547d18,false,false,false,false,false,#,#,0,0,5,true,#,false,#hash_1c4d471d9ce51f71,60,true,mtx_season_5
1495,0,50,#global,#hash_42ad6596af9cd4d,#hash_1e4dfe13462cec9a,3000,1494,?0,#,#,0,#hash_7e8b0381a186a2a,?0,0,false,#hash_1050e5e050547d18,false,false,false,false,false,#,#,0,0,5,true,#,false,#hash_1c4d471d9ce51f71,60,true,mtx_season_5
1496,0,1,#global,#hash_78e5512f079af452,#hash_129f3502c7937315,2500,0,?0,#,#hash_51dde81caeacecdd,0,#hash_4ea4e98d79f2a7bf,?0,0,false,#hash_ffc3dcdd777570a,false,false,false,false,true,#,#,0,0,0,true,#,false,#,0,false,mtx_season_6
1497,0,5,#global,#hash_6077506b8728c093,#hash_575f300151bcb7cc,1000,0,?0,#,#,0,#,?0,0,false,#hash_ffc3dcdd777570a,false,false,false,false,false,#,#,0,0,0,true,#,false,#,0,false,mtx_season_6
1498,1,10,#global,#hash_6077506b8728c093,#hash_575f300151bcb7cc,2500,0,?0,#,#,0,#,?0,0,false,#hash_ffc3dcdd777570a,false,false,false,false,false,#,#,0,0,0,true,#,false,#,0,false,mtx_season_6
1499,2,15,#global,#hash_6077506b8728c093,#hash_575f300151bcb7cc,5000,0,?0,#,#hash_51dde81caeacecdd,0,#hash_296d716cd0d77a34,?0,0,false,#hash_ffc3dcdd777570a,false,false,false,false,true,#,#,0,0,0,true,#,false,#,0,false,mtx_season_6
1500,0,1,#global,#hash_6467b5d2acb35b8a,#hash_1b48bf8c86f31922,1000,0,?0,#,#,0,#,?0,0,false,#hash_ffc3dcdd777570a,false,false,false,false,false,#,#,0,0,0,true,#,false,#,0,false,mtx_season_6
1501,1,3,#global,#hash_6467b5d2acb35b8a,#hash_1b48bf8c86f31922,2500,0,?0,#,#,0,#,?0,0,false,#hash_ffc3dcdd777570a,false,false,false,false,false,#,#,0,0,0,true,#,false,#,0,false,mtx_season_6
1502,2,5,#global,#hash_6467b5d2acb35b8a,#hash_1b48bf8c86f31922,5000,0,?0,#,#hash_51dde81caeacecdd,0,#hash_2506b1f1f81484f2,?0,0,false,#hash_ffc3dcdd777570a,false,false,false,false,true,#,#,0,0,0,true,#,false,#,0,false,mtx_season_6
1503,0,10,#global,#hash_4801eab040b132f5,#hash_10c668ea11948e5c,1000,0,?0,#,#,0,#,?0,0,false,#hash_ffc3dcdd777570a,false,false,false,false,false,#,#,0,0,0,true,#,false,#,0,false,mtx_season_6
1504,1,25,#global,#hash_4801eab040b132f5,#hash_10c668ea11948e5c,2500,0,?0,#,#,0,#,?0,0,false,#hash_ffc3dcdd777570a,false,false,false,false,false,#,#,0,0,0,true,#,false,#,0,false,mtx_season_6
1505,2,50,#global,#hash_4801eab040b132f5,#hash_10c668ea11948e5c,5000,0,?0,#,#hash_51dde81caeacecdd,0,#hash_274cecb955b9a9a4,?0,0,false,#hash_ffc3dcdd777570a,false,false,false,false,false,#,#,0,0,0,true,#,false,#,0,false,mtx_season_6
1506,0,10,#global,#hash_7e74c2c266f4b3a8,#hash_4732943b7b790498,1000,0,?0,#,#,0,#,?0,0,false,#hash_ffc3dcdd777570a,false,false,false,false,false,#,#,0,0,0,true,#,false,#,0,false,mtx_season_6
1507,1,20,#global,#hash_7e74c2c266f4b3a8,#hash_4732943b7b790498,2000,0,?0,#,#,0,#,?0,0,false,#hash_ffc3dcdd777570a,false,false,false,false,false,#,#,0,0,0,true,#,false,#,0,false,mtx_season_6
1508,2,30,#global,#hash_7e74c2c266f4b3a8,#hash_4732943b7b790498,3000,0,?0,#,#,0,#,?0,0,false,#hash_ffc3dcdd777570a,false,false,false,false,false,#,#,0,0,0,true,#,false,#,0,false,mtx_season_6
1509,3,40,#global,#hash_7e74c2c266f4b3a8,#hash_4732943b7b790498,4000,0,?0,#,#,0,#,?0,0,false,#hash_ffc3dcdd777570a,false,false,false,false,false,#,#,0,0,0,true,#,false,#,0,false,mtx_season_6
1510,4,50,#global,#hash_7e74c2c266f4b3a8,#hash_4732943b7b790498,5000,0,?0,#,#hash_51dde81caeacecdd,0,#hash_40b3dc5c24ded280,?0,0,false,#hash_ffc3dcdd777570a,false,false,false,false,true,#,#,0,0,0,true,#,false,#,0,false,mtx_season_6
1511,0,1,#global,#hash_5be9c19eb061c8e,#hash_41fbf23bec9624de,2500,0,?0,#,#hash_51dde81caeacecdd,0,#hash_6848cca054f31bee,?0,0,false,#hash_ffc3dcdd777570a,false,false,false,false,true,#,#,0,0,0,true,#,false,#,0,false,mtx_season_6
1512,0,5,#global,#hash_4b940f1a2905c9ec,#hash_205d921ac65bf774,1000,0,?0,#,#,0,#,?0,0,false,#hash_ffc3dcdd777570a,false,false,false,false,false,#,#,0,0,0,true,#,false,#,0,false,mtx_season_6
1513,1,15,#global,#hash_4b940f1a2905c9ec,#hash_205d921ac65bf774,2500,0,?0,#,#,0,#,?0,0,false,#hash_ffc3dcdd777570a,false,false,false,false,false,#,#,0,0,0,true,#,false,#,0,false,mtx_season_6
1514,2,25,#global,#hash_4b940f1a2905c9ec,#hash_205d921ac65bf774,5000,0,?0,#,#hash_51dde81caeacecdd,0,#hash_430de5dd06151a7c,?0,0,false,#hash_ffc3dcdd777570a,false,false,false,false,true,#,#,0,0,0,true,#,false,#,0,false,mtx_season_6
1515,0,1,#global,#hash_679d2a2e1b786309,#hash_3dc4ca680ea838d4,1000,0,?0,#,#,0,#,?0,0,false,#hash_ffc3dcdd777570a,false,false,false,false,false,#,#,0,0,0,true,#,false,#,0,false,mtx_season_6
1516,1,3,#global,#hash_679d2a2e1b786309,#hash_3dc4ca680ea838d4,2500,0,?0,#,#,0,#,?0,0,false,#hash_ffc3dcdd777570a,false,false,false,false,false,#,#,0,0,0,true,#,false,#,0,false,mtx_season_6
1517,2,5,#global,#hash_679d2a2e1b786309,#hash_3dc4ca680ea838d4,5000,0,?0,#,#hash_51dde81caeacecdd,0,#hash_3b478eccd31dcf9c,?0,0,false,#hash_ffc3dcdd777570a,false,false,false,false,true,#,#,0,0,0,true,#,false,#,0,false,mtx_season_6
1518,0,25,#global,#hash_3139fa102654452a,#hash_589b7ef44d041787,1000,0,?0,#,#,0,#,?0,0,false,#hash_ffc3dcdd777570a,false,false,false,false,false,#,#,0,0,0,true,#,false,#,0,false,mtx_season_6
1519,1,50,#global,#hash_3139fa102654452a,#hash_589b7ef44d041787,2500,0,?0,#,#,0,#,?0,0,false,#hash_ffc3dcdd777570a,false,false,false,false,false,#,#,0,0,0,true,#,false,#,0,false,mtx_season_6
1520,2,100,#global,#hash_3139fa102654452a,#hash_589b7ef44d041787,5000,0,?0,#,#hash_51dde81caeacecdd,0,#hash_5921a8f8c2cdf619,?0,0,false,#hash_ffc3dcdd777570a,false,false,false,false,true,#,#,0,0,0,true,#,false,#,0,false,mtx_season_6
1521,0,50,#global,#hash_526aeb1ca606fe59,#hash_57e3050f4ae8db13,1000,0,?0,#,#,0,#,?0,0,false,#hash_ffc3dcdd777570a,false,false,false,false,false,#,#,0,0,0,true,#,false,#,0,false,mtx_season_6
1522,1,100,#global,#hash_526aeb1ca606fe59,#hash_57e3050f4ae8db13,2000,0,?0,#,#,0,#,?0,0,false,#hash_ffc3dcdd777570a,false,false,false,false,false,#,#,0,0,0,true,#,false,#,0,false,mtx_season_6
1523,2,150,#global,#hash_526aeb1ca606fe59,#hash_57e3050f4ae8db13,3000,0,?0,#,#,0,#,?0,0,false,#hash_ffc3dcdd777570a,false,false,false,false,false,#,#,0,0,0,true,#,false,#,0,false,mtx_season_6
1524,3,200,#global,#hash_526aeb1ca606fe59,#hash_57e3050f4ae8db13,4000,0,?0,#,#,0,#,?0,0,false,#hash_ffc3dcdd777570a,false,false,false,false,false,#,#,0,0,0,true,#,false,#,0,false,mtx_season_6
1525,4,250,#global,#hash_526aeb1ca606fe59,#hash_57e3050f4ae8db13,5000,0,?0,#,#hash_51dde81caeacecdd,0,#hash_7b5ce23f142397c5,?0,0,false,#hash_ffc3dcdd777570a,false,false,false,false,true,#,#,0,0,0,true,#,false,#,0,false,mtx_season_6
1526,0,1,#global,#hash_268fa1d97a2fab27,#hash_21dd82a8ad04bf6c,2500,0,?0,#,#hash_51dde81caeacecdd,0,#hash_2d88ad3b307dd714,?0,0,false,#hash_ffc3dcdd777570a,false,false,false,false,true,#,#,0,0,0,true,#,false,#,0,false,mtx_season_6
1527,0,2,#global,#hash_59ec774113410688,#hash_27a86d42caa24d03,1000,0,?0,#,#,0,#,?0,0,false,#hash_ffc3dcdd777570a,false,false,false,false,false,#,#,0,0,0,true,#,false,#,0,false,mtx_season_6
1528,1,5,#global,#hash_59ec774113410688,#hash_27a86d42caa24d03,2500,0,?0,#,#,0,#,?0,0,false,#hash_ffc3dcdd777570a,false,false,false,false,false,#,#,0,0,0,true,#,false,#,0,false,mtx_season_6
1529,2,10,#global,#hash_59ec774113410688,#hash_27a86d42caa24d03,5000,0,?0,#,#hash_51dde81caeacecdd,0,#hash_610b5c852bf17d95,?0,0,false,#hash_ffc3dcdd777570a,false,false,false,false,true,#,#,0,0,0,true,#,false,#,0,false,mtx_season_6
1530,0,1,#global,#hash_5a6d38dd5c5f950d,#hash_191df7ee5792592a,1000,0,?0,#,#,0,#,?0,0,false,#hash_ffc3dcdd777570a,false,false,false,false,false,#,#,0,0,0,true,#,false,#,0,false,mtx_season_6
1531,1,3,#global,#hash_5a6d38dd5c5f950d,#hash_191df7ee5792592a,2500,0,?0,#,#,0,#,?0,0,false,#hash_ffc3dcdd777570a,false,false,false,false,false,#,#,0,0,0,true,#,false,#,0,false,mtx_season_6
1532,2,5,#global,#hash_5a6d38dd5c5f950d,#hash_191df7ee5792592a,5000,0,?0,#,#hash_51dde81caeacecdd,0,#hash_4acf4c4df9d74d1a,?0,0,false,#hash_ffc3dcdd777570a,false,false,false,false,true,#,#,0,0,0,true,#,false,#,0,false,mtx_season_6
1533,0,5,#global,#hash_617a35610ee3f4c1,#hash_211df188d663538f,1000,0,?0,#,#,0,#,?0,0,false,#hash_ffc3dcdd777570a,false,false,false,false,false,#,#,0,0,0,true,#,false,#,0,false,mtx_season_6
1534,1,15,#global,#hash_617a35610ee3f4c1,#hash_211df188d663538f,2500,0,?0,#,#,0,#,?0,0,false,#hash_ffc3dcdd777570a,false,false,false,false,false,#,#,0,0,0,true,#,false,#,0,false,mtx_season_6
1535,2,20,#global,#hash_617a35610ee3f4c1,#hash_211df188d663538f,5000,0,?0,#,#hash_51dde81caeacecdd,0,#hash_2c56166293fae601,?0,0,false,#hash_ffc3dcdd777570a,false,false,false,false,true,#,#,0,0,0,true,#,false,#,0,false,mtx_season_6
1536,0,50,#global,#hash_3c8dc5747bf561e2,#hash_da919451e1bdbf3,1000,0,?0,#,#,0,#,?0,0,false,#hash_ffc3dcdd777570a,false,false,false,false,false,#,#,0,0,0,true,#,false,#,0,false,mtx_season_6
1537,1,100,#global,#hash_3c8dc5747bf561e2,#hash_da919451e1bdbf3,2000,0,?0,#,#,0,#,?0,0,false,#hash_ffc3dcdd777570a,false,false,false,false,false,#,#,0,0,0,true,#,false,#,0,false,mtx_season_6
1538,2,150,#global,#hash_3c8dc5747bf561e2,#hash_da919451e1bdbf3,3000,0,?0,#,#,0,#,?0,0,false,#hash_ffc3dcdd777570a,false,false,false,false,false,#,#,0,0,0,true,#,false,#,0,false,mtx_season_6
1539,3,200,#global,#hash_3c8dc5747bf561e2,#hash_da919451e1bdbf3,4000,0,?0,#,#,0,#,?0,0,false,#hash_ffc3dcdd777570a,false,false,false,false,false,#,#,0,0,0,true,#,false,#,0,false,mtx_season_6
1540,4,250,#global,#hash_3c8dc5747bf561e2,#hash_da919451e1bdbf3,5000,0,?0,#,#hash_51dde81caeacecdd,0,#hash_4720be18147c76e5,?0,0,false,#hash_ffc3dcdd777570a,false,false,false,false,true,#,#,0,0,0,true,#,false,#,0,false,mtx_season_6
1541,0,1,#global,#hash_9f4ad7eba874404,#hash_45278830818997a6,1000,0,?0,#,#hash_51dde81caeacecdd,0,#hash_4872c22a823538d6,?0,0,false,#hash_ffc3dcdd777570a,false,false,false,false,true,#,#,0,0,0,true,#,false,#,0,false,mtx_season_6
1542,0,5,#global,#hash_5440867be903f580,#hash_2e46727caba96ce8,1000,0,?0,#,#,0,#,?0,0,false,#hash_ffc3dcdd777570a,false,false,false,false,false,#,#,0,0,0,true,#,false,#,0,false,mtx_season_6
1543,1,15,#global,#hash_5440867be903f580,#hash_2e46727caba96ce8,2500,0,?0,#,#,0,#,?0,0,false,#hash_ffc3dcdd777570a,false,false,false,false,false,#,#,0,0,0,true,#,false,#,0,false,mtx_season_6
1544,2,25,#global,#hash_5440867be903f580,#hash_2e46727caba96ce8,5000,0,?0,#,#hash_51dde81caeacecdd,0,#hash_7f3a686afbe74b30,?0,0,false,#hash_ffc3dcdd777570a,false,false,false,false,true,#,#,0,0,0,true,#,false,#,0,false,mtx_season_6
1545,0,25,#global,#hash_3aade606855dd31b,#hash_f29324b67d73a03,1000,0,?0,#,#,0,#,?0,0,false,#hash_ffc3dcdd777570a,false,false,false,false,false,#,#,0,0,0,true,#,false,#,0,false,mtx_season_6
1546,1,50,#global,#hash_3aade606855dd31b,#hash_f29324b67d73a03,2500,0,?0,#,#,0,#,?0,0,false,#hash_ffc3dcdd777570a,false,false,false,false,false,#,#,0,0,0,true,#,false,#,0,false,mtx_season_6
1547,2,100,#global,#hash_3aade606855dd31b,#hash_f29324b67d73a03,5000,0,?0,#,#hash_51dde81caeacecdd,0,#hash_aae5d00048b2495,?0,0,false,#hash_ffc3dcdd777570a,false,false,false,false,true,#,#,0,0,0,true,#,false,#,0,false,mtx_season_6
1548,0,1,#global,#hash_46e6329f4b3c275d,#hash_6e851a8f0bb32719,1000,0,?0,#,#,0,#,?0,0,false,#hash_ffc3dcdd777570a,false,false,false,false,false,#,#,0,0,0,true,#,false,#,0,false,mtx_season_6
1549,1,3,#global,#hash_46e6329f4b3c275d,#hash_6e851a8f0bb32719,2500,0,?0,#,#,0,#,?0,0,false,#hash_ffc3dcdd777570a,false,false,false,false,false,#,#,0,0,0,true,#,false,#,0,false,mtx_season_6
1550,2,5,#global,#hash_46e6329f4b3c275d,#hash_6e851a8f0bb32719,5000,0,?0,#,#hash_51dde81caeacecdd,0,#hash_12bdb31b467922b3,?0,0,false,#hash_ffc3dcdd777570a,false,false,false,false,true,#,#,0,0,0,true,#,false,#,0,false,mtx_season_6
1551,0,50,#global,#hash_264f73a843a3e379,#hash_16dd131cab5a108b,1000,0,?0,#,#,0,#,?0,0,false,#hash_ffc3dcdd777570a,false,false,false,false,false,#,#,0,0,0,true,#,false,#,0,false,mtx_season_6
1552,1,100,#global,#hash_264f73a843a3e379,#hash_16dd131cab5a108b,2000,0,?0,#,#,0,#,?0,0,false,#hash_ffc3dcdd777570a,false,false,false,false,false,#,#,0,0,0,true,#,false,#,0,false,mtx_season_6
1553,2,250,#global,#hash_264f73a843a3e379,#hash_16dd131cab5a108b,3000,0,?0,#,#,0,#,?0,0,false,#hash_ffc3dcdd777570a,false,false,false,false,false,#,#,0,0,0,true,#,false,#,0,false,mtx_season_6
1554,3,500,#global,#hash_264f73a843a3e379,#hash_16dd131cab5a108b,4000,0,?0,#,#,0,#,?0,0,false,#hash_ffc3dcdd777570a,false,false,false,false,false,#,#,0,0,0,true,#,false,#,0,false,mtx_season_6
1555,4,1000,#global,#hash_264f73a843a3e379,#hash_16dd131cab5a108b,5000,0,?0,#,#hash_51dde81caeacecdd,0,#hash_b2bc5bfa1c6949d,?0,0,false,#hash_ffc3dcdd777570a,false,false,false,false,true,#,#,0,0,0,true,#,false,#,0,false,mtx_season_6
1556,0,20,#global,#hash_51dde81caeacecdd,#hash_6e1281070890cb9f,5000,0,?0,#,#,0,#hash_41160407063d9f31,?0,0,false,#hash_ffc3dcdd777570a,false,true,false,true,false,#,#,0,0,0,true,#,false,#,0,false,mtx_season_6
1557,0,5,#global,#hash_7157c967c371c77c,#hash_2374ae7edb585fe4,2500,0,?0,#,#,0,#hash_40ab9da9225cdb4c,?0,0,false,#hash_1050e5e050547d18,false,false,false,false,false,#,#,0,0,6,true,#,false,#hash_6702092755c542d6,0,false,mtx_season_6
1558,0,25,#global,#hash_aaa9c900cdfefaa,#hash_22af0c1cf06ba09b,2000,1557,?0,#,#,0,#hash_597e009b8cbf474d,?0,0,false,#hash_1050e5e050547d18,false,false,false,false,false,#,#,0,0,6,true,#,false,#hash_6702092755c542d6,0,false,mtx_season_6
1559,0,1,#global,#hash_1b4587ccc6718a54,#hash_217d8700b6a7ece7,2500,1558,?0,#,#,0,#hash_4c4a8cacbc47b5b9,?0,0,false,#hash_1050e5e050547d18,false,false,false,false,false,#,#,0,0,6,true,#,false,#hash_6702092755c542d6,0,false,mtx_season_6
1560,0,2,#global,#hash_4b723faebc6cb297,#hash_201fd5b8764f82f1,3000,1559,?0,#,#,0,#hash_6fdfb465068cce4b,?0,0,false,#hash_1050e5e050547d18,false,false,false,false,false,#,#,0,0,6,true,#,false,#hash_6702092755c542d6,0,false,mtx_season_6
1561,0,5,#global,#hash_1dce8a1f4224e648,#hash_28c97e577aef1173,1500,0,?0,#,#,0,#hash_36967bee70d12765,?0,0,false,#hash_1050e5e050547d18,false,false,false,false,false,#,#,0,0,6,true,#,false,#hash_10d99c51363d023b,20,false,mtx_season_6
1562,0,5,#global,#hash_4fda6c4372b053eb,#hash_1d0ae3e7cb7b39da,2000,1561,?0,#,#,0,#hash_176cc28ff2193f6a,?0,0,false,#hash_1050e5e050547d18,false,false,false,false,false,#,#,0,0,6,true,#,false,#hash_10d99c51363d023b,20,false,mtx_season_6
1563,0,5,#global,#hash_5819ea0165c41e4,#hash_480e1b257b160d8c,2500,1562,?0,#,#,0,#hash_52cba5e4374584f4,?0,0,false,#hash_1050e5e050547d18,false,false,false,false,false,#,#,0,0,6,true,#,false,#hash_10d99c51363d023b,20,false,mtx_season_6
1564,0,25,#global,#hash_4d5ecc0ade47e69b,#hash_31e7a76ccfbdc4cc,3000,1563,?0,#,#,0,#hash_750ba9d6fda18134,?0,0,false,#hash_1050e5e050547d18,false,false,false,false,false,#,#,0,0,6,true,#,false,#hash_10d99c51363d023b,20,false,mtx_season_6
1565,0,25,#global,#hash_1b510c3803746a43,#hash_6a6df72163e5266d,1500,0,?0,#,#,0,#hash_4afbd797d1426fd7,?0,0,false,#hash_1050e5e050547d18,false,false,false,false,false,#,#,0,0,6,true,#,false,#hash_70a73affe7ecd67a,40,false,mtx_season_6
1566,0,50,#global,#hash_1c411a909421fc85,#hash_392662b9c27194f0,2000,1565,?0,#,#,0,#hash_f4f9788e01a4e58,?0,0,false,#hash_1050e5e050547d18,false,false,false,false,false,#,#,0,0,6,true,#,false,#hash_70a73affe7ecd67a,40,false,mtx_season_6
1567,0,5,#global,#hash_7c2104436691d80d,#hash_420f52edd37a9873,2500,1566,?0,#,#,0,#hash_6bd88cb61dac5c65,?0,0,false,#hash_1050e5e050547d18,false,false,false,false,false,#,#,0,0,6,true,#,false,#hash_70a73affe7ecd67a,40,false,mtx_season_6
1568,0,15,#global,#hash_518010f809e66024,#hash_5358b79e51c07b4c,3000,1567,?0,#,#,0,#hash_27814fc435bf14b4,?0,0,false,#hash_1050e5e050547d18,false,false,false,false,false,#,#,0,0,6,true,#,false,#hash_70a73affe7ecd67a,40,false,mtx_season_6
1569,0,20000,#global,#hash_3c096a414d5b9096,#hash_6acc7648fcf82697,1500,0,?0,#,#,0,#hash_7119660df364889,?0,0,false,#hash_1050e5e050547d18,false,false,false,false,false,#,#,0,0,6,true,#,false,#hash_35640e9ffafb0a55,10,false,mtx_season_6
1570,0,50,#global,#hash_c602b888cc99522,#hash_7ccd984baae733,2000,1569,?0,#,#,0,#hash_3bbe04aede3b8e25,?0,0,false,#hash_1050e5e050547d18,false,false,false,false,false,#,#,0,0,6,true,#,false,#hash_35640e9ffafb0a55,10,false,mtx_season_6
1571,0,25,#global,#hash_4124fad6c16b36d3,#hash_241c985de1fbed67,2500,1570,?0,#,#,0,#hash_7620cfcfed78e739,?0,0,false,#hash_1050e5e050547d18,false,false,false,false,false,#,#,0,0,6,true,#,false,#hash_35640e9ffafb0a55,10,false,mtx_season_6
1572,0,25,#global,#hash_120456cb37b4ac3b,#hash_59a66c2844d422ba,3000,1571,?0,#,#,0,#hash_4e2cf225ea50758a,?0,0,false,#hash_1050e5e050547d18,false,false,false,false,false,#,#,0,0,6,true,#,false,#hash_35640e9ffafb0a55,10,false,mtx_season_6
1573,0,50,#common,#hash_24abaa59aafa466b,#hash_55e7ba72c4d4c243,1500,0,?0,#,#,0,#hash_70e57e8415d84d5,?0,0,false,#hash_1050e5e050547d18,false,false,false,false,true,#,#,23706659,0,6,true,#,false,#hash_1f80861358483d86,0,false,mtx_season_6
1574,0,3,#common,#hash_24abab59aafa481e,#hash_55e7bb72c4d4c3f6,2000,1573,?0,#,#,0,#hash_56adf5fac2c5b506,?0,0,false,#hash_1050e5e050547d18,false,false,false,false,true,#,#,23706659,0,6,true,#,false,#hash_1f80861358483d86,0,false,mtx_season_6
1575,0,12,#common,#hash_24abac59aafa49d1,#hash_55e7bc72c4d4c5a9,2500,1574,?0,#,#,0,#hash_7c63c3d1946feca3,?0,0,false,#hash_1050e5e050547d18,false,false,false,false,true,#,#,23706659,0,6,true,#,false,#hash_1f80861358483d86,0,false,mtx_season_6
1576,0,3,#common,#hash_24abad59aafa4b84,#hash_55e7bd72c4d4c75c,3000,1575,?0,#,#,0,#hash_1efb3e75d629b4a4,?0,0,false,#hash_1050e5e050547d18,false,false,false,false,true,#,#,23706659,0,6,true,#,false,#hash_1f80861358483d86,0,false,mtx_season_6
1577,0,50,#common,#hash_3d9159bfdb045054,#hash_63117137028d4dbe,1500,0,?0,#,#,0,#hash_1cfbbcf50721d60e,?0,0,false,#hash_1050e5e050547d18,false,false,false,false,true,#,#,27540904,0,6,true,#,false,#hash_381c15994be5cdbc,0,false,mtx_season_6
1578,0,1,#common,#hash_3d915cbfdb04556d,#hash_63117037028d4c0b,2000,1577,?0,#,#,0,#hash_76d7dee76db9971d,?0,0,false,#hash_1050e5e050547d18,false,false,false,false,true,#,#,27540904,0,6,true,#,false,#hash_381c15994be5cdbc,0,false,mtx_season_6
1579,0,30000,#common,#hash_3d915bbfdb0453ba,#hash_63116f37028d4a58,2500,1578,?0,#,#,0,#hash_40785ef8bfb59540,?0,0,false,#hash_1050e5e050547d18,false,false,false,false,true,#,#,27540904,0,6,true,#,false,#hash_381c15994be5cdbc,0,false,mtx_season_6
1580,0,5,#common,#hash_3d9156bfdb044b3b,#hash_63117637028d563d,3000,1579,?0,#,#,0,#hash_1332c434c8738e87,?0,0,false,#hash_1050e5e050547d18,false,false,false,false,true,#,#,27540904,0,6,true,#,false,#hash_381c15994be5cdbc,0,false,mtx_season_6
1581,0,50,#common,#hash_3a26c6202d86ed8d,#hash_95e2e4cdb4e57ee,1500,0,?0,#,#,0,#hash_75f99a597f33cde,?0,0,false,#hash_1050e5e050547d18,false,false,false,false,true,#,#,28670533,0,6,true,#,false,#hash_319cbf14b4fdff70,0,false,mtx_season_6
1582,0,10,#common,#hash_3a26c3202d86e874,#hash_95e2d4cdb4e563b,2000,1581,?0,#,#,0,#hash_653f020afd865d2d,?0,0,false,#hash_1050e5e050547d18,false,false,false,false,true,#,#,28670533,0,6,true,#,false,#hash_319cbf14b4fdff70,0,false,mtx_season_6
1583,0,10,#common,#hash_3a26c4202d86ea27,#hash_95e2c4cdb4e5488,2500,1582,?0,#,#,0,#hash_55fa839bad25590,?0,0,false,#hash_1050e5e050547d18,false,false,false,false,true,#,#,28670533,0,6,true,#,false,#hash_319cbf14b4fdff70,0,false,mtx_season_6
1584,0,3,#common,#hash_3a26c1202d86e50e,#hash_95e334cdb4e606d,3000,1583,?0,#,#,0,#hash_5736daa376f7ddd7,?0,0,false,#hash_1050e5e050547d18,false,false,false,false,true,#,#,28670533,0,6,true,#,false,#hash_319cbf14b4fdff70,0,false,mtx_season_6
1585,0,50,#common,#hash_7208e21496453ace,#hash_723f36112fac3328,1500,0,?0,#,#,0,#hash_2e458117d1f28a70,?0,0,false,#hash_1050e5e050547d18,false,false,false,false,true,#,#,24657413,0,6,true,#,false,#hash_70a73affe7ecd67a,0,false,mtx_season_6
1586,0,25,#common,#hash_7208e1149645391b,#hash_723f39112fac3841,2000,1585,?0,#,#,0,#hash_5f62e4d9fcde843b,?0,0,false,#hash_1050e5e050547d18,false,false,false,false,true,#,#,24657413,0,6,true,#,false,#hash_70a73affe7ecd67a,0,false,mtx_season_6
1587,0,12,#common,#hash_7208e01496453768,#hash_723f38112fac368e,2500,1586,?0,#,#,0,#hash_b1d07c259abcc3e,?0,0,false,#hash_1050e5e050547d18,false,false,false,false,true,#,#,24657413,0,6,true,#,false,#hash_70a73affe7ecd67a,0,false,mtx_season_6
1588,0,3,#common,#hash_7208e7149645434d,#hash_723f3b112fac3ba7,3000,1587,?0,#,#,0,#hash_120830807915f879,?0,0,false,#hash_1050e5e050547d18,false,false,false,false,true,#,#,24657413,0,6,true,#,false,#hash_70a73affe7ecd67a,0,false,mtx_season_6
1589,0,15,#global,#hash_43cf01ce2a0622c9,#hash_21bdaba4572eadf6,5000,0,?0,#,#hash_6a5a02b577e1c527,0,#hash_5cded4c0cc6f3306,?0,0,false,#zm_tungsten,false,false,false,false,true,#,#,0,0,0,false,#,false,#,0,false,feature_map_zm_tungsten
1590,0,8,#global,#hash_b672726889db04a,#hash_4503c2bd994f4041,5000,0,?0,#,#hash_6a5a02b577e1c527,0,#hash_43060a7bd03a9c3b,?0,0,false,#zm_tungsten,false,false,false,false,true,#,#,0,0,0,false,#,false,#,0,false,feature_map_zm_tungsten
1591,0,13,#global,#hash_444372d7b49ca39a,#hash_533f198f74ec8b8d,5000,0,?0,#,#hash_6a5a02b577e1c527,0,#hash_37e1a76ed3bc57b7,?0,0,false,#zm_tungsten,false,false,false,false,true,#,#,0,0,0,false,#,false,#,0,false,feature_map_zm_tungsten
1592,0,1,#global,#hash_2157c2e652a3a1e4,#hash_135370bc37e848c1,5000,0,?0,#,#hash_6a5a02b577e1c527,0,#hash_d8a50fea26de5bb,?0,0,false,#zm_tungsten,false,false,false,false,true,#,#,0,0,0,false,#,false,#,0,false,feature_map_zm_tungsten
1593,0,1,#global,#hash_73bcca6cdadc5ddc,#hash_44419fdf958d73c1,2500,0,?0,#,#hash_6a5a02b577e1c527,0,#hash_7608ca69821b86bb,?0,0,false,#zm_tungsten,false,false,false,false,true,#,#,0,0,0,false,#,false,#,0,false,feature_map_zm_tungsten
1594,0,1,#global,#hash_307ac432179b93ba,#hash_34357a2383e11fb7,2500,0,?0,#,#hash_6a5a02b577e1c527,0,#hash_7f59b49fcb7de5e9,?0,0,false,#zm_tungsten,false,false,false,false,true,#,#,0,0,0,false,#,false,#,0,false,feature_map_zm_tungsten
1595,0,6,#global,#hash_6a5a02b577e1c527,#hash_1602c583de1e4a84,5000,0,?0,#,#,0,#hash_5a408bf81c66e5ac,?0,0,false,#zm_tungsten,false,true,false,true,false,#,#,0,0,0,false,#,false,#,0,false,feature_map_zm_tungsten
1596,0,1,#global,#hash_534c9832ce5fb8e1,#hash_4096f3f43370603a,10000,0,?0,#,#hash_2af02abad4aeb7cd,0,#hash_2e076a0e5cb33e0a,?10,0,false,#darkops,false,false,false,false,true,#,#,0,0,0,false,#,false,#,0,false,feature_map_zm_tungsten
1597,0,1,#global,#hash_6b661e56021d4c49,#hash_2d3887fb9aab43da,10000,0,?0,#,#,0,#hash_700a72b80bd11d6a,?13,0,false,#darkops,false,false,false,false,true,#,#,0,0,0,true,#,false,#,0,false,
1598,0,1,#global,#hash_3a1e0f80bb1fc682,#hash_6170a5a2cd37ca2b,2500,0,?0,#,#,0,#hash_7f78705d1e9457d,?0,0,false,#hash_37fb21afea61a92a,false,false,false,false,true,#,#,0,0,0,false,#,false,#,0,false,
1599,0,1,#global,#hash_55555c9902aaba01,#hash_3bb03b77e2e153fc,2500,0,?0,#,#,0,#hash_35aaeb6bbf09cb84,?0,0,false,#hash_37fb21afea61a92a,false,false,false,false,true,#,#,0,0,0,false,#,false,#,0,false,
1600,0,1,#global,#hash_29dfe2453ddf80ae,#hash_269f0560d006692b,2500,0,?0,#,#,0,#hash_e70121086a6c27d,?0,0,false,#hash_37fb21afea61a92a,false,false,false,false,true,#,#,0,0,0,false,#,false,#,0,false,
1601,0,1,#global,#hash_4b37fc756befb798,#hash_61b35d60cf797089,2500,0,?0,#,#,0,#hash_1b8673136b9e443,?0,0,false,#hash_37fb21afea61a92a,false,false,false,false,true,#,#,0,0,0,false,#,false,#,0,false,
1602,0,1,#global,#hash_5be51e5d5cd87967,#hash_3e646c2bc91b4742,2500,0,?0,#,#,0,#hash_34dc4bec450bc4d2,?0,0,false,#hash_37fb21afea61a92a,false,false,false,false,true,#,#,0,0,0,false,#,false,#,0,false,
1603,0,1,#global,#hash_42135ae3e30a83ab,#hash_7a4cc38505b52ece,2500,0,?0,#,#,0,#hash_1a03b3d7c8c387e,?0,0,false,#hash_37fb21afea61a92a,false,false,false,false,true,#,#,0,0,0,false,#,false,#,0,false,
